pathway	P34104_257	P34104_301	P34104_302	P34104_303	P34104_304	P34104_305	P34104_306	P34104_307	P34104_308	P34104_309	P34104_310	P34104_311	P34104_312	P34104_313	P34104_314	P34104_315	P34104_316	P34104_317	P34104_318	P34104_319	P34104_320	P34104_321	P34104_322	P34104_323	P34104_325	P34104_326	P34104_327	P34104_328	P34104_329	P34104_330	P34104_331	P34104_333	P34104_334	P34104_335	P34104_336	P34104_338	P34104_339	P34104_340	P34104_341	P34104_342	P34104_343	P34104_344	P34104_345	P34104_347	P34104_348	P34104_349	P34104_350	P34104_351	P34104_353	P34104_354	P34104_355	P34104_356	P34104_357	P34104_358	P34104_359	P34104_360	P34104_361	P34104_362	P34104_363	P34104_365	P34104_366	P34104_367	P34104_370	P34104_371	P34104_372	P34104_373	P34104_374
12DICHLORETHDEG-PWY	17597.115170862602	403.8105471740861	1121.0446480003893	469.44193287993744	716.1374982892698	616.3653495481761	3804.4509586117824	945.2076934914452	265.19630748492165	1515.0003917345764	238.98078373852817	11760.419345298516	7518.183167339014	563.9521868617975	21016.218358797127	204.6912446131489	1133.5201300535093	0.0	389.18576527758484	451.6818779096746	162.1978021978022	1456.0776188661619	502.3562486879603	10379.80804997679	5229.281836344338	3472.3963382347247	4926.4382901931585	27557.25731941359	43713.426822534675	982.3327362040143	0.0	1893.6547510031314	17996.434292808324	33393.18889790917	15924.889289139643	281.56915445494167	3075.6035724247386	15491.432007402269	8134.45293824735	28554.659868620205	569.710944349829	80.71153065911106	1996.0775160264714	0.0	1427.036645454252	79.86657060518733	5566.107647192024	864.958776866209	20988.3065375867	5201.301777853806	4056.363435636337	15999.976809489339	103.31869547631294	97.6860718039842	825.8270028316304	0.0	1817.0804750010486	43.217385361853346	2263.791429950874	54.14224380819492	1598.5585540517297	215.10597976260243	8.42302177739751	14.65130618547465	3297.2714975531267	8000.57219216017	7.884841363102232
14DICHLORBENZDEG-PWY	2783.119508762856	187.65360148813284	516.645562887106	6907.622277689159	1251.680658884975	1229.5724744465963	46129.26327050095	353.82034597021203	377.06751049832855	2000.5688525652038	19.87102931503669	10366.110495181058	5190.970191799281	214.52884891566217	42661.69609948969	2734.7614069460633	1124.3711371783495	57.554633737497916	3221.9959470859894	322.4805878076425	165.38909384239096	1547.0811857425908	134.2109798891894	25132.744159288395	15513.65054979151	47063.318926499865	11495.047995156896	13904.982164735125	32456.012439846174	1094.4915478526423	5526.8714578148665	2947.3232318922396	11146.753531820632	22499.719391563878	12866.973605560243	459.49332534344177	43797.891094574494	6765.329240274548	46798.45051655793	35411.456032514856	549.4657994241725	206.98685439264423	600.4755118591155	2645.2070843909537	7481.7901318669765	0.0	11927.930116972404	1730.533169308787	19102.774569088386	691.2836762207294	4857.408450704226	25692.207365497634	25.15221072436501	76.90334934046564	539.5274438807933	16.82696629213483	816.5404283599593	39.46277372262774	5809.838998107243	49.13732740647496	1180.3844884715813	66.50216977975259	0.0	5.240575677203356	964.544906579705	854.2722839446498	18.651583344780498
1CMET2-PWY	378517.7881567646	174521.68117191095	140986.30440962032	351574.5629801323	335603.9151443753	211021.83092070534	215476.50130912088	215864.52957357475	240450.39528970883	191789.78419919763	126148.77005549187	184428.1894779854	304918.12594467675	134365.65733367126	369066.0020101473	78274.24365287411	91274.5391317659	141684.4986994759	106772.12506774254	53294.11337596222	126250.36903669508	177795.9895321691	146269.50322345702	206506.5558273971	238568.50192775682	249369.9091564173	239035.9536771617	247955.4245957412	253939.40141536447	207994.94055033312	5633.302470140769	10671.455566725852	213991.5585618841	300669.1622630011	137056.45317224076	92144.84843630657	191918.51584926143	326246.01364319935	286222.530609621	200318.00196072855	167801.84500389127	108206.2636409954	132825.4575711821	79245.64694422133	100022.25613111236	24607.918632733465	123291.07673200281	70564.62085169814	175756.26503039023	202940.39714106047	158314.11816294017	352009.94320305693	133080.04284828945	61979.08572445349	100630.49654258403	98835.31941878253	134589.13052173672	59263.60668518462	204957.0944724866	139087.5342905322	130860.98204779525	74118.50264670167	125321.52099368203	82762.23055814934	157059.45542903335	189555.78419902181	179220.51119324513
3-HYDROXYPHENYLACETATE-DEGRADATION-PWY	6482.701602727588	89.57902026310116	14307.974032260794	7109.534389526997	6405.112310413713	958.3292136692277	1361.0838101435827	5650.153327767682	6894.313609638935	7961.421893625727	16.300769437773	1918.4002117514735	1636.7383257128922	0.0	3892.1106844088067	30.009633169160402	0.0	0.0	0.0	414.6881420813205	2278.775451901972	5969.8267054202815	1251.0086252460417	431.62776749496595	810.5060494288251	143.23461459334817	83.73559902151985	3886.938347450576	9247.349537652506	381.43305002319397	0.0	857.620959300816	1268.4788113208663	2574.407314476535	0.0	0.0	269.68027905118277	69616.10856792811	3370.760080824783	949.039063572806	0.0	0.0	464.8767250520015	0.0	214.40983896315015	0.0	272.76166815734155	0.0	2281.9937773610977	0.0	0.0	459.18259596559034	0.0	55.057335394289304	884.2657413313011	0.0	999.6208878560861	0.0	0.0	0.0	463.1180681698468	0.0	0.0	0.0	14618.710351287107	5841.648773677623	8671.377965647822
4-HYDROXYMANDELATE-DEGRADATION-PWY	2858.514850000893	0.0	19.900585940982314	3689.359097115321	3024.2731280153125	390.96151706893585	1771.327277854534	109.97511077755227	118.12385570754229	421.5401766271612	0.0	3779.8544911761446	1496.9488688792092	11.641249831822494	8717.91252253236	73.5437965072359	0.0	0.0	99.63629209036682	402.8440994977243	291.94947958481947	3343.389290014553	1104.713347399779	2982.0692078301213	3604.024444530605	1015.5397859628143	3222.311386378144	23.95585122457639	4297.764983175464	394.8004609828177	0.0	842.9584602183211	1136.9336164622175	2636.233468178513	2488.053897476339	0.0	480.60309734556694	494.09071595987444	2534.8635818059765	145.15576910207307	0.0	0.0	116.49979926698623	153.65540087044414	0.0	0.0	4151.3736834831425	0.0	121.88886547086337	139.22122200143028	209.12595565265707	863.8329680079271	108.63830134489531	80.18006786190362	634.546080425207	0.0	296.44479806385885	0.0	161.42102495423654	0.0	38.375380627608244	80.52685842176943	0.0	11.325283499473414	0.0	1335.9293397781598	26.836422637299684
AEROBACTINSYN-PWY	2346.122301777096	0.0	2439.9901922520207	28.314564851249195	676.0695170219168	0.0	2982.743671296992	74.20732284432648	3163.395136001887	214.90976490052512	5.468433615935468	969.164391658168	231.97143694947155	0.0	450.2435886197115	0.0	0.0	0.0	0.0	14.15088607594937	42.20074349442379	867.0991935129603	123.7212045541678	235.30885949182024	283.7925528458908	600.6437686098836	716.5096513720696	756.4489255894786	4055.147865748804	29.786527514231494	0.0	0.0	348.6640793956154	194.53026017994853	319.11380438791736	0.0	300.27535527385675	647.2451297626095	54.4758223616576	1637.8456154756286	18.589142687629785	0.0	128.30364647649608	0.0	0.0	0.0	339.37104962207195	58.20506612559013	1662.5080694711526	17.379731287909312	35.43423060452717	422.98773474627745	0.0	0.0	154.9550791014186	0.0	424.7290016552922	0.0	0.0	0.0	160.49587912087912	56.641227286646554	0.0	0.0	9694.683497241544	2845.5834977791023	235.5763289211442
ALLANTOINDEG-PWY	171996.3645892261	281.91728209165586	14175.99639550442	32416.86369638991	76530.08790554083	18294.85349245988	65246.86605654812	4209.730305802067	29205.175571356238	9546.788452266199	10708.947779531483	30288.46113687844	162756.91907244283	4395.133263175	100030.13142014662	2100.7375880969316	147.27212706437288	14.786613092949644	874.159504404317	3621.4560238460945	592.35786406972	8574.536340579227	3934.864518803302	39709.84023448793	22292.622939116955	70202.16760524608	82298.59492434697	22384.896110287296	37149.91485380878	838.8958878252722	0.0	1326.4649532610458	48706.02592319388	144493.72368174832	11524.036075681715	202.2160738944841	24998.826445654904	96307.26291386817	66788.84899265949	25538.55424242713	1220.516427060771	41.03723276116033	2351.205891987847	310.93042832384253	4493.849980871875	253.71076591167483	10935.37531219633	1895.319241656151	25896.84825680945	65947.60970457642	15915.02230748504	102996.84973574583	493.14814099506435	472.40407720443824	3091.4017389029764	31.583850931677013	15239.630283678083	34.2791647753064	17544.064788039355	59.37722649993957	1544.1114816304914	535.8063326391698	10.728811979281815	930.5317171147856	23848.31359232319	46329.72059255423	29.97951951653039
ANAEROFRUCAT-PWY	291386.26104806794	268240.3523356712	184143.01523917724	306180.4502517226	246020.7497050392	163438.05140900667	273938.1397996542	237284.67206161775	248713.50758113276	243268.52179364	162789.22135823473	201149.73367925166	343062.0344933567	156954.82416194596	402685.29609687655	91058.11435991595	82819.20642325326	150599.24332762414	145164.4919016242	101276.09862551183	156800.08090595892	207386.62917533953	169981.4263173322	264615.2674791308	275034.74700915295	284246.6700018763	277606.68857125717	220981.6194740073	266518.4246571573	128883.57578402622	2.9970920558676557	7631.391667065978	214633.9977411026	295951.87141512544	140474.1465761557	108370.72840809103	248157.44597465202	299036.52196077537	289705.98428788246	193065.10343465465	186188.5231672243	80900.95693012301	169109.8391545513	87361.55547546677	183841.78801124098	34950.551797038366	128677.00681769039	123582.46347652691	193377.0204951327	168595.23992069467	117586.42933240707	305847.697607652	15107.66518854378	43165.23386702385	112631.80135600835	25032.66391861714	135368.3031241488	20659.71950090949	153571.6229008905	44135.95254685579	62940.884327241954	37819.029494735885	150769.4815172667	2782.989675488441	163638.37864299124	148296.2087618581	227617.69467643468
ANAGLYCOLYSIS-PWY	347791.4352339781	311239.77228427597	276141.38238125603	332136.78791143803	329443.3914884748	371938.0043457247	308369.14588293247	336304.69394299545	288612.8266546015	282498.1479483094	186964.75374551822	221769.53942611915	389255.2025794138	203615.45595258626	459618.8177057126	118670.56184598037	112472.63689360728	183634.3230324865	188766.48610523783	149341.62649234137	177060.54094561015	309491.94159085426	187597.56044183977	302478.33840179426	312178.65440908703	333687.5000713638	336608.7212466407	304087.28194149176	324793.5755595206	172566.9735451498	5856.32182182887	11377.719142713733	237426.2909439825	331888.50284655864	177073.54545464282	126144.45470212617	294816.2310421561	343317.27914640744	353071.8855811872	242210.4535075232	208291.85922768887	106579.7084050903	190649.4386543853	129226.70036226744	211352.51023271657	42162.589273182886	151147.22144087657	144539.74788943672	224902.62017400225	226718.39875784333	144920.5905223056	381758.0498870619	22168.230297116585	58137.9051006498	127920.5573682948	35769.33283296434	160108.3462087564	30203.843667052457	186568.64009457314	61441.51734850609	83222.67859186148	52806.78688415357	166851.6945760626	4153.371225105628	194392.58732416155	195405.24408657645	258114.6229902107
ARG+POLYAMINE-SYN	204526.1058315156	58644.40714712049	66066.60016084505	285600.7299333603	242873.88376634748	121238.02289359955	75324.52519886864	86513.86742247612	129698.92105991718	112747.60493331368	60037.100897441014	99752.57821883571	90991.47508937381	94137.79102837876	159514.96601623142	46287.217429820135	28213.0697728078	24156.589812564987	45729.59468993357	23457.8832159174	70837.35697917207	77995.03800336225	112486.26340519713	94767.81589601576	105464.566749623	51450.15185006456	63124.54532813244	72493.55516000195	104464.031584623	59574.63812858776	1344.6889115019846	4431.274132511266	113104.2559769198	155836.89684467285	68878.57985244201	25908.73369849562	83673.66398714553	254538.57174869304	129584.77092924959	45724.455534029585	38982.99866667643	58282.56591744187	42869.04085733704	21088.843624141955	55919.79557813288	4881.131980300854	46622.89667842265	43608.167749174	108644.43831548988	180910.89607951985	115327.84636421905	221260.9365928038	12755.483970852056	38154.424678017094	64393.782342569684	9843.767300485093	81630.42839184278	13530.264966526363	142905.1341298476	4381.259883670825	37588.96059281058	42557.10889158375	61613.48989088428	22753.681121016056	107247.92492458104	76334.38487497445	89590.3779514935
ARGDEG-IV-PWY	141830.97577350395	25.0	8477.169284877271	151.78620868342156	86.64299180737798	5.333135502058681	46.70842698915193	69.2416802592836	0.0	190.494718166665	267.51897552191025	10935.78897239062	3746.533372632654	0.0	502.6608227513456	50.71620072070934	0.0	0.0	0.0	59.571014084692926	20.635778378198076	204.39497460366013	112.11669613538774	2399.4784293649486	294.0862015788283	583.0159264169115	198.7048695326438	332.2602969735844	2614.2678915610504	0.0	0.0	186.01274753263638	21766.938581188915	59958.15937790185	364.1752051984357	13.639344262295081	1238.5274360902142	55359.33475253717	1003.5226122394273	424.91862305595333	0.0	8.379052369077307	165.96348012889365	169.42931937172776	103.352852698918	142.47619047619048	2191.3199259936573	550.5696938380054	9787.899377394264	51290.54737732569	3044.5740180900652	46372.84894158436	55.01336564310324	156.47817384740048	1285.3691908426852	5.0	4409.719468294202	0.0	1286.770659362084	0.0	76.39079987336218	31.00939096051403	0.0	6.659012629161881	228.78356703022413	5425.050124736607	0.0
ARGDEG-PWY	63455.50959981283	0.0	0.0	6437.402898782409	7313.984244338247	155.88185542293232	3653.5800393887134	2542.160303698321	11854.166047824476	1692.5549541757196	833.4824914044735	26929.697965885243	12050.202413541087	0.0	1331.5137186200354	0.0	0.0	0.0	0.0	461.0173943911306	599.5118705997454	7006.639635393195	1660.7737753560762	7606.842490649624	3129.0616592487036	2729.398878782054	627.1082835294765	207.61983349375694	7907.804579431829	120.67491483081012	0.0	0.0	13513.607609436309	87084.68217947127	2276.0402986073377	0.0	4588.805080088368	99545.69284784055	474.9220308335372	0.0	0.0	0.0	0.0	307.89350590145636	0.0	0.0	6053.862704149016	0.0	428.21316849630966	59987.6678639382	3450.5758802115247	88560.56372230833	173.3341401159529	535.5919271186152	3428.395153030641	0.0	8883.201998827586	0.0	3490.703743968238	0.0	32.04473741556485	0.0	0.0	19.910289811373783	0.0	12803.546535610554	4191.003251348243
ARGININE-SYN4-PWY	146037.3593809055	87093.76516953905	68858.273468833	263766.46354170365	298514.19218056713	160635.0959939406	127775.01900611131	132512.8199544326	110286.21924734443	170703.81197132138	120951.24281900168	112400.55756401796	194244.9145448064	231642.27044690467	181422.8778898023	61989.974878990484	81686.61847476974	126566.3652603514	132212.34188001163	49209.417795770794	101539.24889300464	92328.61790498543	105800.63559449305	101924.27233010573	143754.40641898048	210652.483310843	175363.9115842439	87921.39798063763	143631.39895117408	160524.41154168991	6309.523648528614	8190.437335852146	106249.07866002653	147563.0067509022	68218.98599573706	110656.25805675927	108415.80864579968	174053.34128004764	198375.71427938878	102112.99379790519	50696.47038668844	102804.45469237659	105720.00836175372	43274.15116913904	74829.07616981749	26698.05052668213	76780.41707464024	69546.5835520038	93331.84301297185	142666.64782014384	127400.27953602937	233890.45729395462	112690.96770578707	82495.11607414897	58809.05764201523	97008.17971253063	73529.28322673272	56469.58251784612	153854.25872584683	103999.15195281633	118839.64978836947	74831.19949329736	105665.27318379625	79663.14853759864	135435.84297207798	99155.88945670583	115046.68621716036
ARGSYN-PWY	381460.4521199719	155923.34418657067	93419.9859070639	321367.7695268765	340301.60284258344	244265.23903119593	251950.32521589135	250433.74863434548	220920.16159008938	133694.49037791646	61452.239549773665	162633.251029017	292332.91773378185	247302.45080557224	381134.66397199593	125761.75344208143	68085.81975895951	125137.86138063244	146657.9495810327	48451.575245414686	98422.86965551187	191846.8272089396	128877.29513438046	235198.530894315	199473.59400886993	291336.1987387918	261311.55716957737	226888.81562983507	279338.90851618483	167569.43315707252	5649.062727239638	10205.211698237405	185515.37911151053	295124.8721000296	126781.82658739528	88834.11022254534	223451.92033966194	338188.95220116957	268722.88471724954	216748.69835319495	159793.7436784839	100053.00450619185	142398.9406126566	20846.732975566872	54899.65482510118	12925.531914324867	119749.22455850651	55676.31918902809	169521.17989643896	230451.91134459825	143349.06455791445	385037.7853881864	114664.09864541143	56397.14698192617	82094.11192950928	87969.36234271672	125244.14188660163	45536.8927578872	181280.72932829527	135362.46416630442	126327.85389846175	65314.00942032484	107037.52534826274	72680.26055292993	135876.49160013624	168158.73026116684	128349.52737124743
ARGSYNBSUB-PWY	412034.03847935505	146751.09810227522	102009.58905645534	340403.4507303785	372443.1496673149	257885.6530749986	284639.2887142633	236618.86268256474	238973.03428081688	134263.26907656182	64067.11024994031	176110.61863253172	333378.0035036547	240218.29111144037	428698.44926094305	128197.49996149706	64072.82046774297	114611.11254826815	147474.54254206407	48177.20893184818	102579.55795327187	198152.88799981837	138546.8427515195	261716.48382217655	213684.43954627845	336432.836917918	303138.9978717542	244155.68799798895	310036.20187967154	168248.44033810426	5617.38170161062	10472.338829856077	202415.7109136751	333679.0597782939	137027.60631923054	83659.86482648435	248011.78853998802	375553.49660415563	303746.76166165894	242656.4939971005	141789.13263350658	93818.19050157258	134647.49007435798	11740.866586168648	57035.59832463047	10873.232818977913	129660.26883539507	50886.38877738172	185163.70033246925	247737.89695479078	155401.49884844664	435485.2931614116	112916.40265204744	49579.82560270876	77826.08525372391	83323.96722237914	123831.06611036876	41393.204878698816	201654.67203918067	126962.06285449523	129390.89746497806	61010.61059663484	104253.42430414201	69214.19426234042	144442.6767702066	181733.7427359292	141838.72495057943
ARO-PWY	477965.50034113217	131157.87999634157	261290.51592225762	375597.9601626229	368644.16135579476	359276.9639189409	334643.26805358066	370790.81858678645	304737.38049755496	314243.83979640005	207280.79243904652	245327.2661837798	409862.6192866274	248038.27912427593	503517.39233618503	145417.10091272477	297982.2857119654	258758.20275400573	363676.3877496958	131756.17085135152	162134.55190768716	296921.2966765008	179911.00935700798	318688.0148922833	320880.9959639651	354110.0563439612	369469.1664028636	272316.4476968875	284355.5465908505	382067.5674290818	6192.441315181923	12034.645256959062	285268.9971332378	326119.33036981	179799.35464640756	133323.7869556098	302087.69065349526	396965.5471735816	359759.5676881552	262417.2662345413	216762.19325972509	203360.02513922018	223009.96905442415	51030.84783450708	202828.64820843574	45730.0206994052	143143.02309893927	165455.80418963218	224926.07854618705	246222.21342079708	201317.870607827	441826.18090983824	238028.7906145225	128591.8128281356	136923.904226383	173645.53746091246	229029.30030904888	298022.19071227737	242434.46715379317	202683.90103042775	149772.981348507	184769.23335597492	137587.8660156645	195672.0469593426	217329.88292034986	201294.83213008844	226517.67370556964
ASPASN-PWY	145458.65668955052	90228.33650296136	71440.19974640889	99897.07440602711	36194.21604381059	34259.4702811609	82136.33828020368	38042.001885964404	92487.6092347572	84334.94830498508	10077.881618131398	91382.8669258312	149654.28519709074	24023.909463876545	129224.23261827846	58911.89181238022	56249.13424977271	97972.0166315317	143320.9087232953	57954.81450560413	102991.23077209509	83356.4922997328	119146.0161607581	86147.50420130034	126126.343859434	18777.001232705865	31919.413357175927	53447.10893982455	55275.02353672729	184189.46257954117	810.6750662572756	2669.2292113142867	102367.91198558058	97195.91690791014	44816.49947487144	94880.80729239731	93244.00856652895	128667.25351559518	129357.57624639322	18048.64899864829	52701.954199843945	87208.64905270396	26365.090140805794	4884.871645919523	26292.043573089933	2729.5951137673837	37900.99856881247	18473.568693246438	42511.74295727619	11267.634052075655	121946.66555773655	2006.524764351597	118306.40720357012	37277.13110938509	37760.54390592124	80704.93700445676	47411.72848154358	38465.26915384141	156317.47142966048	108403.88778615338	3119.3067051414755	52722.5557100584	39464.93107709865	63101.952322731064	102902.24462320353	86258.25301721704	166295.59713900962
AST-PWY	168927.31601506445	243.87805390383303	27892.71913454699	1862.5975618605241	3742.3656978256304	41.762424571990564	10501.533102911782	729.8955592584101	13478.886660246435	1463.919721362766	240.5773797810648	13159.718710394334	4015.347290561954	37.741590041621926	1227.5738941939787	109.66953192537191	72.2070135345456	19.73332071185157	0.0	226.85756055978567	1386.9046872536967	10896.529608550763	2888.9276683954295	2270.899480555418	2037.3448750174723	803.2458765099583	241.0270514153716	655.1470728276437	11585.572392088943	352.3643183271812	480.47777777777776	389.01529436631006	23656.233330192776	63323.39853081646	2555.670690332814	32.08736298353026	2818.8234577130197	72524.89563218245	2818.760833969742	981.1305520433265	167.79485756626656	12.675321193345672	735.7101165523993	226.70770752209654	213.6425603224787	164.72846955567744	2878.5491884069243	675.1447579934432	11746.890168320073	59425.80577698424	2856.703613475124	47842.92358749024	71.29613598803809	196.5114908959832	21211.74885532159	37.15453671048414	8078.191758617432	0.0	1202.9969262499537	14.616824620401507	327.8111319619126	29.63093746440369	0.6333333333333333	5.769230769230769	13079.46769398305	21443.585724634573	3432.484967806613
BRANCHED-CHAIN-AA-SYN-PWY	380165.1286144587	114570.72591362435	92867.93105432932	350565.8100684976	352175.4405419156	200682.60575565058	238304.67484812692	187073.6689851221	204045.31844902766	138517.624392849	82977.41753913353	189949.18913950637	269241.74741801363	234278.93113269098	382375.8248431357	166727.97173885244	73083.8647976294	120756.38905732684	157461.0075004068	34293.872557911134	94743.47560628531	148534.69383240194	139651.61904383096	240649.03445798304	214934.36611997397	325661.33916046954	267309.37090442516	270564.8283507584	290714.9738913123	159941.53816043813	7957.4598383314005	12612.94525823715	180400.8549166812	307040.59336537006	150975.3041435454	109960.81961138202	232938.39141808148	346503.17538665334	319179.748992197	251616.25356292955	123544.87781296943	110189.58611630258	158932.5635230636	55751.70780719638	75832.82657864732	28448.591669563906	136461.945830772	70869.97751309635	208957.4389138924	226424.00132401966	157506.6563146866	426917.8125700627	116556.48534184624	84817.41678603768	87134.06233295778	100210.91177984935	146005.2116939099	53667.434919889296	195596.9531771388	142045.73081310096	150250.7701451331	80434.27196754869	138285.92580839482	81662.06421200145	155532.5522476381	180874.08112206592	142727.7455198503
CALVIN-PWY	430848.8907046472	277700.7874964579	320460.7996012988	484113.42673748184	397761.3384795153	377598.01481631503	399799.7787690358	475604.5210418777	411036.59065806033	501626.26903712045	319288.82193235913	316248.9511894035	536851.0906861719	431547.8692681703	596403.6219034096	259402.4651304637	537868.1425664122	454585.4829754921	667966.1652453553	176679.56130275034	260665.91960459674	374226.75158698356	267260.1021028803	404456.33451859053	438044.43567580165	433146.19800548063	421048.34904230735	421972.60933675384	381154.6544959555	685591.00724671	7140.835219966185	13992.012443117379	339331.267719034	377565.1254886832	221978.52242336381	220025.77307116415	365727.15555255575	385090.31512736256	437795.5913407443	325253.85862044065	331515.5411616319	378604.2977227882	293136.14653704653	165236.11718830356	367298.3282677671	74221.52514397314	191711.5450140564	270737.3622388541	268492.06685265905	203256.9207913045	309335.54347962496	461278.39165820146	424120.9007146702	211107.873514075	181483.5336295862	300749.19910425955	316753.44644057204	550753.585385727	372565.8163761569	334241.6239024501	143705.10232519268	323407.7589346151	247911.21500262528	348384.0023809864	326094.94235462137	228190.67949056692	320931.56906735274
CARNMET-PWY	7217.636708287014	2520.037409497443	9952.356356086062	4083.603847229718	4426.237850744443	804.3761250606249	1733.575892928613	6949.116499351505	12250.420625167313	8509.430211904975	0.0	6076.9052743648335	11660.870331011969	7425.8474186262165	10053.42812149647	1298.6188419019752	232.70540994625793	123.3141370170777	836.3468250597989	2894.2847776830304	7563.586559965883	16590.570650899466	20762.456227008686	4762.558371093156	5845.788664036437	7388.818053051354	5316.82838849174	8967.268964800516	19708.195629610884	985.137995387914	821.6035864524544	234.9185827806271	8403.107629820961	10291.462939560464	5487.144984054032	499.70430481930515	8822.823005590659	44556.931793988086	2400.721042105958	6579.603674971129	1013.2708599193707	372.1599601948879	3279.6408637908607	61.527061007761525	1742.930608304037	0.0	6367.000921193565	982.8423475654927	7077.224376917248	4243.0869072274645	4689.482302192571	56668.26369125436	25.42054634826747	98.99765849432391	18503.75349266631	33.88045776420445	3852.6330314945158	0.0	3292.7586857691404	18.96993071242405	314.96105739396836	0.0	1.1298809937475471	8.193126108954921	2172.9125874006345	17479.352254783767	37262.10928483215
CATECHOL-ORTHO-CLEAVAGE-PWY	173074.46492528435	486.91334757209785	21149.626662154336	9196.47359797906	18990.382920876815	6678.436968048362	88900.36053800325	3125.156266628076	6755.520498624136	5941.940590961665	633.2547666741345	31345.999300896747	20826.723141312523	447.10285333021164	72514.01022796672	3217.355356092178	1217.2403569500084	109.90656078030787	3682.63074124343	1164.8271461521879	2801.240510039614	5688.286525348392	26310.707396276175	44620.241682728556	27608.460889766	83863.65066742936	24600.32211288696	26093.985128359156	39882.67533919345	1839.8112486391178	5439.004459992088	4613.489429285337	50363.522416610096	141273.16128588608	17911.30845976309	558.9048331140546	56224.14079111171	100467.2825460439	57611.38029395699	49474.9606856338	1087.9989641030888	240.0980207347475	1122.9458750947585	2866.3551542745463	8631.558081321396	286.96859658660946	13531.246523883234	2558.8475438073187	35135.47197755853	64328.05851773794	11459.775163488419	81245.82423917025	190.40655600897347	371.6188094720471	4513.81819854052	49.93266852016636	20036.99468750523	70.25323058737683	13717.167494650379	70.1070144911298	1217.743069952843	5806.183866954915	4383.699547714117	388.3533269559571	18974.65613508062	22003.728450648247	1134.976784790209
CHLOROPHYLL-SYN	4625.335317881908	108.53365945471896	287.39002979879484	0.0	236.1113649111503	155.07733956047096	1127.8099942299896	636.5446902709594	32.447810151552275	936.4178865421123	44.45195632529472	3586.743870470872	1413.8380557990015	5977.4441295905735	8404.13020051639	108.01774512099222	174.32291346866896	8.553068232164971	103.73132989190876	152.3658093302834	99.54795865099291	515.1719822337363	416.9426637777428	7472.280759835017	3135.8491035290253	37671.23330595174	38568.17138011694	11551.895240534135	30963.101284833	1151.6816673614494	0.0	0.0	1489.4872043163696	3091.845368713392	7222.824426300361	107.29302411243034	123.92168044415956	0.0	1464.3337448926661	17777.38903078193	458.521822982881	9.250796760217675	1848.8260236669453	228.6392487635691	908.7518664202098	144.33693508676325	236.02207573149778	759.0685585322667	11855.544479798134	376.80934643292886	259.244849189589	9913.000292448582	78.0428985898911	36.30178932258507	972.1785124289472	0.0	1850.6968673084307	0.0	382.0659235356164	63.202425960381944	1299.970562122638	231.05762037881328	19.190267996733287	0.0	176.1881314761103	80.89550510904785	8.805758335623445
CITRULBIO-PWY	128819.93965958213	8948.999546708988	42783.70053288729	182047.6272219544	250948.33854442716	144756.32725904812	115761.17987983342	37466.05337694022	149455.15205384555	83232.61716727311	60426.00270911779	95694.76201552153	225094.4338486939	50446.23659783178	290939.1644911482	20475.984564736147	19710.02287506684	2023.80348559459	21745.618576490215	17027.222199921547	30626.184393846244	45146.97769574607	89888.71175322661	124352.80064563917	107246.38132944024	217990.34156940563	192306.80218771897	82345.56774481943	140649.19218463893	22865.315640906163	6210.957532931043	7939.363671775614	104932.64703331779	157011.38463157087	72701.27594686813	7253.933145332574	112471.28571484862	192726.0741912326	161627.0122302708	107723.12962335617	11496.888102042072	1609.7069832165837	43670.78663420837	14992.657669224136	19646.127120576533	2953.1870320899093	44020.507060909236	37598.50717445684	97223.74094348667	140742.4816523402	96881.47303345632	245288.6992356804	5304.237471078125	4418.3910573924395	39207.45304899001	1000.97637349985	69364.16989913693	457.5455889197099	146172.73305719034	676.5258758910486	17624.33444297821	9222.057802403244	1197.3016703486119	12284.266346012995	117049.96229303342	107827.44199471721	56348.23174002761
COA-PWY	317186.5747806885	318021.1652532906	265086.6578418942	394286.24502674304	377727.3238134401	387326.9207241994	334551.42958622833	408272.07582572475	301974.01093411393	315698.006986186	210947.49544360914	198665.2922395128	441226.8930704981	229109.9392028282	481897.69144615176	216919.1236843417	287853.1130265147	299243.98500267294	410635.12449497206	161762.7159679961	176171.52420912776	322541.092466231	177969.62948577365	299703.40917211864	295450.7595913789	336866.9738881998	354306.3989790859	289817.6044711964	271765.74501692475	385677.2008631345	4846.93	11242.889192176957	217393.05131457426	305953.41857760155	166103.59385946643	137407.3649079207	307488.9117491141	319520.6618974578	341251.0345470086	228194.2388035692	299730.3668579465	226484.55664119511	189859.58512329595	117148.02010937696	206709.04962865205	48577.84744226236	135308.454748585	160057.19391781642	187850.34864189185	192035.11725298304	189200.16484490357	336561.85152745806	239437.05812354683	130761.02161484906	120038.323843701	176266.9607071622	167417.31299084667	285198.33164942777	231777.8256360557	188196.5520326463	155671.14707176032	179400.73816645498	151833.91063437564	191768.1059550187	206083.49581607812	193874.0315295747	226595.58815677653
COA-PWY-1	317964.8439574935	313207.9697527221	242958.94004408992	400271.5187379212	388988.7684580095	376901.0097150038	313013.0316583178	363980.5001936815	283154.0874297596	302510.82535108266	198396.4366570699	194061.68018892483	421171.1612100588	237978.76222390402	463924.85728315805	158111.11182737927	284269.0572526704	259102.7029670611	359403.7746931556	150263.6860218328	170515.99049698559	294258.67168962245	175594.91845932728	288816.9550308422	283966.1097809388	328384.9218028259	348488.73240500345	285720.4860009292	280307.0620226373	378167.57764727087	5357.448085707157	11324.414359774357	215336.21451972844	308109.9944737783	164317.5251201109	133478.88705619157	293418.49582085083	326174.5031615802	337577.44818606373	227271.7359058968	236241.5043689953	203697.0454775238	180335.9033180061	117564.3212333151	209087.3543492831	48538.998073410556	127513.19774860906	156543.04694761653	185643.1070556837	192043.26388098506	187292.92239351044	337417.14983489044	236472.5674904368	129720.52486805366	112583.46179160873	173786.29924418984	167203.52998368998	284232.12907036755	229692.35841625836	185170.7818320213	152205.8148691097	178294.9503861773	149337.4826690401	190218.87492605695	205230.98741219603	187422.05596378795	221327.49393762831
COBALSYN-PWY	266114.08190613816	106766.88529458069	71265.83713673678	289610.4141360123	203443.20357776424	84991.00029084395	88449.34782931683	95985.23994849891	120643.25667073969	241329.69629719513	142084.21649420753	124030.4426238755	138134.3430848024	188073.2533331167	137048.74809425775	136356.81833055703	293126.91198987735	224841.7812454556	356383.4014360449	33579.16540894027	121155.97642305729	73608.6411300179	141886.75734210035	89895.42386930411	140039.043122144	80386.14750786091	96061.83168983755	99614.83310291567	167329.2000019241	373976.7176555448	5988.170949459067	5648.160907672087	128422.83986174615	155112.87732168313	83466.93762547596	117031.22432024272	72783.90328775611	220941.3579235291	130266.85338713405	91490.12474540221	92359.33978374844	198429.41557090814	124293.08881834724	48148.97603538565	188768.7110189733	41653.50514853328	70475.44654016086	138548.13689186933	108676.24442119793	162189.59551263115	161745.84338367655	165801.36973114984	241205.383738434	128852.52445590972	70901.3383122226	175132.64442947498	148876.92908161905	306000.4208727108	187068.63901045712	177899.91777386548	134829.01874223913	184397.13159229787	124751.36120265524	198776.52694272052	183419.24683083154	80697.10090083689	103512.20982429732
CODH-PWY	56809.88535258251	4689.020538580895	38468.09020029521	113208.90289997643	30.392214222145856	3203.069736004952	1151.5814196119222	45987.02670664975	75872.5729269445	177562.04769243544	106438.67431038285	59750.16843635539	8665.259556442068	137525.8132219425	70176.83162718064	175778.35788327627	267136.4200293837	247897.08358450694	414449.8276470167	6143.096947256379	37132.61894162062	19726.437507952818	66711.62706533373	47476.35322483249	76682.80745096861	2065.2466646963653	5905.581440342425	36413.033686324125	1667.8164021564871	289487.80830301874	0.0	0.0	94751.99456050481	4627.595534858347	17141.748666616815	25982.957490422523	83.58127144039706	11310.680991345447	34033.743336695195	2957.418307807994	128727.4215247113	184920.53919434693	97016.22968489944	7089.675889559812	152911.72995929612	24810.717788448528	26475.998941852038	116650.53579377118	9545.282123933444	111.05241687681384	78234.24936061687	548.8098655781049	168021.02792559724	69737.38782245335	37878.460770097714	107304.61169926141	112858.89759092063	291052.49498954555	89785.86804687724	101811.44778568982	25067.66095008491	140228.2395634135	22189.032131322518	151429.58589359888	91704.10487467804	896.6258907739823	39514.53314455941
COLANSYN-PWY	83020.54396313596	13949.186080788288	55327.67010425179	6152.257466002576	12297.17557806222	2348.7029579840832	30043.801009508876	25660.09239561006	42406.77601513127	18066.578016218533	6383.486080683463	64732.8674214782	32271.205499548836	65410.367440213915	142911.93735629672	10367.860387357448	4612.500773301625	365.32446878151	3097.768494877277	6439.321453165353	6899.766193877023	56284.91290520193	15822.50400212967	60800.74695280538	62189.44102782157	86340.1830078644	95507.92489798248	170779.64991975712	318784.0402633697	17890.413184015975	7703.282624800945	10758.440585879425	24025.967378613423	55447.30947950651	86771.72864366631	2095.8445468451105	44930.55540961799	13574.441047674582	87510.9533343895	213672.1638496156	6159.370208536731	553.3209687336825	26302.44423507311	14980.951939071027	68357.22889533022	652.9835112357569	55282.79667729617	21932.600139598067	125131.09507619803	983.8034648244857	2669.372886100514	53963.30582026834	1287.2826446795027	1638.980124440866	51447.98467791893	841.2713074069483	14645.870077783175	484.61089380652396	3871.3652176144174	1063.9365887542513	13616.007202259545	2639.2161740844585	22.957578720193354	31.99643023602584	39304.57719284289	72444.07628459521	30501.761943009158
COMPLETE-ARO-PWY	480590.61891715694	134873.5222969943	262979.27483050944	410539.7550778722	401717.17933354416	370363.61092998326	344737.1111901645	364047.2541717144	314793.9035057728	329544.5423878247	215204.25723195708	254807.92425916778	429753.0114812571	259594.13945235478	534069.4448564058	159812.19654368417	315800.1585340445	276817.4444596894	392482.22483627853	130191.14744286612	166639.9492586302	296348.69389273005	192070.54411598193	336908.35700712784	331706.4766298037	380778.2293959807	393313.9129997187	293554.60181473737	305631.4789086039	405243.4315552584	6671.119630341777	12760.745801875382	293590.3007100278	333245.81234878674	189640.2149926986	141137.08583537576	318697.0647502938	420133.9082483218	382236.2698381586	281018.0967849459	227140.0629902135	218268.81792795705	235072.26876716662	54178.789118334986	214836.08355929528	48591.90872027352	152818.9664650584	175740.37513805574	234923.53505796441	258055.88349073858	214755.81533703898	466880.6245187307	253032.64324775725	136716.27591453912	140915.75916547482	184522.64794987833	238103.32280846077	316374.87249580136	259987.35899433342	214004.44279343195	158887.42998766166	196462.4370747855	146131.1892270934	207931.55403318082	230095.87705240768	213248.1702097131	234751.83607524793
CRNFORCAT-PWY	5947.183126041874	306.95454828902734	829.81994628312	17127.37108666532	1696.3490599263046	2226.5335556536697	66122.65292193505	3623.057074359144	773.9654633988563	3994.0151755354077	8.984900876853676	17546.62426158716	10885.676950722464	545.1700649211663	74478.53737653296	10228.628121539754	2539.5095228266937	128.79327770168808	8517.866847137888	1592.0693857865106	130.32689897494691	4089.614969499806	173.01589493155342	68259.59680912395	47075.63159153205	99195.8548184764	42748.41656795112	8665.948837101445	16589.528203784557	59.43937996207259	0.0	0.0	19453.5338359902	33739.3672231449	10829.812289017722	1631.1526302014595	72042.20328090152	13746.495662823607	85081.53998754286	66927.88145970194	86.49693248217126	457.75675244838123	508.34598520256503	0.0	420.4986881835802	335.680623717337	6677.677078564613	302.04252265728235	21029.876594000318	918.2885358969637	9861.734862794767	38305.638434485365	95.76456506047536	296.77596332175017	800.8863994755295	93.33197090101496	1665.3168847374898	128.4076987752972	11473.207506963396	11.874586478208034	645.0694463756245	74.78358040644194	0.0	42.86828932905265	2978.761191540733	6343.315986723194	83.13347918159498
DAPLYSINESYN-PWY	460265.9892873856	306632.13213896635	182310.78680681763	407642.12894533854	415901.17425150226	307457.10978405987	322084.6986321751	357312.0225909902	293544.2762019494	291626.3272140655	192325.15899718026	213741.53788418436	396582.52117588365	252387.9751256531	468204.92965661414	108366.63302748444	276052.6191045574	230110.54043974722	314072.7126329202	102257.77228026831	139393.07909197072	264122.3838013266	162562.2104825863	307400.7987963084	291608.22965795634	372978.0844292875	321838.3975960253	282598.03843436536	327331.95964124415	360171.90443459194	7994.734012134122	12757.745385831722	247615.8410299027	403735.923123043	152555.89194849133	131538.29704468546	293256.9851270201	436760.28389494127	343515.0395997391	263712.38470764604	200130.5486897904	186864.92097730574	176128.98249372627	41142.84094112187	202199.72399012247	39876.31896225136	134175.3713283353	154546.30591663395	214194.324508487	277007.1168707947	189446.39927985676	467993.1600971615	222043.76577120484	115052.08703200558	115953.22203159529	159257.57352620456	183580.67283867748	277122.65999157337	241100.52089157572	176982.63310119597	142576.33169224276	167283.4410704643	124377.20878315337	179057.3629289125	200439.59741601042	212695.75384918225	181706.94564414953
DARABCATK12-PWY	7570.836011534105	2561.5121593389576	11673.675700238608	3672.427891374362	1982.4769051533578	423.0016247253977	2604.820761528089	6504.9916016485	16326.732987542211	6263.656177939868	7.286515985914477	8380.563387795879	8849.551561769515	19086.39519915236	3935.6409719219114	446.9146877334214	90.3565544524647	28.127334704369158	137.06159260192572	2191.5352071468483	2851.7049524488525	9813.844296045823	1402.211528722431	2582.156666761199	19185.26761592143	1796.2761758418753	2709.110413432764	5258.830820130334	17424.29357335607	402.42873631379666	559.9100791567308	223.70182972728364	1343.4620414952865	4037.994333913764	3223.4844553900034	420.57860447169645	4262.365287545887	36702.30492311579	2836.318872903803	5674.350305286069	319.4294951126123	26.333730138438874	4165.332856134051	274.3422447297138	3558.911815244881	457.78850752278197	5671.7255786120095	974.4600648958949	25186.86331334299	85.22751223257178	161.99477194735152	251.05823838037605	931.5946535044244	113.38188169306069	23404.609270671557	118.33300973707858	14079.711715816378	0.0	65.68531151996281	3058.224852693943	4733.088699068361	115.5738299172408	4380.855064070776	162.47520272454062	3229.718964965394	9933.200721487898	7116.196908570539
DENITRIFICATION-PWY	4422.593485152684	44.238094129423814	910.3972533370221	5339.575209931086	36706.84528074848	33719.777437597615	30944.33129674246	3426.476918066087	62029.65572527575	9017.492352455562	1488.3995122366814	3363.9118357366965	18810.459712106524	276.70101797706815	33709.99270364814	2347.174283795444	468.63165899603547	3.9785265349550256	1216.3433884738538	980.9183966783523	288.69253467461465	2898.9415444950087	3146.3955907547197	9124.04884810505	12618.010171050626	90118.84408351332	9502.531341845715	9330.05847776256	20272.30069316171	776.3418798511822	0.0	2148.961950248654	9592.900488554787	7688.651353089896	9504.320992075216	147.55455907701062	45792.20857003087	6766.702361271411	29739.809880730612	12916.919354599306	396.350620944876	17.588684266292244	1067.8817898176408	0.0	1640.1682944158556	27.230185468998705	4287.126520662264	834.0380742535181	14904.018171240476	7830.409542739625	23028.562713574374	100033.07484072415	75.37854017290876	12.17123886902039	106.33881624339504	11.388280133396856	491.0067161924643	22.243686731840548	53887.32724339866	9.269350608923437	475.62777461885867	906.313490453836	144.44172669409105	1043.6442254598574	3734.5639631015533	41004.65210254167	31.03052451021508
DENOVOPURINE2-PWY	306086.82248323894	253059.43740377162	185490.07455178833	336940.41796016274	289050.0088732051	364837.419545297	309319.3979917154	378704.5030482452	282477.48237883253	243515.75482010026	174149.74763892742	185573.2241891917	386525.18920809333	127495.8697620164	438527.84585893154	83457.42096357323	92947.62324280605	166459.8528737805	126170.8512106161	125081.47259081458	144095.72320061686	302585.5413236881	158157.0661346909	289462.90952575847	254495.72199940702	277303.91501547623	325239.2050756292	258341.43139690094	204577.1165350861	138108.4302971236	1590.6088802017525	9332.981776089984	200359.1725061514	269677.19003286964	152226.5815555896	85454.08517905025	269537.4452586546	290622.8425657677	307455.85459201934	168997.39599641587	222977.2174123552	70402.65276300236	157061.520224676	66941.09152139809	139237.36004822952	35572.31411829834	120837.47716831545	116040.32767376925	166318.7395408173	113515.29881042763	147084.56015190826	75576.67582686583	19929.552922071212	59055.481510588346	115275.1830435427	27707.44929327418	123141.13029988512	32873.47108701141	199421.8554126386	58668.84771070982	58249.750369119356	66538.55698629431	97804.36387558261	18580.132321222158	169426.84680599367	169032.8916571221	214692.00904993011
DHGLUCONATE-PYR-CAT-PWY	166364.27330157472	212.98762898114262	22197.5171188538	6578.266191848962	7141.191010105393	1321.180672196991	13668.798426612897	4833.747720768834	6849.622537692724	6259.461370655544	320.6326693761184	18227.27876141336	11916.26208106661	3.9231154164941695	2364.2793106542968	4.638267409901036	101.02256924378815	29.842317607150335	0.0	1769.7939345595603	1795.3637636197996	6741.940003230351	4071.6064097946105	3887.5057245789653	4781.883296828971	2292.430848161356	473.72044587269966	576.4905300937451	11402.734490501969	830.5169783392931	0.0	1423.8584467278674	32241.549044842905	89059.8219538555	4383.1873055858	38.66386479404867	8580.006084224528	108855.24522438941	37925.539232476745	779.690847485383	177.89176097755745	15.532433776203732	648.3701171674754	383.1901592128947	229.3832795103811	165.54018071500283	3176.7327867563486	1007.6892461533198	15248.828223473472	58700.39872877305	3788.015998115828	54326.6160702166	151.8307145911236	330.34429491412885	5281.775984957318	56.84528809003864	9543.492618241224	1.827536231884058	2186.992157258443	21.95839387238212	817.3875754683418	54.951865890234124	1.255544374656025	15.563059914810228	6876.718252474526	36262.082940005224	6317.213392945075
DTDPRHAMSYN-PWY	373333.73479375214	149240.99385527542	203411.2116187207	101579.65997317758	93369.25771263862	220653.38801924602	245031.7812666455	340803.3888208702	164253.26593192603	154559.64115002734	124209.11355109168	139166.66759304082	195356.61554931843	132943.7700301085	274287.3520476232	135863.9923901119	49235.77207502346	134574.40384688525	148589.62399662667	102942.3027518686	62316.54911217247	248138.3895570287	58300.689773022365	184385.87714814168	170215.82824823307	206797.21530353144	266521.7330521178	276867.3598031638	314031.2048799782	37959.27929966186	4948.257383448207	8606.753777533271	137203.6099112682	249576.4772803199	133448.67760649914	66897.65382765722	216392.89035087996	205139.40202745187	255611.66459665744	230313.12464504468	218176.81661191647	91671.99247126759	112031.68149889585	63806.84527092114	101863.91841406381	31009.49334290093	105376.18796878312	70852.26522102964	172833.04771782574	112676.72360877246	63352.53623362353	257736.0640063226	32848.13571886634	61224.05379342661	92466.48324131343	45600.16264257167	73377.9705496466	33068.12340964296	65498.173362824586	35539.34513653953	123978.31823399343	46339.43714000478	137073.39917707164	39107.76197687476	120490.66122898442	196391.78318844893	111730.28566377834
ECASYN-PWY	10507.060251903638	332.76307694206423	27658.408132324574	8656.216359529139	9669.322982973217	938.0455905935818	1550.754954020339	7853.584093079292	20245.369314537522	11111.455373723207	12.641933418862783	2135.948961147538	1374.1958547760482	3.9165896384074443	1557.7783229866081	4.609084188743834	119.7660045132427	54.56753093039359	0.0	4691.941750895801	21449.174281291893	25852.795013164377	33408.62370134421	177.82611173697518	3644.0748388817087	56.926703401431226	67.39712904868364	43.4630917788219	3052.0693668341455	902.7797490467514	557.0076291020589	219.54272691860874	217.61913061235632	1397.7102420809317	1631.0867057433761	9.072816194724314	689.4481591086768	94185.32275115544	2619.043284138776	112.33185714476409	200.13275171097254	20.201344973395603	451.9810884191082	56.94107465551864	0.0	0.0	235.7393670212542	201.56700588887568	59.90278765186591	10.076619295345253	156.42967729179668	72.59138507696952	76.49718398846665	153.51521998593407	26377.67923342605	40.51303036921027	3932.2114580577277	1.5824187167402188	73.49840062769037	20.780831815478887	7.438564262928344	0.0	1.1861599850767781	0.0	3167.8023435901523	27719.534781347542	54927.499723551875
FAO-PWY	447231.9339217214	3584.7211480878755	76702.89351143305	219804.91220365601	362415.45870218467	160414.0562276037	273304.6737857569	32869.45424243756	166004.74900098893	51119.53562643028	26565.601688183433	138725.28799762257	367400.4866156097	15869.47253377648	429252.00057576346	19170.12993043028	5249.801531830683	552.5792360581037	18085.198303645364	17070.320643834075	37575.013643794606	71160.98832133174	92403.76715336907	227756.72692755747	142141.61032793846	467082.4852929548	358302.6546267568	160420.079888046	335848.0683334001	8670.536826605286	7886.566569309778	11183.75097835747	177432.9170872281	444506.6486823209	132422.48953102468	5599.988174140757	248816.68232380782	466182.188243416	340185.29359426943	274975.3093828218	5596.259728890676	507.8378586711682	16030.310731725982	3861.7093954523707	31980.54004928296	1074.475271945896	48003.11494173046	8781.856878650562	163131.20580001854	255343.4457211599	99028.47738363982	677638.1649377698	2109.912554695107	2026.977773281581	56451.18258222837	280.5521596337756	60486.50787020336	303.3246622956694	168846.76911273948	591.73292727398	7939.388772993825	8668.75105829013	1350.741643345592	4223.907800422803	102212.69959225254	207661.04660737226	96603.94610170419
FERMENTATION-PWY	226670.11820593968	53936.184314891616	109413.29648021318	356229.32842619944	313979.256451561	261952.38718822348	273070.218192742	90622.94376303135	216701.43385208902	109306.50763723115	54191.218199175	179467.5946833763	323205.5124913763	95037.87350055897	452937.1286670203	46382.316629134366	16914.118644358357	6972.349208112759	36516.0116641814	44250.72050442096	88282.99684657888	147026.55946360476	193945.05695638264	252712.09966108657	218046.15879412246	294868.3910858117	284991.52343392395	215611.8212083841	209787.7860649608	26361.19458252586	5912.793645728557	9534.826921772059	172644.51761512246	258767.6208870274	157424.03690341575	14846.411723233132	254964.60333434044	366520.72978434444	331580.71106871875	200582.57055123744	26958.054995571718	3419.99504280736	98231.61314411645	10510.535762569585	70449.16801924177	6317.202744785043	103290.62105241623	51054.28621132678	197288.44820689855	134816.8845972604	131016.52700740325	314902.58375974325	6140.749319555135	5163.533427395395	101241.59711670163	1654.7891380142778	108000.49898664937	486.24869619347953	199508.39182574727	1710.5287988674668	22922.098182465124	36979.36096316529	44549.10377080392	6912.938126213622	142393.97292750466	190947.64625360767	166327.74032445494
FOLSYN-PWY	375332.11261002655	200881.28275773214	226138.18556649465	377943.80556440336	372953.6018367667	314190.51841485413	280110.55005726323	186569.19789209892	240472.4963289991	258781.84119200363	164943.5365200153	195901.46403677633	370416.9690349215	143264.39651642364	444845.89735723776	84959.72231682698	175477.60777568416	165633.9806765447	134998.51699780714	94844.91733267452	144020.3016225139	221677.92908408586	162958.15264027144	282489.2368327686	263743.3766534838	335051.9770378702	348579.1950646898	284616.59155688557	279072.4490257629	280147.29353303974	3390.5609980716454	11107.810099802347	224852.67174978432	338568.0353854281	165433.16700475028	129506.7973111007	280404.25626006006	366766.10169842705	339352.7532725938	227274.73673967354	146954.64289217966	136892.8619580737	165570.51237059134	90834.72763296311	166276.14352100715	43877.40913574617	122941.49295546368	126507.52900553832	182178.42434820352	210575.4252820091	176529.55236765515	393484.97595317964	184812.52640858982	114569.69514253203	115217.65657870068	144863.85189800762	151524.2394028121	143037.24746219887	217401.8018957177	159976.88015179208	139583.99535737585	138347.86053406633	102613.49157851597	142151.75028960343	189716.24198195513	195686.4836110018	205714.43159578438
FUC-RHAMCAT-PWY	12588.648636307853	3494.3892931572864	14842.16878109984	6634.714447914919	3296.3842886843954	862.4775169310791	6142.4499687875705	10399.33311287073	20983.580725927906	9617.244967338289	16.949413369983404	12108.542061728256	9818.60278512046	23392.415282668495	10587.586311930789	1264.2801806581035	248.42063429434637	85.53351133121355	452.0830146779187	2156.962351339559	2363.334841840127	12964.455646942817	1633.532649672073	6185.873912461153	23390.847673659904	3964.8700006270615	6339.891045544729	9332.355226412852	20950.609941270737	760.856851344042	542.1516406515367	716.4964627071056	3405.642958554518	8137.683959256902	6935.512486187125	777.0482665516711	9215.89193383623	52866.86754113909	7553.442330956079	14540.448483350789	764.1580283353737	78.64451549318326	4449.573063567795	79.78983393412106	5161.81006930889	59.02491249548283	11654.093575323075	1369.4951626273414	29926.718003387494	55.359816318197474	324.6954162775474	560.2805407201274	482.97030033077806	211.48468833713397	22207.75218702235	112.64216167532497	10825.282478697143	0.0	204.241624497693	239.52607273522574	3180.537147335409	223.75427766610423	127.11203928559539	11.816191185671808	3754.456349732842	14174.172774408045	5968.174364423465
FUCCAT-PWY	16140.728576718282	2011.5731746749707	10492.842621211797	3799.465217188574	1772.5389755332615	385.0147551983933	3097.059755400021	6504.991601648502	20945.132360795822	6562.321408889727	7.6940602619523855	8380.563387795879	8849.551561769513	23913.327600697736	5917.489527526742	1043.2540835087862	141.97723398218758	65.38616895153255	263.24284384278525	2191.5352071468483	2851.7049524488525	8582.00426438642	1029.8173269065749	3460.868260551059	19185.26761592143	1858.2110909633755	3014.0334075466258	7120.66467261999	23865.067464360374	443.8067886449204	793.9727115200175	1642.5728688249362	1692.3573781596551	5212.683533596931	5962.218754517945	506.4724544076052	4837.160214741251	36819.294484961334	4113.1354783102925	7587.269314731471	419.8852738965521	38.90671259288732	3498.578729351396	388.0539442573518	4791.815290461862	27.312016377947817	12285.92375606338	1217.367227699835	30181.421476274718	105.49778475614505	203.56944310740627	268.1598692928246	1820.4016807927405	139.71277721526243	21230.69427945377	126.58337220600441	22568.307365322486	9.212532020448917	156.84873702764747	9712.54848360543	4996.911904950296	121.35547833734319	4380.855064070776	162.47520272454065	3323.6573332482712	9657.868381618853	7261.9135063365475
GALACTARDEG-PWY	173246.3505040249	1958.2228475348222	38935.45840080779	8546.473377982202	7299.54383988313	4311.238258697797	13739.859205692785	6978.394820145641	21564.607001449887	4019.523157318785	450.92761743576506	28007.6103248233	19118.182189421444	1667.4546145471654	31436.36102224601	4628.256350404447	1863.8163496390812	95.75231210340598	803.5947859026726	2706.0939442373137	11513.18881163398	28124.584576480145	8668.265335546897	36946.92840178742	21055.675690724744	47669.351098319385	34722.94426859323	41815.24179102028	96899.84189618056	3757.17876952073	7125.362654401072	6617.1376271754225	39486.41477060871	87109.0671021821	34200.90640472028	367.48938591261617	23322.894361339615	121235.94704059241	38179.239820194874	51806.88567129675	1811.747485887717	157.21408112158437	1850.9156079489333	5834.5415843183555	3623.03923937442	331.21513979054913	10122.539259855303	4704.496937675415	37410.89580820201	74281.80893346568	5548.057613955367	95064.98798128258	329.08927972889376	522.6374587481166	32658.284953741193	113.14964593672295	13848.596527107267	118.52642930578695	3304.99735769459	141.87905105763815	4251.467140967393	831.1714919621571	14.478717958636466	62.00688913404524	15302.470819246137	56064.40207956607	11537.410361134855
GALACTITOLCAT-PWY	44544.07365214668	65343.40564266928	105186.35465043882	94022.57262240544	89661.92946631431	240646.1548860497	208288.6372925079	399050.0028069661	210947.52189023062	133352.80962467068	131650.92302561997	79646.05707533388	140114.83472914214	36483.20120694047	210299.965224515	34298.34219033201	33742.71671309639	175603.73330529494	202367.3873063132	101678.44791864938	30188.53775016437	238522.79349283688	19213.45181943897	170845.62840279881	157611.1833575422	116077.41986709106	86906.09711991606	29171.06586500418	12438.5131818941	25412.848357997897	576.5733333333334	2968.4456005369016	84830.13703410773	24677.264307361667	22160.482916476583	6879.156759247297	157269.30588011237	83948.22538973416	76168.42459758687	73421.45854770284	181790.2896227413	97913.5832266591	93682.98336961976	5484.715674150769	45631.428351329996	3157.606185598142	25507.00983970591	21477.96195459852	57455.4741650278	12210.364047190043	15151.601479422556	9931.995639369054	2590.849999532199	2506.241797594759	77644.5050238223	1258.747559223587	95413.63478742451	1404.1241846461867	11471.812124488548	55662.32455676762	5088.391411543885	2835.0792960599742	10453.04827202432	1626.6457376058709	19066.81653984501	53437.825030262204	28486.65229143162
GALLATE-DEGRADATION-I-PWY	856.596024987141	166.65251716024656	43.294728304947284	0.0	68.23200760606598	176.39223361840072	1355.3285159760771	1608.4953453609628	7.373440006456886	371.5351157116213	0.0	890.7053881331577	1574.9309750755672	7508.221711998551	4703.359622975699	692.511512967553	116.92988735068508	0.0	96.76635347235522	343.41241020974877	20.900598130185404	119.90250410117471	109.2626256077796	1367.9387632359337	921.7311323257317	1385.7610275907464	1345.4787472377177	10320.784153208071	19632.176940171954	811.3831302975772	0.0	639.2851522171239	1634.0709463226099	459.99419253435605	2711.534541055732	15.159971231891502	878.4733417066473	5142.0866267287065	4043.9799318236223	6328.908599200771	125.59679981081607	13.586112112912188	411.813388634937	0.0	157.47932373614398	25.142857142857142	0.0	379.85434105950264	2533.333885532348	25.953470473105682	154.87280170190164	4767.4806572142	16.639871382636656	7.6152551878855865	424.2390868682244	0.0	141.13363321784152	34.810810810810814	287.7151401946359	0.0	807.3160522341419	63.89590892030527	3.1480760875724894	0.0	4426.4590757447995	23464.425722255844	56.442082064710334
GALLATE-DEGRADATION-II-PWY	729.3520495552071	166.65251716024656	221.9891483715957	36.21684205320703	552.5822930546003	667.9048261042616	3041.310873288272	1608.4953453609628	46.49920972291909	1211.4620826295204	0.0	3410.742306642488	3589.2050278467823	7477.890197294419	13211.954426137276	327.0735567503101	103.18945531417066	0.0	89.13661023215018	383.5195836929164	41.44200668673797	570.0999425171522	258.98314808174973	1367.9387632359337	1698.7127566018555	1234.5451057267067	1345.4787472377177	1545.013751576205	12270.088883531107	0.0	0.0	1027.206706787424	2828.717907224829	2757.090713248177	2748.1913783195723	15.159971231891502	1509.2411355695986	6889.788247830083	6760.7773082466665	6328.908599200771	125.59679981081607	13.586112112912188	411.813388634937	0.0	46.67305854167946	29.333333333333336	42.43047273942206	379.85434105950264	883.1218743087946	45.084045164936875	218.2436259561151	5192.881122084413	18.334809565987598	29.331413141314137	172.6368835775527	11.608695652173914	758.7781869665954	34.810810810810814	355.5863290654328	0.0	734.6754212452446	13.527931555108205	3.1480760875724894	3.050554582603619	4733.724948433596	25730.039715971736	95.54597929408031
GLCMANNANAUT-PWY	112914.46825403314	97451.59291285298	92529.36058725044	105652.59228959527	11062.946237986565	21191.69551958233	93525.09751386898	98448.26458496194	145252.95285656044	243125.77177827567	153066.2928090967	121035.00003576794	37214.77819703285	33695.00418812011	167359.5036623929	43010.54388987053	273128.758827775	175166.18602642498	245955.71585552313	41459.606585841764	97046.73741685008	78592.73721722627	118453.0168397167	133610.57309380377	163905.29325731893	103316.96908932297	65073.38700733877	86599.31779914055	36430.06809388854	350097.2839289899	530.2849135751684	2455.6028954794497	128052.07770307941	58847.59754405744	41357.848754539984	104600.54041180779	111495.76386695061	89463.01273059008	130048.75775508602	76793.77100255963	53749.748951491885	157043.31983966933	129723.26275053955	50773.697202085874	178964.02019749515	41999.41618882745	66247.47704837612	140335.9082349731	69352.97579942406	7810.587010880234	151930.26891091766	148421.46031910766	224221.82565570713	122859.43306515683	95642.35681009483	164163.66208310213	146247.1376222718	278591.7425658585	167491.8558581777	170637.94597209894	38419.56603101967	167241.3061550493	52158.41559205531	182499.0856485957	150080.76881170576	36399.958830119554	101963.69756387924
GLUCARDEG-PWY	212834.07490122286	2122.595062184657	43142.15779502875	19226.748926944525	7483.140171214803	7630.534850992651	71888.09697255905	6891.410532911701	22343.90633176054	4724.241399567133	897.0061761586783	44156.20648363928	20577.10062014205	813.5374096743705	73362.3449966025	6116.441020617246	1972.611667962095	2609.8033634579265	5148.248982949929	1822.1299054577937	9889.616030927122	29492.189824064248	8880.621388584574	81176.29885283434	47255.40438028133	139513.69567203455	75145.88362364654	33673.673755059244	62553.867815189165	2535.450454389149	6040.626949435192	4144.64685585692	63273.538384876134	139940.31193897635	25491.898167256953	788.499427503201	71438.77713009359	157983.55436529234	80095.20839891036	74402.60581432134	2558.030715706273	1343.8348832803488	2994.049368645729	3856.4188419029624	2525.793168338923	472.2974504684129	11662.031547647253	3651.6614140927236	52338.59418318171	120734.48809316884	14520.370158971797	158727.5279196096	322.2414047585453	607.3672907084475	32912.9743940155	107.39206519597973	18179.868649144737	98.14233106144027	12211.868269879675	131.22859235217837	3094.343395158767	736.7637115305049	14.478717958636466	88.15493889889173	15302.470819246137	51379.94394851762	9946.658225850224
GLUCARGALACTSUPER-PWY	173246.3505040249	1958.2228475348222	38935.45840080779	8546.473377982202	7299.54383988313	4311.238258697797	13739.859205692785	6978.394820145641	21564.607001449887	4019.523157318785	450.92761743576506	28007.6103248233	19118.182189421444	1667.4546145471654	31436.36102224601	4628.256350404447	1863.8163496390812	95.75231210340598	803.5947859026726	2706.0939442373137	11513.18881163398	28124.584576480145	8668.265335546897	36946.92840178742	21055.675690724744	47669.351098319385	34722.94426859323	41815.24179102028	96899.84189618056	3757.17876952073	7125.362654401072	6617.1376271754225	39486.41477060871	87109.0671021821	34200.90640472028	367.48938591261617	23322.894361339615	121235.94704059241	38179.239820194874	51806.88567129675	1811.747485887717	157.21408112158437	1850.9156079489333	5834.5415843183555	3623.03923937442	331.21513979054913	10122.539259855303	4704.496937675415	37410.89580820201	74281.80893346568	5548.057613955367	95064.98798128258	329.08927972889376	522.6374587481166	32658.284953741193	113.14964593672295	13848.596527107267	118.52642930578695	3304.99735769459	141.87905105763815	4251.467140967393	831.1714919621571	14.478717958636466	62.00688913404524	15302.470819246137	56064.40207956607	11537.410361134855
GLUCONEO-PWY	371813.62145971454	260240.20324143543	204515.55457212613	419233.08895127184	409644.73266196664	320735.3244116784	304277.3562067592	242459.58045968186	282437.50130760594	337961.79063745774	210298.28192572764	215716.7383616833	428609.7295043632	276146.2074427134	458840.46697694465	169416.6013730035	342904.96414033574	289136.88269762194	415213.31511987624	110160.17755155818	189654.82387954002	220884.30667820873	203973.868259935	282557.2728643904	292659.0324654613	335293.20420245384	300054.907611977	226119.03750528887	280305.56899475574	455215.79141809914	6105.9509568779085	10360.575032684696	239983.38604851553	348877.0478399279	147374.734119974	161558.18418656767	271437.38623263297	366429.4009026581	335328.63299255254	217890.1268471181	206065.61024731083	240442.37481500383	187630.0165389746	104220.63200588792	232621.95759742497	51023.688410386734	134673.83964959974	174217.90421996044	203210.9059838428	221826.26881209647	226699.47513950345	393495.83028933225	285447.2796936412	149818.22452616566	120431.19883845067	206308.3759314764	202542.42858151055	346783.2694800039	279630.02342562797	224381.68406120964	157632.44514785893	212970.99266826877	158589.21349315095	229846.480734085	234214.1388692951	190085.09020262028	241825.73348980266
GLUCOSE1PMETAB-PWY	495218.81000000006	332645.9	402936.77	266720.67000000004	364435.95	477315.63999999996	560762.05	651828.02	442281.87	366368.06	269419.02	275499.27	743531.23	321274.96	719996.0900000001	223815.42	290643.27	324731.03	418314.14	242905.09000000003	233302.73	487023.87000000005	161871.49	450176.24	418664.12000000005	557231.28	494630.11	351869.56	342409.92000000004	370497.85	9258.43	15938.96	301904.61	488062.2	191905.1	159624.93	456852.4699999999	339582.77	463690.26	332821.98	397665.26000000007	229392.24	188827.16	119855.54	216213.76	49372.27	172857.57	166202.15999999997	277806.91000000003	335188.49	217824.26000000004	622801.45	227586.0	126753.49999999997	124845.69	168095.51	185706.12	280953.12	287008.28	177110.03	140900.28999999998	169488.90000000002	215940.98	186949.25	224229.39	248707.59999999995	296364.06000000006
GLUDEG-I-PWY	135855.43342286837	71148.40547881668	49608.51733567951	84379.76006698003	4888.349139692211	6648.958376916852	42532.27909185476	37148.361440577966	26933.02337451849	48774.68086538913	25976.642210691945	70365.82402280858	107274.3558368558	27692.254807923942	151397.9903322447	19389.443713325665	7064.973565195623	3496.1511398722896	24557.148792715503	15472.966449669993	8975.465637997684	56087.45578977008	28309.679879635296	92002.81437732856	92565.4076828559	53846.001767963215	73643.29764668753	79902.19236836249	63891.52715331932	9459.461495991442	6.970531694855834	423.5088966061634	49466.68710257459	66573.9678705836	36837.006801746014	6412.686562651433	34251.66223870209	77103.86305202331	160437.51522578014	51507.70485176112	16517.85154591244	1751.2104180698552	79499.17634124326	8633.641936919146	34134.45042231501	2117.6868271069607	44345.47625940741	12634.931465013206	64802.49909066666	22680.770763611017	89000.74386077566	58294.747528499924	4935.145581757334	8831.508363189832	50111.92953269003	979.9696165019426	18382.870806835675	2073.2189129844087	118008.86685912496	72440.7598837231	15284.268916707138	5988.726811823903	9761.779590139027	4696.799132912022	65245.519323555985	25008.84872380618	42269.20497101307
GLUTORN-PWY	360575.51590290753	80302.22632467007	54509.97083673541	292420.61769655783	320782.1964849327	164600.28889454785	176701.08355246476	124991.17826173789	130814.13458535318	63502.84286110439	19374.359673515883	120867.52468409033	213635.58449332614	187896.27916485965	309324.8978796261	114323.98468254012	32230.61202788761	68818.91621192443	107142.10214640504	19261.533487588353	58493.49033180163	107544.40222571752	99676.1166017627	186799.93437653757	142082.22796734734	269893.02613962954	213937.1001228277	201654.76757422814	273061.40126331203	119930.86968665996	10730.120329684372	11227.825430575334	141340.06360603066	278331.43856286973	118873.04770492096	45366.29892013228	195243.26259953872	323069.65542067157	244529.87478361215	202667.08393594017	81227.05116732082	59581.30792972296	85078.29906045311	6619.892060359816	21896.45306393705	4064.2644910442677	105201.76607022971	25294.8997806969	163297.7924602398	208854.25090721704	104219.0051749946	411853.22652864136	75857.95452572302	22131.32234054795	52530.45116928109	49065.018079886446	69678.15524406379	20499.998187231868	142031.86317048088	90238.5881282801	112669.75951138537	30897.31840181695	74621.67888828584	38173.89240994284	90094.52308856763	169001.60607043756	90711.72784034004
GLYCOCAT-PWY	58381.59793896756	18936.33019790258	45977.18357213846	17207.64965850378	10274.87475094618	6574.596506549021	39700.51908080447	32504.477186024385	41652.200841300044	25029.53981500145	703.145176942857	60715.56605992993	24534.11791685205	2817.3086057604605	92077.9717210589	15981.68146746736	4490.810759122124	320.54920465926926	6607.78395832673	8834.456083609166	24221.82019618226	44321.094922450204	50942.42441408303	64482.450233814096	56346.09461839145	47415.82373157688	42976.95798219811	86349.89685429759	191461.30661442838	6999.576651985299	5299.527395320971	5843.930666888989	35887.68444684824	55160.230873175424	58040.20125718386	5201.216074972092	23915.959859120354	126614.67697659736	52852.15338091356	120470.11782013567	3933.737120510469	417.7977144445059	8388.17167114271	6003.712849386803	24066.04647110272	859.2839636363658	22379.61669561636	13859.340741658702	71648.78909574439	7595.983182045746	22825.18079646803	95060.79999926052	560.296571841204	966.9917493712267	44828.637921758476	248.8083865948965	22331.530075717645	194.1741099340845	30416.192917096112	142.65680830043425	10835.396276312555	1957.3948561341706	157.60892567751475	24.988189414782475	14867.559421052942	37679.32818715313	70147.44706791734
GLYCOGENSYNTH-PWY	338536.4527752332	217840.5748990506	156059.8611419056	157131.0894303514	77121.53516451686	190617.89356016618	277884.56222093786	442363.81099095737	294839.7194392212	335198.79682958126	225704.98535910866	192443.93083724089	246994.57240295506	273384.37599544326	361736.6836000419	226918.97457862832	338284.1321549439	331897.76763544907	453040.6894005471	120629.93269464259	202491.72731036012	307251.11311679607	177762.72733626884	240186.5175371754	256117.72789121463	185514.1914855448	151161.43592254285	277358.00557325885	269513.521421327	462574.38359863375	9256.554711354975	10107.003719773244	192531.91590085783	200159.80912951208	122325.333386531	165891.6898965982	193572.01919303328	214943.29851180167	224292.91663419086	225849.13959908223	323030.3335512235	255591.62744146938	183518.19523891222	103872.7140467409	218700.45824287884	54458.7469591088	162657.63093789565	179153.26694817096	180932.91018879772	203884.25431270458	224674.6172641242	285921.4138114621	288172.9098040482	153171.964495643	126778.17458877421	210619.76432825762	180313.65333403676	329949.2056373966	255151.18026238732	229047.18599140996	168403.63166169336	202358.30646337042	153476.33569019506	227047.7533619658	211552.26088949374	129231.98481038045	242534.2132763963
GLYCOL-GLYOXDEG-PWY	3255.255989284074	3431.6350935710147	19626.12651855662	5155.687283483493	4486.075842783369	1169.1615108934975	2006.2472451135409	1330.0483725054098	22746.08557210136	536.7416777035336	41.03158957999265	3881.2370260205726	5293.088933158723	1720.0101939409765	5406.35685082119	523.5019633928052	109.06494319085789	34.21462642422248	145.56543470528192	60.99973395256309	1878.1761405389027	21406.086102488338	3120.0227995634605	911.658528907472	1611.2260973394964	5401.2610860374825	5387.202998802844	5059.5459787535965	8790.298753121899	904.1404444669578	559.9200959943146	228.2665787419953	1834.6282896870387	1386.3082543492221	3118.2433720957674	23.135939420650704	3027.4234272757226	2547.6502775615263	1599.2259935680763	8206.977327963634	458.2687294438366	37.92261544771428	4296.215289423577	313.85727118405526	3081.8928233779156	453.5112543647596	5655.636298390266	1047.226627072033	18729.17069576472	15.104555300389876	165.91129454118217	546.3997258730888	134.0700776717885	68.71967199241323	23178.464922146784	53.8008736656136	3898.129111747924	0.0	65.1234646457721	20.16263037941428	395.96166060678485	229.1219397653267	11.073874529708466	0.0	4809.531930847247	15824.029304533511	4146.828196070664
GLYCOLYSIS	387970.35908812104	343029.78858239774	270306.8768780489	327956.2788557769	321588.47532565176	363778.27816081484	312726.47966003156	332368.0781095377	284039.3726420648	346475.6396497246	216123.3873275688	219860.3937864445	385201.290206366	276685.87183871976	456865.6985367311	163514.55385640534	347068.41344649	287405.35243666824	405103.17958423455	147105.73445838748	191167.5080015604	304533.4355862188	203559.43071123227	301624.53535133484	309900.3007011884	350656.91030556406	342665.0937470219	298179.9783379804	314021.9427701953	463974.9284957824	5728.184158880702	11238.110025856922	235896.98750012708	331190.4914879321	176149.78799208475	169188.4643282606	291860.8168343706	335991.38918012066	355603.4803742984	250837.29108653028	223243.06501871036	241735.3233593853	196167.787308436	125212.96131733824	241450.29034241076	54841.92984331458	148832.77800104272	180489.734782636	221586.48383845185	225068.6631020476	230904.52773997275	380917.2124045903	294100.8827654171	159604.50364726738	125828.44612415343	215463.09744014448	207738.58005574415	349085.0472540143	278151.37292488164	232145.19409687622	177275.60089542757	218887.83474305068	166187.98046993843	236767.11313985594	244579.81750199408	193499.54653928985	253923.30942341164
GLYCOLYSIS-E-D	298202.1587414826	1543.3730724956856	101410.32913247216	24406.84444561678	31489.531639487293	3268.0823314597906	62058.891646417775	43092.27008893259	62938.73056214879	43172.80673245375	1338.8497673792667	71708.7707011437	41019.99905235841	33088.715615293375	86438.32323866681	8038.6749471249805	542.9251756728545	197.5482340730522	1282.444262331527	20186.701162684283	62622.85718453435	80186.75399097186	70014.6130337514	48605.604965951024	42308.387538264484	41903.82443854605	50416.40024149263	58943.29095297501	174470.84493938353	3696.2184292309016	1492.1069763576215	3667.8296290430508	94612.06643018965	181958.96563176488	53534.36166107474	553.073417820202	43488.11489006774	238829.8897112107	95527.12484821664	118435.33243744503	1952.1908923097767	198.1363704746997	6795.739313153903	1169.0976902167083	8599.407660265895	1145.9786802986334	18773.09539472181	6261.6669999013275	78613.40864922095	127375.41689700537	15638.69229760345	181052.06764530076	904.7450563044955	1676.7584502622706	63465.005168180294	249.7618487600886	33788.32165011448	227.00361258255305	9294.179064956095	91.76804454292572	10362.358947380457	1532.5955156166028	17.800772549027876	30.787985745966953	43894.91987519623	107547.72151782467	125087.39650228531
GLYOXYLATE-BYPASS	91577.81467601645	2553.1670065476683	29001.806310210894	239654.5176034719	267209.5293064345	116296.06162386702	149952.32957254988	16514.92451347986	73019.88271806875	22402.016689018717	10692.534452161482	70331.27455081898	166776.18689223734	12881.671333991726	240407.62416113465	11238.020448741838	3378.5268489660766	564.0550924360214	8980.59994937086	8355.249426006976	16751.97106437172	34893.03102181126	62815.8635028131	128565.98353832665	81381.85304411588	235867.44931841054	173251.19214171855	77408.9063561489	123816.37214340175	3744.48659658903	4846.43	6283.600616040416	71835.97324287516	172292.35389106904	73000.78000476546	3090.396716006302	156713.2274908942	226176.12124381447	196949.02338804564	154842.87063536912	2549.9187321095606	419.1815648317361	7067.269405092227	2518.821846065564	11534.693972986035	452.5856331164392	29934.179092581577	5055.961402345741	77603.45294704894	148695.8054282189	45153.612664141394	362333.1579417626	983.2813838954283	936.5142231482456	23304.290647694557	190.74961416615105	26105.881165017294	114.51201228066608	77014.12080320918	228.1154913115115	4634.865462645053	6330.177141049704	7506.3142177826385	1623.2298654008641	45348.67353607667	109583.8021407933	42424.50813174372
GOLPDLCAT-PWY	51550.92349291693	106001.83142641307	68110.89642733008	122471.2391590937	3858.003958809207	62900.6760439502	34915.078887697644	136041.98778928968	45476.4315263665	246698.06839250063	152470.8523333085	63497.92975099438	27144.94669451417	33886.84441460793	132867.57248381292	215892.78748103735	302087.22325359157	291071.3192502511	448591.80720379774	17085.909103579404	107175.73281621427	76636.19845397411	131022.65212805363	98949.94482887078	64288.93322570173	30510.4672582306	82757.03631840558	45578.633466876425	29510.875521267833	328802.2142897822	0.9988450788811123	640.9418270726608	56138.42182418823	35011.983498136775	46290.796906937925	92775.29111649687	2283.3649091663005	34054.54013759219	67677.54893605603	28012.577393570005	168546.2351304167	229286.87948354226	81393.76370026707	11644.614509341856	191448.74417285275	32123.92976281015	26126.147287889777	142741.89041488428	42716.48362784991	11418.239280815396	119822.3391645884	5992.902524839046	202202.40412448946	120058.96662987334	38801.88905804251	151641.4243951156	31965.074019822496	315469.86761131714	130760.91277359295	118465.93656821604	11595.331263913522	178829.27721295366	162420.4877327992	184425.5978721245	137938.75278216277	14823.856127194711	96433.1453087407
HCAMHPDEG-PWY	4441.678716794476	106.06440778519894	7376.4170897291815	16.48631663384669	610.6755424008658	229.13583034836603	10687.643966102729	1441.7498076823285	337.77687191589786	1791.2081211453963	37.61970920840065	6541.460712340761	4579.8894885838945	14.657668046554422	9326.432005050547	188.80654571553399	508.0334709457098	18.538186424794524	298.51118043683846	322.97530605162603	78.95405384157505	1914.3116461801987	456.48283546637816	5681.872712384315	4550.638076425355	1769.462206249947	4474.052266195485	25581.050557734703	9268.72518253134	939.8187810267674	0.0	408.30932062506923	3156.098982922172	10465.114250442131	8573.11776868802	378.33848103386117	4161.645593868555	722.5085240827254	10786.127645503293	11997.261983322365	179.81696340202174	5.493300332849706	1676.5678224185115	204.7496022158053	1865.7920248585353	47.65520155497339	1062.9363816494283	67.49241150147017	17087.88097308174	375.45432830657074	494.4420527659132	10565.53180880685	176.05074927236726	229.91293818596915	719.5824627362733	0.0	4617.793158090078	24.96872443824279	800.188700940439	23.11721404303511	384.8839443157948	300.4725857789088	0.0	22.149153219995732	3795.253824910451	15423.202789522491	234.16868729164145
HEME-BIOSYNTHESIS-II	181585.6426461596	7296.429899857318	42081.157561147986	323617.5078294688	301124.5515407344	162127.1750809106	96390.29724736926	20251.041565837004	79053.97177370511	29636.292023096263	15149.963528377059	58697.355087739335	163723.32342791796	16882.76151198404	158467.56312169353	12793.17981636862	3984.7807023705077	1812.5694697659587	12471.469610681912	9581.215313677008	18509.852374448466	34267.79860405989	57507.652137413555	130849.02140393088	87741.26915518832	168916.92254496104	131071.57225210866	92938.62430040402	166441.7221770088	4987.620621572458	4846.43	6791.186114962467	71582.3805914879	161425.83411810658	86581.18931830401	4925.248691278953	137132.34299943474	238884.991578454	149599.73437165763	151912.77157574825	5493.500376310488	614.4378858708493	21671.230435015546	2911.242333539531	16041.910533931537	1138.0415574510623	27488.353531387227	9851.500988046408	105333.08690546511	146971.49463500368	36673.1027515699	243000.37682449698	1655.7454093001518	1455.4631563531848	28870.443621421273	648.8053467873323	26002.205224603415	174.39213096098166	66059.94813799804	362.78970743691474	4417.089437168474	11183.478417651895	9011.893729958776	2011.1989531792572	53128.84246617798	133296.01810619124	56262.06639598653
HEME-BIOSYNTHESIS-II-1	181585.6426461596	4677.006598855307	42081.157561147986	108669.92474337791	133450.59668514048	60662.98992170261	91708.69805922992	38737.48662641	79053.97177370511	76451.87069511524	30763.738447306696	43348.728645622105	163723.32342791796	14861.380853185858	149973.2657219824	24041.283457798163	8095.414024276178	3827.2177604191775	21054.020668293964	9581.215313677008	40909.71962505488	39819.407955165334	74943.9372428077	55672.40483839787	33509.26686519382	131198.13870680565	107159.56095297723	27558.930113748567	108640.49655251103	15419.631044218168	4846.43	6791.186114962467	71582.3805914879	161425.83411810658	36150.68490353854	20723.712815291732	87324.2544916699	183462.72605794886	118975.35475690945	51016.65864867477	14962.142204785192	2766.8759841629526	25470.458359897344	2911.242333539531	31796.973186576433	2382.9309282600466	18574.16896164861	16358.895939942306	51348.15431285185	91437.5521691421	48755.2594247457	200677.0164790928	3072.5172860897014	3929.9114915570285	32502.016361832593	3909.885984892456	26002.205224603415	807.6049931151662	69658.71618148928	575.5685082963918	3680.565590644342	15988.489848054141	2762.9252489542587	3250.2137965817287	66048.1867391517	133296.01810619124	63466.41483741028
HEMESYN2-PWY	178606.7934475489	4677.006598855307	41281.909494056694	108669.92474337791	131495.99027675326	60253.771912834076	37713.960396184644	38737.48662641	78687.78119872388	76451.87069511524	30763.738447306696	30925.09018252768	155238.98390579387	14861.380853185858	128348.79165482061	24041.283457798163	8095.414024276178	3827.2177604191775	21054.020668293964	8770.311479892898	40909.71962505488	39819.407955165334	74943.9372428077	50723.96918290342	33295.56783958486	124759.30817913575	96763.8157872963	26015.014096895175	19895.119078118136	15419.631044218168	794.012997086492	1542.8040793274433	56044.68710068063	126415.56271893522	12334.16104537294	20723.712815291732	42856.38104687978	167436.95498409492	48825.788579468	19690.529693425673	14962.142204785192	2766.8759841629526	25470.458359897344	1863.5910605635809	31796.973186576433	2382.9309282600466	15085.913044658302	16358.895939942306	26677.158786100546	90923.28685818342	48755.2594247457	180570.71545219928	3072.5172860897014	3929.9114915570285	32502.016361832593	3909.885984892456	13005.42624201165	807.6049931151662	69658.71618148928	575.5685082963918	2993.4359593624595	15988.489848054141	2762.9252489542587	3250.2137965817287	66048.1867391517	41839.558459068416	63466.41483741028
HEXITOLDEGSUPER-PWY	89141.31499913603	9964.699433642641	70061.2602483257	47164.25330148415	26802.154392156845	24053.03628935582	120993.41013078026	165699.6137478763	80426.53087428401	30638.956374959165	6858.472522973311	96488.66927741801	96781.42211680382	46827.422663316436	185628.0689965432	21268.355436102665	9262.035306387146	23131.49337530092	23546.306678817782	28382.724975396086	41301.6079160651	159194.7873942261	21817.11667505287	119739.3301574928	101351.13966792308	116490.80892923617	106878.54753292318	73205.82275992585	36292.739177662166	30559.189257955462	1083.1925418469834	2962.3496995973624	74442.3027922371	60166.12687192051	51067.42548631754	11342.125147082517	103777.86650795028	64153.05970695488	98258.9478997993	122840.00510449533	49553.1884145214	35616.0645519091	66434.0415280957	2645.348558283885	43900.00037849781	7451.2105765743045	55196.10210878972	44537.83128548227	93659.83459451128	19639.622989021136	28284.149455295897	32040.73281912107	1304.7436944562598	1208.2216288595257	68900.56472328682	3208.005297122189	38757.79163519131	435.48254642118104	27680.765001650765	1967.3728178208996	8607.370797194342	3198.1823162045193	10976.901527731947	535.8092917544535	23596.286587291725	65956.23571092321	59193.82286336383
HISDEG-PWY	302893.1325092342	7665.221561371671	78647.52760668403	278449.3479195204	292269.52922557597	136582.0060534816	119916.93351598213	49512.93150210468	128717.7169838563	157896.92387168342	90275.82369372952	115803.3484458175	232509.56010917842	65995.21486172946	309228.9128675016	24575.921963545457	215071.2604542323	121877.16086210443	223138.80207326642	35634.919869271864	52244.70924252698	66785.86560558056	77324.34740775051	162922.6058322658	160567.0044032749	225361.93017482504	168047.7284593678	83152.56631090563	179526.4319301922	227146.71824942317	4843.43	6575.108070449359	150659.48232031785	194649.62678139567	69463.97029621323	39131.66511389452	163806.61679589815	272826.23626469617	178056.59988112934	139807.06344331268	12002.19839262344	99695.3484627151	84020.12343909475	7519.385512966659	129420.30326659809	19014.265618525616	40746.632240574574	97215.74683067015	107547.76212851565	206389.45038442127	98525.07979653747	372522.40940788016	129504.58715099661	52339.28769368339	55492.90764724625	80762.15804785815	115314.94962704046	234855.92722305897	134994.04113467032	76706.48053778337	22082.255226278714	112866.45959808627	35201.006508199156	118613.94936774993	107451.72303762588	130989.6244931857	115348.06970790391
HISTSYN-PWY	336184.54901785334	113462.10542456475	87352.99121552808	300543.12651902915	320069.33905897324	254969.69189878445	291232.36492653406	316901.38695112715	268786.80983835313	114335.84371589344	80377.51978878299	163632.34150183422	271759.1587364578	237330.74877228923	400820.9187842617	112074.47527651225	51250.74559864527	113469.30717003955	119169.69628788794	67333.72872259436	78350.15625112521	221884.67072046737	116475.19013799421	245833.82581935517	203841.67817690413	307523.35624371126	243519.9609613345	239798.79023100468	277985.0049708343	148139.36820791	6221.1606335772085	10402.707418255548	193547.50579529325	265466.2047456937	129920.20448769814	70804.5932124846	247629.31295963284	328716.0839345228	272626.1398972512	248533.54954457632	198875.75836405126	75263.11315576713	154210.68601810423	9086.81993699301	33496.41395610722	6907.762230067172	120158.11121149847	30872.770059161256	180313.20154179115	199534.4540047208	119117.69537635472	390332.65185031266	90975.80297746079	29796.53320376028	66545.5174177048	62495.81646582484	156652.3416881515	27185.781561520696	157585.0331718997	137670.92281783672	30472.069151029096	41138.744550983516	98964.70715928137	47730.083161029695	101041.34850191286	170658.22249948635	112213.22463651703
HOMOSER-METSYN-PWY	125618.0822483362	56920.05925683132	58948.139780084515	282337.90276858426	209893.6351745056	115014.28115513334	70779.70708572955	142673.4253196642	103371.56394367423	100360.22959763902	64834.62288190368	111215.9556701338	101941.22911807489	90273.58574781437	143995.47099833417	39923.67947968327	33588.936100930274	85304.4554198059	62509.44030877483	26353.78458812028	58107.03545566995	105487.7236432729	104080.65935416445	74076.17643674141	148322.18394754914	49015.98824294782	67905.61529044894	169405.19461052827	103267.3241111011	59754.882626088955	836.5212222029462	4220.658275967017	119219.80790947446	101944.24497227427	83742.68182319954	21550.707529658906	102999.44148661094	202170.61761877663	137174.6501953537	43400.0050026006	33343.032931007925	30110.668715269487	117414.36740885203	16307.282988756693	64958.75627268233	11194.877038929828	84414.00329661567	53872.77396817592	94823.3570593405	133055.20745590905	79364.58517748039	134512.55038675718	5934.58842453694	18239.27568963615	63177.07801787912	3765.08235261491	81439.33730561656	5540.250123319828	107831.37315018772	1895.5584550224946	16705.696651089063	30170.356044915265	25665.093178301762	6524.952344007574	100424.0518464151	78719.62106072914	97939.06202936449
HSERMETANA-PWY	264954.01460956986	117809.38550958714	58259.10866373385	319182.95276447764	281000.86288225325	146426.56365258986	187844.4732299746	90044.19884381593	152819.17326327125	94775.76400078241	71272.25299432446	144910.141633031	231516.20878985676	102054.41057666889	335714.0692672523	40112.249999694024	26517.12959664326	77618.33133137129	51689.37374891725	38731.75272238388	57153.01014258352	107345.61661030875	98594.01857089406	174119.7742512995	179126.3879396229	244925.31215779483	181361.6927895285	196901.47800763155	246198.27514684122	48056.11418952264	19231.685821514577	15461.016203351895	169864.51492431946	239435.1454995462	121920.22602061224	17775.00533079344	169749.84029464415	243182.0025322726	257066.64152206722	198978.55508642222	119367.74495371593	24391.492008466834	119328.18292453102	24767.234186116006	60935.995946682524	9719.773485809084	106380.66521380734	49379.085907957975	178118.840740115	193255.5264793675	83331.70216375138	369718.0929916453	4503.362887204148	14949.903323305638	52907.394848268676	2857.1500811477263	77048.21945469987	4177.998196853977	126913.78203856923	1430.6895017318077	16233.324973118064	24287.859674240928	23551.254528633206	4965.569038986789	107724.48364840451	174522.33055101382	93225.57224382811
ILEUSYN-PWY	400069.4416663358	119936.08805935904	120361.24131108997	365249.4995742305	372469.3670508268	220901.46546782975	304262.3239185905	215588.63226785875	238037.44335393692	147742.4032675131	85411.58743381985	207763.40732377156	331847.5474448534	241232.3300989141	454124.1929395014	170067.29965852256	76179.89012804927	121422.09460284864	161132.02700989082	47427.671650144446	114384.26279363087	169029.899008995	142523.38856374	290263.6533565005	269937.01838084357	371927.47957575857	304805.8229050178	284887.5682780206	372836.4407412194	164329.71714998424	8489.040149489694	15404.882904336397	198235.92115038563	333928.1117945244	179732.75486720962	114205.1876829389	293611.74152169237	382873.0377017515	350346.84786943527	281360.0730784011	128300.10727842664	109535.3670691398	178219.59517186336	56413.69021217995	82357.66485641847	28064.061258324225	147562.07932784647	74006.19454421547	224963.20080080754	243583.0931871519	160030.49329164604	465240.40124236385	117164.91245476481	82936.88597348447	100752.34235254223	99336.42046179631	178159.2990031337	55793.90634951803	197355.41439755895	155925.3862341952	159918.71522888335	81202.4912210169	155368.2036917479	82371.56038148708	159477.9172710201	205701.1562153369	161854.44610662616
KDO-NAGLIPASYN-PWY	38503.94344814147	308.5485738353163	27889.57310495863	17687.01941924759	30530.84563774296	3304.002519660328	6320.349839053544	7556.371620514246	45917.73873974558	15864.489414851849	44.16196125721365	7894.967337144715	11432.215993231819	12.49331926096687	5638.537081804453	14.813837977654819	232.6285817127164	32.01018772171497	100.00761732046332	5570.124203796301	16048.83838929918	22530.64121752084	25971.96263887386	572.0107954970161	9128.465053451544	192.78485825488153	218.89595480237838	2585.9218495402683	10106.760142620324	1435.307315674695	1747.082607724395	847.4145834693823	5422.243942530604	5168.652900859855	6679.891974967314	24.797480372145525	2204.51302245812	128623.4951731875	8742.818516133771	473.2913929390767	491.1403859953751	34.07204549819398	1129.8112429622938	217.63060649155767	0.0	0.0	4827.012629253124	656.7074726262156	28576.93350690197	19935.02125235285	687.2444982967048	8194.316000476241	212.0127210321466	310.9957686100447	21331.17287907754	51.81423615490298	9834.585216281781	4.541181376214681	302.55384560311074	25.943774910149234	23.807115758077025	0.0	4.366675441071287	0.0	10366.800120407766	76591.87667059549	42944.8507058431
KETOGLUCONMET-PWY	25390.525275233573	2366.761867279679	18622.195710213717	13386.659911374636	25576.7637890587	9869.426142501703	78838.87025764768	11120.794814412784	20997.509108893508	8603.519098845052	652.9459704468071	36176.039812428404	32210.42435468702	1876.7578972894207	102364.49052709399	3201.8981878778345	261.8886729906824	48.82916115697675	109.31539880636814	2220.007568268023	3592.8482124085385	20134.211990007607	8109.619625981093	9795.910902338359	9953.179117436834	11551.321965426467	8680.546767471113	4366.318158167491	49485.74376268135	1088.4566781084375	803.9564887179354	1460.9100326743044	49799.15541561992	54139.429914517095	32257.651299461522	370.40139144951274	41635.603500443525	93908.75158158205	100627.424167375	15985.190331047841	318.7950654101703	20.835756591812924	1958.993747807096	61.38789808917197	472.4900508648833	90.5956211259275	6561.726848072311	2374.8085305151963	35181.38238637076	7844.424106699164	10174.261335435818	172708.13057348202	270.435491212475	484.09403617709086	28279.180645547778	89.23794125572623	14382.297850090134	21.194884488448842	7897.383937718031	64.11718254044777	2000.7731129839726	1293.526136110482	206.6419481151074	30.94637366340328	13848.769759397903	33582.300180609825	7916.824425456643
LACTOSECAT-PWY	49415.09698549407	134037.10246665834	84306.72051427908	36594.2252844744	135917.18928894305	210188.85106472735	205899.07681532146	369920.8603660604	198361.46245623942	113266.81668364878	133663.70666154014	30643.753478682953	130901.90203356202	6643.26662540066	208694.5861519466	10778.562447613433	33370.50794077746	108639.16661816876	32393.46414489127	91865.86875229003	19587.06226143282	235901.9500475283	12310.756294251427	129980.20847822727	93375.52095088839	93588.0897724551	103558.36732998819	41565.70992130189	11934.831122032223	32768.713808436914	0.0	2895.234240467237	30059.79682746112	21680.367875979224	15549.755504584291	11258.2991756025	123147.0996456078	86074.31872233104	61397.774781283675	71508.40849232003	170782.51578708735	29881.537100528945	113748.07132260248	2114.3161134387638	33080.51168639522	9666.874475318316	50747.81805510708	60094.18412901285	16372.66531871651	31775.352385463986	514.6436519680364	202.44642776620182	934.9637921737824	1637.2261111955509	52775.045302990955	795.1123587361421	9015.08314192302	1467.7643598896009	439.46266353912966	653.0378867497625	3347.9212247193245	3140.794151377001	327.1588053328059	340.9508922277638	9400.740064475367	51606.740707697216	8155.137372401566
LIPA-CORESYN-PWY	0.0	0.0	0.0	0.0	0.0	0.0	0.0	0.0	0.0	0.0	0.0	0.0	0.0	0.0	24.78687941735688	0.0	0.0	0.0	0.0	0.0	0.0	0.0	0.0	8.144918243026611	0.0	0.0	0.0	0.0	0.0	0.0	0.0	0.0	0.0	6.454313458336036	0.0	0.0	0.0	0.0	13.89336235038085	0.0	1.9758629012792661	0.0	0.0	0.0	0.0	0.0	0.0	0.0	6.250354788225066	0.0	0.0	0.0	0.0	0.0	0.8599783153081986	0.0	0.0	0.0	0.0	0.0	0.0	0.0	0.0	0.0	0.0	0.0	0.0
LIPASYN-PWY	90866.28	52330.65	48497.100000000006	91199.89	86104.8	36429.22	54816.13999999999	107420.08	73409.82	337337.73999999993	200476.79	96610.96	123925.05	25569.28	126083.34000000001	48513.05	478023.65999999986	272035.06	448681.31	24831.050000000003	94183.21	58559.58000000001	141132.7	85093.91	93220.98	132772.37	155949.94	95561.67	101057.21	566340.5599999999	4411.5	3001.84	102428.73	75340.15999999999	38270.23	150170.26	36248.27	84730.88	95216.92	30370.070000000007	26153.739999999998	247365.70999999996	129867.64	48169.58	286726.56	56969.02	34904.450000000004	213471.92000000004	65452.66	13154.709999999997	187217.45	94318.62	349291.35	171846.83000000002	60679.21999999999	243334.02	115189.39	512254.6500000001	208964.48999999996	194410.23	36088.79	273053.29	124147.52999999997	298505.22	208947.75	77557.42	83794.20999999999
LPSSYN-PWY	0.0	0.0	0.0	0.0	0.0	0.0	0.0	0.0	0.0	0.0	0.0	0.0	0.0	0.0	110.53958325662686	0.0	0.0	0.0	0.0	0.0	0.0	0.0	0.0	35.62458940472923	0.0	0.0	0.0	0.0	0.0	0.0	0.0	0.0	0.0	28.969981941725308	0.0	0.0	0.0	0.0	62.30849867408983	0.0	8.786881671252347	0.0	0.0	0.0	0.0	0.0	0.0	0.0	28.10508760546636	0.0	0.0	0.0	0.0	0.0	3.8693563515346683	0.0	0.0	0.0	0.0	0.0	0.0	0.0	0.0	0.0	0.0	0.0	0.0
M-CRESOL-DEGRADATION-PWY	0.0	0.0	0.0	0.0	0.0	0.0	50.97534952641409	0.0	0.0	0.0	0.0	0.0	22.764519363786658	0.0	0.0	28.363433643789673	0.0	0.0	0.0	0.0	0.0	0.0	0.0	201.9022134477992	0.0	1410.4215963463892	317.81242587800057	0.0	1157.934721311556	0.0	0.0	0.0	267.900536963638	0.0	0.0	0.0	74.81549478953443	283.31838546544753	47.80406708191534	0.0	0.0	0.0	0.0	0.0	0.0	0.0	0.0	0.0	8.99615090946194	0.0	0.0	8.996184610961244	0.0	0.0	0.0	0.0	23.730102932005224	0.0	0.0	0.0	0.0	0.0	0.0	0.0	3667.6893165876363	5980.225727804673	0.0
MET-SAM-PWY	187018.14752307461	91881.79676706063	94942.9241908455	327397.5832449432	277980.682871164	163421.27998348887	113303.6812569364	195527.71017443034	156571.52201783977	136228.27433254773	93183.1503096958	143048.12797805504	164519.13886379686	116196.78610029693	217315.2372177056	50876.33731975266	43975.7026903282	104478.88465670982	77606.73889249709	43004.39904451602	77400.50242313076	150776.72858795404	126945.17150082534	116775.45923992747	192795.62861701305	84768.70726351	109422.31007965951	209517.28985739758	152555.73399929507	76537.46163309908	1489.9476626349328	6255.1155109251495	156015.03541538134	155618.17729339554	111403.61118987054	27805.876907016405	148120.90283791116	268954.74663669313	196487.91388856454	73918.46602551074	57206.75072626497	38187.27980604136	139520.32952364787	23871.8677162233	82311.42929786284	14109.745556988437	103506.20537617398	70366.67079301813	129013.18922759255	170408.01558180084	98767.88767000636	199208.31290908516	7855.984829938058	23645.592803677515	81351.60831922568	4992.4422707337035	101292.66832649139	7344.642981310394	135842.26320332638	2522.6026975272953	24037.07077912883	38574.0661598391	33797.959724419685	8614.912954719375	124246.27008444394	116358.24030796996	126753.82582609644
METH-ACETATE-PWY	61475.916059164505	5154.476844340195	42690.493198755714	117299.41117217133	31.149217276670562	3640.8423741293645	1234.367574964438	50619.641330767336	82289.8147967505	192592.5304621124	115599.19167414735	63561.24670645214	9556.933168204198	163738.37104828286	77114.34076121844	209382.26212949777	280561.9732074859	268255.86745589	438721.91982129385	6650.137022588516	40580.12776882438	21552.569806198666	74829.29350620466	52153.519134402864	81731.77908302157	2239.720919608451	6426.824983424367	39571.91488036342	1806.9831560561167	317345.56031984015	0.0	0.0	99234.22877772604	5010.377897822855	18321.85522570517	29561.45696689582	87.85616235985601	12806.827037952335	37131.787770273	3191.039929658467	160687.9822469431	200466.28128422846	100574.52049209528	7785.844582075777	161428.00103480802	26860.794277189376	28957.34306999867	122326.37172850645	10477.295492236723	118.30019140792122	86489.9135425185	603.7182085310429	185073.1943079662	76393.94900692577	41177.93305042228	118432.51890589429	114899.2028393575	301419.51872175984	99854.17434520631	110384.40724444884	28237.582510821125	150313.8415066689	24045.064536610425	163037.12010989408	99597.38561568016	963.9062811293213	43059.748513319144
METHANOGENESIS-PWY	7.338412259835081	0.0	0.0	0.0	13.714286575841674	51.82104155670457	0.0	0.0	0.0	0.0	0.0	407.43068524437604	340.25199385869087	0.0	316.75497600441213	124.32422068898336	2.1531285477538553	0.0	113.49421022709014	0.0	0.0	0.0	0.0	0.0	231.6019089923342	0.0	0.0	57.914148066567805	0.0	0.0	0.0	0.0	0.0	63.688195997526826	95.24687007461677	0.0	0.0	0.0	0.0	386.26565819788004	320.8941223771151	8.639399522214278	7.247249108289021	0.0	73.07745028013464	0.0	0.0	0.0	2105.361530769924	0.0	0.0	0.0	0.0	0.0	0.0	0.0	0.0	0.0	0.0	0.0	20.317222010097456	25.52681336346775	0.0	0.0	0.0	2.049133744979717	0.0
METHGLYUT-PWY	4337.802553240045	3772.895754718446	25329.075259397367	6431.070688237592	5749.827310821971	1448.0238481142358	2493.523709232774	1586.5278761151656	23470.996031108065	668.2537994421165	51.279551696090024	4967.9296561791225	6726.568782763801	272.92040490031695	6789.875980243413	586.5004106155166	91.78706059273524	32.111975462298524	113.53988072450785	76.15907464734823	2416.904549644856	23995.17697297114	5332.436086486198	1136.570996110177	1983.1775639756183	6846.295139314905	7136.136780332394	2193.7086347755667	25558.119217378422	847.9733838642071	707.8400848692879	288.09572637359173	2427.8109548336256	1792.666860453836	3917.441168466383	25.94130757765609	3677.8058313392353	3182.063843930933	2013.965556513814	5393.917143897166	337.0462076656727	27.59414243484619	859.0843546421011	151.2713400903134	532.3762353957709	152.6205620745898	6290.687078681644	1672.2765004193814	1239.7150914463705	167.9691658033321	323.61138090850835	2219.967976325788	191.7217869928553	86.45185657927334	29094.172391093132	51.412082318776726	11028.402924351401	0.0	88.6304925116198	23.07816388696447	488.3015068508527	109.41338002764748	1.3555990701144331	0.0	9352.454507406997	21221.421127681228	6651.3762792706
METHYLGALLATE-DEGRADATION-PWY	657.054531146376	155.28548780156365	32.05405751617243	0.0	18.929531981283773	34.267920364200315	1100.002288185706	151.7450034947616	0.0	319.2313257917914	0.0	755.1441108490932	917.6999690425997	7288.731118626845	2627.8403803432125	360.20667571376794	100.00078852722919	0.0	83.45499182079777	306.03483530450035	0.0	85.13988248965101	48.04488129717896	1057.3092184544078	723.7307834919495	1034.4158385197043	1087.9429477829312	1826.1471288701878	12533.564285094666	0.0	0.0	0.0	1399.0318848339518	318.2535218105305	1599.4981485771043	11.776703457082915	466.9623064496684	464.11196235516667	3286.0872076144287	5491.707148751181	68.73409236265968	0.0	0.0	0.0	33.308284714096324	24.444444444444446	0.0	0.0	958.8119092936371	16.659327852487944	85.21937983247062	1138.124577852632	0.0	0.0	185.54947036022358	0.0	110.87588171204709	17.908787541713014	132.99280177825855	0.0	697.9076488945316	15.527935202977162	0.0	0.0	900.4666355520795	6418.409685840765	49.827014218449584
METSYN-PWY	180492.2672281983	83877.48197516888	88873.61486911806	330385.55049118155	271583.3910459232	159297.61298323682	107354.07041180218	193441.8551314703	147148.4410132862	135714.04465902798	88687.79511138177	143859.58433863023	152989.49288033953	130130.3273747776	204830.6484143001	57964.03155679269	49659.853481403145	111663.7948354993	89713.59917472242	40403.99784536372	81726.21827199467	147148.01751919946	129020.73890719176	109694.81781162253	192699.19578472702	78117.08549135037	101746.81022223203	204908.85409309572	145746.2209321866	87935.3181683348	1376.0962519506936	5989.527674175425	154104.83098822416	146496.76248791063	107459.60488808194	33430.61995146017	145623.98946385956	266543.8444602254	186960.38798398525	67511.66172086785	52553.98032980874	45660.72483141846	144844.54794764187	25029.116210039556	81340.62968769	16164.757506937343	103093.17815849117	69144.7302059711	126198.34883170201	174275.97982397547	104765.1076607086	193141.6391020731	10106.018523967921	28410.42135799614	81206.75123936198	6450.932498071583	112600.17860784021	9317.064758663946	138681.18428770202	3292.7187657001423	27133.040166988125	44341.98041469189	39991.186034617735	10978.571446764983	127325.44229477005	111543.5230237758	134932.88020409876
NAD-BIOSYNTHESIS-II	20331.009227616265	316.89961650452955	25818.911798133693	48988.46359447478	119429.09877199288	53415.567675589795	28843.52232537466	8326.057966772962	99578.62135702508	20661.606788679816	18087.518066817083	15500.923187484608	175931.87284618936	15.20897279328133	134203.905031116	65.09633407945331	133.57426108024805	41.246393999272144	843.9724583164088	8504.108546214744	23640.168764565562	30704.350549171122	38292.85032567315	50099.091550352015	26320.638403787518	137088.0353991283	104376.79385175533	1263.6943502881882	6129.9536217236555	1057.411497444081	690.7413485559782	716.5924709605874	33383.789604816135	82978.78532134494	4922.0525215116395	215.9617253922616	42204.5941605982	101185.13856920044	4815.785097153515	490.1053936492843	152.80220770558591	16.688946111787857	499.50332208336084	134.35799541733596	0.0	0.0	12165.208378087214	232.62891805159364	2207.4334718048985	89377.1295822963	43151.69401561646	212900.8978111498	742.7202627895385	654.8959220538911	26010.4604363547	36.661819123889735	5716.532814883072	1.2499921067915412	83285.80610468281	72.59677264820675	161.94292481572722	924.1589496497032	2682.42873533766	2858.3549892306783	3485.029174342163	31605.006330791522	56193.26150077919
NADSYN-PWY	2686.7988195607513	135.8354284039549	557.9875612245207	0.0	241.93294617020237	130.53437391012932	3977.885417991824	715.1795549291828	0.0	4455.081295642603	0.0	2328.037398929182	1265.5068044792154	164.02237253620376	5289.27566315024	1192.895977602299	52.339292127877684	0.0	287.0851673584051	204.32731383237473	27.409204359612364	513.432231469131	454.6585800751887	7069.353747078946	3944.745977966671	2548.606538591961	2398.8548630521695	6859.903159878257	25487.793870228536	103.28913221562878	0.0	1008.7004261521811	3533.7695150205864	2325.7096677598765	8253.344008560018	18.582258525585598	20511.380565632586	6760.308589485671	23076.27519815037	8380.886291428302	140.8153581983081	0.0	501.8817410289761	0.0	2234.018591120554	0.0	0.0	745.9353089756457	12228.448538160541	794.3874187098908	346.75336623404576	20415.132970943272	99.92603698844653	0.0	211.23067742502147	0.0	345.93936923431943	0.0	471.9545908834577	24.915370388050636	165.00311794731215	87.53066525705871	80.50927153380269	0.0	7915.436122124633	49913.16781511842	18.608628230078047
NAGLIPASYN-PWY	159671.72113666212	366.12314191042526	28205.414041361717	31235.643059959504	93872.5976260633	41099.6280704809	69088.34863770475	8286.207046057116	68005.47691077618	19600.788110355894	10244.521527602574	29739.71304430191	136344.3992374515	2883.7272384977614	157887.4936227504	3235.8391286839465	969.0489603655892	34.46443477479903	925.6993396243777	6353.44630719387	15285.516788382414	23275.788885032573	25013.611696580894	34429.85461157045	22542.713362628238	91524.31840509505	73489.65956105369	22592.428997404702	92901.29130374543	2189.238487076546	4846.43	6814.232275660047	51689.90704833547	135814.0189808038	26586.677995864167	178.0493865568563	67714.5798338176	140750.26702949867	107071.2730383327	38827.110013495956	1181.0891184163788	60.76	2825.7102528940263	2342.9999999999995	1933.3741473245695	208.13245033112585	11805.8747364987	3215.494802333691	37523.06253028506	61812.82779432621	27280.8911271344	146398.95495988248	534.5147353771122	520.7228491973578	20130.299564833196	68.74217416050087	17664.241160595353	42.94282511210762	51896.46127486326	42.34789396564733	2531.9700422011842	785.8012438337018	85.83583449148401	1456.9419432131303	43661.80651932207	133163.23755601604	41252.28693751674
NONMEVIPP-PWY	319896.3436319864	118052.98890129507	102104.71563982547	353256.05114599323	306991.8318939954	161074.7855853948	204073.6005411583	144614.06613930166	196418.4318297494	290010.57693471544	177427.77241965174	183674.2894636206	292342.29396281566	259880.86305327737	377731.6573391143	146839.05227724716	325945.3937197323	245937.27579787135	375471.417258532	54837.09344086483	157721.63375467976	127786.66487295736	188209.5130569634	211448.3404908032	229577.96633379997	259359.9935144927	226390.41899766892	240622.17928091565	261891.7554232173	429829.89989933034	5201.747902051244	9276.050210293735	189059.60774039803	259999.86637457114	127650.83321310472	146786.20283690092	181915.7361025902	286878.04822580185	293776.1960924892	199185.7701428883	115209.25135274483	219728.19666027592	165290.6192667511	76430.34705364473	217773.52699716936	51588.16605203222	114693.08532022545	162008.5350562654	173400.62942621546	190305.18030443788	219161.79804834543	344099.96953279775	278556.69340453204	152812.0266751255	91834.03797675272	204911.1539914101	181575.40672367217	333416.3455730931	265316.28103828436	213216.07866521596	162184.7371072978	211652.47318102364	160394.4897463831	226156.7329843095	228274.09548388643	129981.08859993305	166227.6085769253
NONOXIPENT-PWY	445155.1634605944	321743.71546146955	383034.1659105777	486561.25996436446	413426.11071109935	345084.6315186825	393846.694601687	529847.9607456817	419020.1250489333	491173.6923723245	321408.38148482435	295231.323202436	550014.7423853113	399098.50198138464	549323.5460706636	215713.62828283792	482398.82210584986	374545.636593606	535832.7188912625	195431.93239701085	276689.3036037153	441691.5299693667	275961.21446536406	378284.01418878173	410044.8705849958	392036.6431017151	381406.3736891941	431433.7554469994	345615.4455332601	671687.4438033565	8374.530201438978	14648.85352453445	300371.37906634057	336917.51602426247	227827.30502228803	235862.21373758995	368940.748651024	428697.09170543216	417573.7535935932	287901.5144963895	315927.0246339452	337532.35316284833	278850.7785061552	159678.6012557688	330483.19109318143	77562.05660426024	189546.83647101087	257260.82897790638	266962.9703409785	220919.77512346618	332527.2111396615	402394.68255545676	433944.93365088076	241184.0285895256	189752.0514953362	324607.62765658874	305442.4318755005	481501.15944671584	388411.9937822154	353940.0633681954	206405.35978768492	315744.9533040555	240135.85556157705	342707.36323349085	344441.90418987034	268057.09071236727	356642.7957721506
OANTIGEN-PWY	339695.66112576594	213564.9786589542	220825.25943392827	146725.7823673588	142034.2116403717	267231.3387949463	269869.55837146804	350440.60551481677	208193.09345553903	200710.93922014005	153548.6909784431	161066.40930010017	260592.28379516205	161760.46303021008	339081.57067108824	133538.14825638043	80393.25885903141	170060.1341515188	198741.56898881946	116756.3593104448	86685.96070330821	262956.94449342805	69804.8782666593	221524.75445769273	211344.54623801555	250452.86242590458	299156.6468683103	272547.4581504132	296309.8663382421	64487.45802097509	5825.796430043343	10019.819242298661	169058.99678020255	277277.0319163522	145493.08200188648	80589.0216141372	234096.76201043808	233521.63870832883	284531.21273852076	227337.1580630392	215299.87106194056	118381.26130604077	139502.72158726215	77317.33091105401	126866.83318454403	36224.060061467055	115093.96970252834	96933.18119624915	176433.38013089876	137825.58546380012	91807.25139165258	270473.4933809369	54994.080274823005	81407.10438190654	101914.00874192562	70399.09705977929	105760.44955760904	54982.78636579964	98793.71483951186	58033.64223782466	135484.36686782856	71477.4671094574	135023.8723160319	62960.93267585249	147594.25110434412	161343.66300755038	139242.5301121557
ORNARGDEG-PWY	63455.50959981283	0.0	0.0	6437.402898782409	7313.984244338247	155.88185542293232	3653.5800393887134	2542.160303698321	11854.166047824476	1692.5549541757196	833.4824914044735	26929.697965885243	12050.202413541087	0.0	1331.5137186200354	0.0	0.0	0.0	0.0	461.0173943911306	599.5118705997454	7006.639635393195	1660.7737753560762	7606.842490649624	3129.0616592487036	2729.398878782054	627.1082835294765	207.61983349375694	7907.804579431829	120.67491483081012	0.0	0.0	13513.607609436309	87084.68217947127	2276.0402986073377	0.0	4588.805080088368	99545.69284784055	474.9220308335372	0.0	0.0	0.0	0.0	307.89350590145636	0.0	0.0	6053.862704149016	0.0	428.21316849630966	59987.6678639382	3450.5758802115247	88560.56372230833	173.3341401159529	535.5919271186152	3428.395153030641	0.0	8883.201998827586	0.0	3490.703743968238	0.0	32.04473741556485	0.0	0.0	19.910289811373783	0.0	12803.546535610554	4191.003251348243
ORNDEG-PWY	216543.4986179059	785.8849265711349	33627.917311332065	39505.266479967104	85792.66503128156	1310.024887552973	15185.235400526772	6295.660459570687	21125.759113155393	9431.047958304847	9274.455678871842	24151.32374009692	113589.35048817916	8830.278117566293	24877.522529855552	195.46065240721927	133.56702349909511	34.03195682688508	13.524452195143843	2362.0082238249342	2246.0053621806255	16002.823046118547	5019.518892656092	28102.112340527794	9060.795476177147	15828.206276391695	63538.89999883174	12496.173049244635	11410.85891040315	736.4519030917124	827.912687702091	679.1199933563328	42213.91648288243	128075.58370718405	3780.986322507169	147.26715524491698	7568.165861471546	160388.3838193959	3923.5938768948126	8480.074764156772	452.61196085324303	13.339280176417999	1046.4761090873383	600.9530333696612	1762.9864720019598	206.82027649769586	8493.305206662468	1682.551767087031	27510.65129684646	119980.1980097194	8039.267082482864	109767.89498683676	447.5546719681909	524.0475601110297	25574.75422716699	55.67972528258692	11422.792985266662	0.0	3781.3719328684488	29.019677330367838	276.55392346212	147.2691460767245	2.2695700473851463	796.5887445887446	12097.52063637799	21928.042837830406	7660.9565687567565
P101-PWY	6908.506026578617	2553.656942939317	1805.3309429391904	1036.7837013280814	389.1265155549881	551.121297063034	18408.410031980922	3859.4369486046808	419.70429966081514	3407.8592062162384	89.31106894045521	6235.532140547563	7922.482292144602	6319.345427913073	25464.0631463113	8103.032830307665	695.7002162046454	65.6610130605491	5882.077503977751	1855.8551874053626	291.97275601285236	3985.0826522980747	3208.0125579215282	17097.49136290671	7643.938577441576	85749.39032580044	93201.85221571175	25971.726880522176	18329.817479965142	1060.1383369318648	0.0	0.0	3242.731706364386	10055.33535484302	21498.97073737025	291.3917902654699	9055.637108989305	3765.4267415283543	59120.55848943274	19553.773724262675	2963.5416675352626	240.53599610499862	2133.173017903303	0.0	11278.400697990863	217.00619319845612	2388.381234891207	947.6200618878913	24029.564828851428	1407.542087613858	596.6019344642007	6669.900699631015	119.88253281821814	232.7865495707823	979.5251359993271	0.0	254.14662109498377	63.1057824459492	1340.117817224326	387.0510820755923	952.5637619040178	1293.3989212669887	49.76932837041829	30.880437051138653	3070.150274716332	9391.193463171781	351.12032297843484
P105-PWY	47813.584263511795	5023.373896143686	6128.189344569851	29257.987553214814	6088.196220724578	12592.008247627597	134522.83107065677	16864.37418097655	1871.1460650397405	11319.98918599535	787.0373635742337	76424.47971063103	69258.56194572488	12396.47647585098	209255.0648798648	15856.341224243744	4362.944946743305	667.677231096489	13932.314117702246	6587.247648513861	1108.019903557342	28999.43940837127	2924.5533773458005	143584.68260393184	95692.63957899957	187461.60620140168	115604.6986240331	106809.19417794366	214202.20047294526	4690.270797746227	0.0	3007.337020205358	55131.37347504897	102100.84931840528	68621.79491057282	4923.112071713897	138956.66330166018	48053.73731580788	185962.41093309014	194959.30779292388	4131.399073278577	586.3174501830728	22755.01507468664	344.4767071486249	19875.03094461375	967.7327486435805	34172.8020646412	10246.603142526359	83587.54258862221	10587.93375429803	31670.491328720294	251311.374608904	648.3849431847375	848.2562872054241	4563.811285277658	173.8409187160076	16618.486130044195	188.8230042599451	44359.948750123185	210.93900810610518	5256.067826969776	2977.3085816363423	238.26644125055682	140.26023262701221	14835.227985293517	29191.18904123909	132.84229091882327
P108-PWY	3671.391636915192	1234.84773118372	7.999497384949086	819.135166404077	229.93833225201993	291.78954599460724	2113.0618315730394	1162.1169957734332	3254.0946498630774	432.4436290187676	53.95028909293648	6664.156846705974	741.0395311571427	31.991135732725493	6665.003979097094	4231.014674269088	197.69502981565725	0.0	821.6863590830563	91.83001825934065	714.986367870676	365.23842713987756	958.6368305750775	1091.0885472511893	7965.229938697084	699.2366199098561	341.76999640932377	14307.849578018533	21941.876965334624	1144.8404166200608	0.0	0.0	1611.1498931111066	2360.8243069043565	3838.2009007192337	224.6403008762398	1551.989244939101	351.83134962381166	984.5451569298164	9557.229792541906	400.2508239905549	39.53960201864071	4351.179524582941	0.0	687.8304143697145	735.5297676582776	12117.065015606344	6156.129687863413	29514.120716628546	11.999692887981851	15.998396996028138	265.9282419460653	78.97679083454466	3.9969324480305355	869.3962026120032	31.39415514090297	1774.0946659642316	54.99108559383125	76.97770844579073	0.0	146.59900310400798	196.99685366028285	746.146497089544	0.0	175.82440477183368	121.96525672760389	17.998423067642563
P125-PWY	59547.90646484386	19627.942914952215	10785.49311810658	240285.17814180642	201862.5949677596	95792.75701450925	142942.32199538336	53800.534757443806	3610.6149738090594	17635.341547105298	5459.543446117997	54943.722226438666	48589.80533442641	10963.989071626183	150153.2693553819	12053.69040314941	3338.830852298261	1380.2397613248186	11060.947520363974	9018.838992414332	15385.32392190777	39771.809620677086	10661.28331398053	116804.31878816336	88450.45496124547	181008.8026669543	117960.48710266392	103145.43855824992	104632.97397319932	4206.095760869635	5198.571364974504	3735.5321774411527	53929.973971768806	75327.97528876968	73871.31203966346	22179.84514254156	154718.52728412297	140149.22258117542	151643.67385338224	155309.85708932945	4308.717465332136	684.8271528240747	4947.200485190588	2736.1989864088778	26762.6446514704	437.8593188142242	28367.56612151448	5650.9189857366955	124977.9534911104	6783.831769222884	19289.62431717508	158870.47311117352	660.2948528247149	948.9299630666006	3189.9614473405895	1343.4272714929205	13031.218168764064	240.89707909059322	25342.3493517356	768.1549048092534	3790.8675900117537	4474.782516444304	78601.03833469444	203.34958957813512	27311.080542703126	46804.40227512454	27102.876560860954
P163-PWY	27589.563019669185	3839.267949221567	20427.755884410264	49742.40890173958	587.8114293971802	2982.688690186255	14935.317805702034	39047.87327034951	13861.648271001686	154000.73106400433	89966.30835265765	18912.101405976136	14065.023238594868	12013.00273970094	76419.80528451578	20132.45612261806	236185.9826179245	133417.08044031443	240154.27667109828	17337.44989291148	32308.896251746	19976.07585619784	59634.57077478315	41310.141497576384	36611.5573180544	5480.48473410924	8545.254449031745	26426.3499179411	35445.61015400571	248674.3074945096	0.0	0.0	19640.542508442704	6026.670244505032	13074.308977741182	37633.36602314887	11980.005192774077	10618.429718719206	54337.58769548428	27632.248129863587	7769.643886685725	110395.35007536063	28125.003429904686	2388.466342569503	132425.5521958552	19940.118882707524	14926.19144937095	99322.19718679	43195.60733854049	6697.211655223308	58063.44823734553	547.7927864419477	142082.50432996472	57110.34653725455	13520.438516842863	89280.05016927591	8194.947823465167	260835.44219511232	72746.62955881345	41332.85053275705	16383.452765810418	120461.60175261559	19203.192713596516	129497.39135099488	83185.42284897878	6319.0751608615765	26653.252601113392
P164-PWY	16821.093147997883	7027.101858058152	50662.65322644252	5231.205867541857	73442.12365204204	67283.8495537268	99615.98508376045	11478.587019064635	607.5816712758899	15905.51322201951	232.18832510764366	32128.89263606781	183167.84998579085	23540.73465993592	129635.00204694134	1197.3482358362564	3111.919607043947	1144.4656413692485	628.7872917899024	23084.563966869704	45343.40829818141	58804.90111678745	15896.167812497111	65422.278008315036	100807.20804222708	29906.60175825122	49643.08881548638	31058.090760566767	66142.02773054883	8658.049075225315	0.0	0.0	5362.57794599697	8425.716223689575	35438.898655420366	8762.054660978758	90269.55605411707	43355.646967227876	86832.70764965666	55809.379393518284	1174.369833348954	78.5979471206619	13457.022373680247	417.12175960788386	2648.240400437127	376.7327536188477	15927.786419564909	15753.873224178738	15599.531106883076	29631.543598863096	207.61903326927936	3099.376514829352	85.4369940291322	217.97598677797484	1428.8313943515445	588.631539542305	5238.29159986983	0.0	1285.4742422857814	92.1708618451192	237.51695500426027	175.15252527914186	434.8316206653596	31.91524738806708	5779.9120881371255	31958.290411133727	106313.95037254818
P181-PWY	86.87599082296548	0.0	0.0	0.0	13.333616981323482	0.0	109.33062272890709	0.0	0.0	0.0	0.0	0.0	0.0	0.0	499.77140915363344	12.608870568633805	0.0	0.0	0.0	0.0	0.0	23.49658983079929	0.0	9.97470910507381	39.04463454839007	24.69970642773589	0.0	2995.585883837999	757.0264357235093	151.787352981964	0.0	0.0	77.07426287438146	154.49402749986112	0.0	39.15036642681503	21.427985400523944	0.0	60.528116476884335	181.84932062388168	0.0	0.0	305.34876605561794	0.0	49.47462564135007	0.0	0.0	0.0	1537.4169065770052	0.0	0.0	22.08023847579284	0.0	0.0	17.243801668522455	0.0	0.0	0.0	0.0	0.0	13.912771741643896	0.0	0.0	0.0	0.0	0.0	0.0
P184-PWY	710.1452136710574	84.32612618867812	43.71604781491902	0.0	11.319569787656116	40.35587787814305	1236.2776950244247	37.97916583417665	0.0	360.842943252474	0.0	817.4543761493421	986.4325393634948	7990.914541815977	2531.524906225176	322.4642009929639	100.5592816649742	0.0	81.73092258275118	309.8995645411234	0.0	94.82347101929707	60.70783471808365	1067.238767017927	800.3773462820618	804.8630262367933	933.6285388938334	2333.927008227743	13995.591009012061	0.0	0.0	0.0	1529.4094714748408	414.14878791842017	1420.1323079752267	15.161284411483463	535.4468944827474	630.9074325021653	3511.463728862207	4230.798450348622	0.0	0.0	0.0	0.0	46.183140581160025	27.29113924050633	0.0	0.0	1206.1696598040594	21.00615106061436	108.57784500840762	1476.316087353515	0.0	0.0	171.27333153334231	0.0	113.28749842277631	0.0	169.34676531398406	0.0	520.9391477940934	17.481654482099362	0.0	0.0	1171.4128680455183	8182.098587706773	22.61068702737767
P185-PWY	78720.30727952711	26679.573146894625	204953.8995928744	131791.42454208864	116304.23402807541	82818.7919439792	82870.45072515449	99611.55698585608	108347.62006797508	233024.69461118703	133387.64799531922	129652.91612351587	234681.5821318932	46773.63203306403	187291.10912713403	39168.450647198646	271951.15775663656	177251.22305936387	292832.0873825383	78839.77377629658	119987.29487804427	150976.04764974822	91244.02405779294	150032.88304552285	189779.7153633613	152628.5164535182	158584.47980610907	93858.81697948721	79998.31374900414	308266.07680784445	815.4733493466581	2381.1658904161623	120524.51569363332	67153.77623064458	73918.52824924322	49584.84917538371	113781.26098809043	68485.74724363393	100638.98743172117	105118.59109218701	21000.776462578895	143400.96570707785	108793.37423955713	8540.953387368452	172476.4336064407	8876.066667821042	39655.067568998275	131960.86000439225	119962.2298130576	41475.195800767695	102298.85004653747	220996.24947793467	174756.78282838935	74226.73529089846	69451.07770758535	113848.53907931148	138161.79099610154	286898.0041725932	121635.00687194224	101819.44767936258	8673.633791303817	145201.40466606058	16072.203373650322	153366.8369513054	111014.6550668526	40106.99236307008	144857.56443238675
P221-PWY	296928.8615969994	2818.6973146381765	18375.436374027347	152267.6758951583	352075.0556529081	140711.5341290854	219931.12741023506	51127.598605503365	157931.4478158684	39624.87230322617	43032.61932106759	84543.64956535259	460762.31281400553	105314.03062753996	366915.8895152811	9151.840299261095	755.8846494879417	3443.7357222369196	6118.456632212881	13191.899865478703	13550.858790548045	43986.26172363115	13203.22725099631	141851.1944793732	63055.57003707359	318230.86794500175	293275.56857187574	93528.41246250893	127349.58401294099	3360.1599620764177	7870.497762624877	9306.219309715501	147454.2026358707	399538.6308757136	49103.38423627201	983.8245499287801	109539.59429155395	213266.72638054742	222046.8165836839	86672.94655678255	13117.4997721066	11444.326777318358	3783.235130619278	4840.068727553287	43359.14279591971	549.0194451295408	65305.01224641048	5253.730151226725	91637.9864530166	137437.2248078371	90114.81346858823	411223.84233825485	1991.147436674291	1397.2435225111058	5150.638019180322	1050.8472159609366	51897.89869719902	147.73549327386087	161015.34339449595	548.4879439323116	2174.592992860161	2324.4837285995113	50858.24194669295	5493.011741606379	104677.2722344178	110455.65827687962	22631.44622634583
P23-PWY	199965.02766895457	31366.751580437918	69572.45205065075	180220.0137884151	271762.3220601632	125939.05360741218	169810.43576967137	53860.67557590966	169457.22109173087	79429.54785364443	40154.71990791457	130760.18256009005	273763.6689840807	68515.83543829688	339247.75122313236	31687.744028075445	13748.034371516489	4995.5851526355	25755.399613712543	22614.81360946641	57959.69607891994	96973.41399599772	100143.68453936039	168474.74782792834	126450.01360272682	237058.1083263207	215330.59443506968	145805.25980868188	286931.06654274586	19636.28328766825	2310.2500867946674	8474.226285456767	134873.8852150087	126415.32046650418	95937.00776812407	11204.727511252951	162148.08590988466	289867.51772813546	238719.94583251164	181125.59807282095	18291.14300567458	2314.00351103251	56887.72665275762	7210.340980557177	42630.8257293387	3969.2942226818113	80329.95500720975	31061.50873302595	143218.9697738112	68861.56966803649	101034.57050184238	21904.60760882061	4724.17448764386	4139.208293623655	63783.12808636869	1170.7986568403676	74583.46116933563	439.5172345687867	160124.42027112792	1317.9767754955553	19119.408821917274	27310.242246778445	29615.88655427149	5797.3946263000025	112678.24761297692	117752.59186535414	102231.1135694467
P241-PWY	9.635498522560267	0.0	0.0	0.0	0.0	0.0	0.0	0.0	0.0	0.0	0.0	0.0	0.0	0.0	0.0	0.0	0.0	0.0	0.0	0.0	0.0	0.0	0.0	0.0	0.0	0.0	0.0	52.18088425018165	0.0	0.0	0.0	0.0	0.0	0.0	0.0	0.0	0.0	0.0	9.965485192283618	0.0	0.0	0.0	0.0	0.0	0.0	0.0	0.0	0.0	0.0	0.0	0.0	0.0	0.0	0.0	0.0	0.0	0.0	0.0	0.0	0.0	20.60172549982105	0.0	0.0	0.0	0.0	0.0	0.0
P261-PWY	2604.44087170328	451.0750673927188	202.09996395008903	349.01064054088243	103.18624120667451	175.36808653291894	486.2785364000772	131.12127795599568	58.18898390038217	466.0664710445078	0.0	1061.432899849551	575.025837670508	518.4328130792134	3995.668303013456	258.4141479733603	43.330976921887654	3.2194292648380163	25.509222818288222	124.16055543337524	148.39720248276438	337.691108099755	361.3045367430103	1696.7116189444644	1006.7706402050251	576.8680710302032	1039.0073723892108	12297.446161678356	22912.610152875284	301.8099171951339	0.0	401.46447663818896	716.5870936854701	1765.299349965232	4671.25460400443	144.14248699198117	15.97216971783364	0.0	1635.9865677317823	5150.591091831728	339.3256637808159	3.964521089701783	477.3124654355494	0.0	680.814601458534	0.0	282.27245624532407	598.9191195768971	4091.279426557194	111.47878178474397	128.66757480597218	525.585518403317	20.12295053360812	3.9528847877696793	271.9236643407299	0.0	132.27098580032214	0.0	141.26750429028345	5.912939733451665	420.97818589965874	21.64500227162243	0.0	0.0	0.0	146.60577336610837	43.98592439026799
P341-PWY	166.20729322433218	0.0	0.0	0.0	0.0	0.0	52.49580174303413	0.0	0.0	52.49596182546705	0.0	2643.671369702307	64.99510296442789	0.0	545.953360828913	0.0	0.0	0.0	0.0	89.97319235564467	23.74841210420986	88.73700232142248	0.0	594.4562151476302	143.71879671237352	301.1276010044959	223.68228159363213	1882.1199755157181	1471.8830477742767	66.24485640111236	0.0	0.0	1047.8147215632484	359.80033015920566	1607.4250624067543	0.0	102.48238304899425	0.0	202.44164611778126	1842.6029326342298	92.4838866322869	0.0	41.24608316969943	0.0	439.6046970376011	0.0	0.0	476.87596700263083	198.66115641565108	0.0	17.499265134276826	53.74638656219453	0.0	0.0	17.498841421164904	0.0	24.998532452499518	0.0	0.0	0.0	12.499453273570708	39.996038482100424	0.0	0.0	32.49759908918906	96.22429954352594	0.0
P381-PWY	184902.18804505898	3777.839380905407	31933.644736242783	1195.8585933298489	2382.3641743485155	2454.2853378782324	32017.720107055913	15966.520039150148	1196.34757340555	14515.743962709517	1859.1113724232	59558.15211134479	47266.828626347095	19052.029510214565	81823.65104305441	17613.05382861624	3266.8509321729093	558.7389876286852	23154.214058980313	7485.473596204838	3789.2576765995864	18291.250144648628	6998.085404338258	41636.66535014653	41378.83468051492	18826.15722891261	39668.63702052966	70199.80045976937	81232.18985262782	10745.114002646716	1967.3597872316318	3530.814122926688	72085.52064320378	36676.67913429212	53806.219891006425	3611.4174014075497	21389.738044891306	133078.05579134566	80947.50030405539	26138.80284810226	5076.143480873185	314.42625304920665	14584.301206446487	10634.665585176297	35732.84665577439	1831.2023940993968	22986.35447660944	13197.237166357234	82801.09564825782	1376.762540387318	16909.42457657094	4850.014645831381	1209.8773185411028	1874.3715430794905	11637.668726958695	141.73054619988474	26119.393451879183	293.36354803130865	12730.037941731392	262.78251039413607	9283.878326725495	6043.6463716619	316.5658961815198	231.66056720887514	43887.59018739101	38289.06589294512	208.64469856894357
P4-PWY	272220.0250422735	126066.61062403597	126251.85313194906	359007.0684413026	326886.18739632313	214593.20877450335	176820.4911920297	247889.6330230955	203628.5244463438	172355.36511198556	95131.79549932982	177140.60372811195	236954.56277839458	175906.03992553707	304836.13157217036	80106.45883896352	76242.40336754886	146354.84363035744	140540.39767732768	57130.01415384438	102958.48822490138	193121.6293425523	140217.3357636578	175580.99719399298	236831.357341886	146279.61565119502	170121.78558341094	240777.00366691194	215684.99262656044	141980.46956669225	2657.0313772502	8589.207843300117	193552.59388287205	225902.99836125394	129262.52424643452	56592.65230890479	204964.69542664132	329235.7665737926	253172.28699250094	120155.70376294623	92927.72036328212	77110.8932997249	161115.76937269542	29746.154139105427	103340.64722423612	19375.155701716794	117951.94903007655	83213.7295820993	164481.15139570023	191773.323148054	138363.86388377802	285183.6576675979	22524.390466912755	45779.75352826506	93218.98751331022	14544.89571598303	145088.14665271481	19616.37871072806	178585.77089509083	7777.873678499259	51966.41109769493	66408.83752308028	64024.37721735973	23366.79543659226	155295.2446083395	148340.306400717	154970.682032279
P42-PWY	297571.872454215	38146.89860066247	134354.1326294724	377732.4381123497	363499.3140987576	221867.20585241896	220555.8477610685	94456.2894422469	213782.2874750705	123891.90859767653	57187.23464785133	180446.72505812775	329519.9437227523	101093.18267486039	428509.13973904203	55009.73009676071	23288.38732162252	6663.596691715101	54017.51640009758	45777.767856817445	87960.99279668978	143383.87473107563	156326.0029000314	265469.5497081834	240202.51876631915	247323.7672802272	221468.87644536255	227422.560462103	301777.81399923586	29077.505968081005	1337.9711930464575	6908.78984480371	174028.5101015015	141914.7791294773	130080.33583674114	16494.335608905414	214878.9729484098	308735.7738964322	287869.29127927363	232629.44855544163	29537.814021990995	2756.92675717648	64364.59229969148	9028.239015334917	60486.44735853533	4678.0440982703285	83170.34894026571	39015.97788637938	177833.56206314577	110298.14327984763	119927.86223762155	63047.15557922292	6368.492608099196	6240.869588358597	92005.71415538531	1431.220063981957	108994.61376506089	921.5008296094759	160708.49495369397	1928.4496317907021	23527.962364171064	39768.724390588926	37633.2276839208	7887.573540325308	154924.40704921368	144610.7007902248	155983.22384758812
P441-PWY	42906.79279441973	12700.046840270928	72840.60131799572	31311.226272998872	19949.570869185573	2093.6083833912303	6002.317242145184	27732.00050973941	62809.66904690096	35496.193489793404	53.451884359698425	12303.510136551951	13398.293633005802	45585.839722934215	11197.630739849954	1544.4637908848965	467.435978210898	427.84666822029743	229.29300674340763	267.7457963173014	8840.509537312586	58655.9142623081	17025.114209613184	3088.789842259282	7492.455294258963	4115.317699034008	2504.8959426617052	11280.680731771852	45743.4915151968	2039.6958991966246	968.6529934433358	3149.344655360041	9862.043472803938	24495.18315482166	30701.78435402968	82.48946516504715	5480.25864632543	134469.97099949766	22904.134829916617	64841.97986108108	1556.165348853581	587.8193680126292	11175.52646989094	262.82541953445514	2897.7728639871066	0.0	700.5964334211664	853.1073158627571	13897.151988902186	183.7137249008915	1531.565907827399	5512.997271137689	118.64599169464144	522.6653917363485	72456.5169707907	186.42632968232647	17344.7723432473	0.0	2329.768228028841	157.59213394110967	2539.6735010874854	161.1954445748695	4.844828481994295	0.0	26296.750072742572	42837.49854005309	26090.46849993374
P461-PWY	56006.66971260683	4378.913920192926	40662.03280410183	22634.736731768153	12545.06028282184	11161.174982675127	68972.45765678998	110790.75202362258	41772.20647175793	14088.467622938024	3004.589718913849	57141.193632068665	53375.69162307674	24336.985209352915	109564.91539434124	8755.503294498727	4067.122143739954	10443.68272849356	9259.268996166558	14520.618249491468	24358.90413265937	118945.53881516276	11050.186788870958	68609.87797516595	54606.15491768729	67756.56618246059	63884.86959616406	102629.08541434638	57334.87659862711	14453.356907815065	827.9236347403382	1642.0115509282177	35542.92391855731	44556.33373369347	50249.80200456237	6320.071589158572	59596.12111410063	33983.81860769998	55252.771266147814	94920.08854117569	24812.769679572386	14675.947919900646	32932.74322822756	967.5741103006933	18737.9900553409	4987.405137141124	56322.9001024701	29173.239513488545	64853.33669061367	12115.000760079638	14144.961637095386	178693.9148344425	558.9851196989125	516.5057541955886	50325.58648915834	2134.257317713577	17151.34029585382	184.9102406527352	17954.522037308547	613.8430319927708	3820.226332544411	1425.222810111339	5756.808905280752	179.09280567901106	11344.020340303074	43717.62028349346	43656.589463480814
P562-PWY	181874.3069611333	2587.508697084462	14851.18767524101	9649.402635832012	33283.8159604792	13925.880058059987	22170.12549512019	36619.56326683443	3541.5197968352095	8438.140015813187	2241.603872766229	35831.06094961834	32356.965392981892	8099.571327566974	49390.428749561666	2765.863010331288	751.2924059733925	97.06164824341427	1556.6609168571306	2811.1598302324387	1918.8595747783259	12596.276289841282	1664.2055673665307	42438.54084435259	23397.202163845915	57815.95101790755	75400.66993351183	45305.34394190854	69564.03816972386	1091.5105944955603	0.0	2273.1100356270513	31421.01207158499	76871.37783733438	26761.808081686242	18931.66393705699	24376.996732701966	72018.52626673259	34224.708961764336	58813.30261282746	1406.346341971365	83.36668402071132	6250.699433626707	671.2375665964819	14207.717976059117	852.458998825613	16216.278096711058	5294.074743591675	67854.24870758489	74565.1092609244	3777.918760372246	68734.72433447908	746.0212135811657	957.7241276125199	9525.546888323865	104.48295217990362	13830.030522664714	66.4054382690695	2599.0596487569983	189.68682105169654	2721.843743642154	995.1816483516436	32412.30878475019	19.560918362114396	9913.500744157986	18478.89564031257	9317.859177741493
PANTO-PWY	302607.2719083877	21291.84258525644	99956.70435188072	378789.3790606401	349728.4394425205	186885.77794337136	190446.25800489046	105588.35512676877	172025.45976001763	198193.22599821095	118104.38486361163	139114.04767125373	255121.76058018603	134351.66897777363	346065.04830493534	107006.11291329378	235192.94801924448	163044.0262759824	271757.8441988939	38808.70436974089	96961.27323820956	119822.95119143686	126225.12601126479	182993.028919937	184048.49832876644	241517.84591842134	207910.93405415304	134705.76790511218	248626.64989049663	254943.3057750809	7078.401595227956	10293.985512668562	166482.61420781727	227636.52558626505	127113.95834612328	72450.24049167469	188135.72234088715	324183.84686426393	261990.9945058279	187953.2513355366	108467.83318850076	139162.00622447103	138288.58324236565	24733.820034117085	155104.19649649865	9556.182432723599	77607.40196643268	115162.6134664042	156340.61683623496	199175.75185785728	115576.88412831353	333907.5566195875	148724.74439405854	69045.18832188551	74154.15304808274	98444.14871263536	140256.6254586286	250276.48556731167	156015.64126354124	89492.54953458869	120186.3710964376	134201.86379141777	59182.12391786935	134842.07902081867	148601.13649853738	153349.1098435239	142841.53002845662
PANTOSYN-PWY	302054.8373328723	26483.472590792717	122131.35386359769	366509.68798019586	349448.2903702788	224057.8315948595	234635.24399494246	134279.84556693875	202837.18825949085	182042.16881646728	127537.51183904467	156829.35875731782	306657.90868250246	155892.28709605525	365492.0233868292	90526.6682088099	93395.05006550837	165505.6279696279	211372.31051622567	51316.547818526466	117561.31682465668	148186.76733190397	134441.15376769545	216049.4832376431	214514.93800195126	277173.2060485001	245975.43883766132	168496.73285329287	254724.67065922188	80174.36311538934	5636.54535002399	10175.334658801092	180393.71226358056	252276.04068348833	136546.36267509434	91095.3033303091	226995.8085584848	314038.3574287552	289990.1081936193	203732.3483380831	60750.73253954082	100161.80834752742	138545.89201024317	38730.09349594468	130066.46991086281	16319.922767444044	86911.55593659288	90760.53509536645	161185.44125819142	190804.6961645831	129573.59545608322	337393.9773270882	77699.2213790135	82928.3410310239	79776.01299726097	84323.24094879911	145026.09084773014	80311.70795840424	169757.77815766793	87200.86272784829	132030.31062980444	97624.48988848091	70592.35278741935	87324.19407444699	152688.13994269224	165015.0421403964	155218.5848509201
PCPDEG-PWY	3171.220288525989	278.22696648357055	346.51015407927565	575.2485811277213	719.8230845259473	677.9763944926117	4692.075885317574	658.786159506534	88.4848227700379	1666.1599746188442	0.0	3030.5456924426367	1709.378716939625	319.53413675141593	6913.979120760571	422.5154471345491	47.02842497558119	0.0	140.30377436735364	396.3279520670441	253.15187546036725	557.7638018741421	209.67981119968763	3245.15633444897	2396.566801716396	3196.515658541536	2182.51724285669	14430.28690974734	34200.259346302766	1594.5373000816767	6402.069596388455	4043.0198009791425	6280.846476138509	4623.152583502519	18355.77957212825	258.3580837912659	5387.342104444275	8636.792043561802	15472.084548252267	10303.714822642909	529.1728328502455	147.02857122595694	362.62868345306026	3185.876202934772	764.1975978381843	0.0	9301.34595574952	2702.650020838203	10404.381454106802	218.1905791953186	475.34415247629903	5125.360295113111	47.492691700045	118.55963169620196	732.0485490272117	25.92430011198208	554.4339650676686	58.80038648965605	398.66562695714896	71.60262881536408	1620.923143988378	109.81328922471496	0.0	9.126907340535515	1546.438668443056	1590.4527246738367	34.388960963533705
PENTOSE-P-PWY	346237.16710946086	272837.2817696734	265442.4491801739	151397.71887720132	199132.91062302704	309235.40620552655	331438.8727587332	409191.4062954298	229630.0169878173	179040.19652478563	136133.45045693035	194828.97394742275	355024.96232129604	55568.29712718368	422647.37552305544	40971.436192774825	34961.164316073664	95019.40868381392	56798.58709701754	153514.80908810432	151626.04006034555	314766.0419181058	87634.78012740644	300700.8886555044	283812.49971149425	340237.0649372832	349941.8864715137	300014.5769252216	336528.17364554416	43157.35984215341	6381.582022851655	9891.119748913356	206116.83380071362	273680.6280975905	175591.49578029438	41257.479660462515	309615.04486913834	299603.63815891877	302602.65521996404	285558.4429387038	195632.30187956555	25070.591918524886	73821.26816336717	7597.642052527456	69445.59343767022	6809.871066241886	86590.26380716513	50559.902640923996	205064.50729782588	222076.01733837355	58847.362141424324	388344.0199755748	4221.98144713816	13510.29237665619	122098.3137921187	7833.225298318953	68054.49883001324	3909.052679479789	74377.96157624148	949.1810754772341	18365.534568207797	10169.842195441868	109510.0885801579	233.4215110495085	47579.642827831936	147948.73504124663	205215.61359131476
PEPTIDOGLYCANSYN-PWY	344842.44295712875	337041.3429663643	266444.7013121347	410671.74962937343	406296.2994140198	401916.40656298597	344738.0309885998	400423.4341151928	301938.47755661374	337845.9764093403	225527.35156921556	219105.29491751865	451136.689014249	308982.9277400928	511035.74962826015	149881.04923788237	315595.5987705333	272011.9189596198	374364.4936765104	160129.66922222884	179128.8268421276	322602.0969306276	190542.8221012105	322925.9660180228	315007.90752204804	363918.4539225557	385720.8841666415	297884.38694471976	310655.0475008392	407932.5653018609	5466.287016406827	12521.948276356134	239480.7001901846	323053.2518767487	181777.67455066263	147859.77103235538	329393.94782405253	350592.78694934805	374845.6055011462	257960.32897869012	240468.277188655	216513.73831524406	204744.8004932211	92381.91245973203	232681.6523564462	53674.14663278219	147522.65999922753	178690.75712417116	210430.0033518701	214367.15235222792	205149.65090995815	383774.3491165937	255647.99381520992	145106.203459758	127140.10458900903	189581.9673226195	183073.36377545874	315297.29097832314	250284.3323853035	194945.37308605362	155742.91426050902	199009.37417675927	152328.40207233108	209540.2715858777	231418.74253263342	215633.6098612138	231876.81911616845
PHOSLIPSYN-PWY	492477.12900749943	361896.6872804656	289868.82364822156	455375.679027688	460028.9889107561	426929.8892457988	368727.58277504914	420731.88744147617	342583.97463423276	366325.71195287706	240106.3854030459	247048.13750033287	495640.39494072803	329621.0628978243	559582.6526988096	121779.10710169989	346066.0500376824	277016.2471514138	382291.2831042253	164950.75305675194	200338.4422199386	343501.1942821251	216265.9176084074	357843.9670801631	347110.2736634702	407280.7031924947	441462.2310986865	358959.5507698025	357756.68172264774	447371.04060737306	6461.33842218575	14043.366126679863	280644.9762897282	422650.7599107401	208183.58109706218	147909.0143841977	341995.96130923665	445946.5444691352	393888.1759988311	284753.5686473437	233405.2090751542	227630.33405851191	219010.80294221954	136320.606262798	258937.7103973086	58012.693327006906	162790.6252034914	191792.7831189095	252254.33769583702	272962.8204088993	221974.0134559164	471454.0053541111	277114.3293876865	151834.86365803913	144878.9588564482	202078.23044518236	208717.87860472652	348239.8314632156	273786.87504838547	213412.1622168568	175799.21596806357	215885.34769497873	168136.31874748843	226852.1299251811	247708.77029834647	216292.95611137242	264691.1869564968
POLYAMINSYN3-PWY	138299.88634998508	1431.6565779587438	25852.47375168848	6847.837464720462	10194.469690978374	19177.11762131891	28890.784065053555	9450.91572000053	1601.9779805974233	12110.116562179323	855.9132992003659	35402.182910009615	20228.709286953545	33148.2582325766	91419.5935562987	1792.894746210389	371.78815764805626	57.35447394903762	534.4114983175948	4497.6941970492935	2780.089952347705	16180.758812147955	2337.038604100048	50037.60783792394	41357.26810937114	22423.886583570562	24168.820030841212	41215.570179252485	62353.80868119972	2427.456851879284	0.0	1759.6978635484882	50716.15235381883	89790.72459333656	29460.04205716041	854.2166779924357	34488.87144102976	114216.60932593125	60124.66328057996	24720.612941427262	1374.0843350714943	98.19726275800258	5439.210597380025	556.7964675952272	10937.10557695787	403.1858937383982	12657.27404641941	6628.477199824492	57737.03657633168	90916.57765750901	7720.8463649724745	87109.61199955687	342.80281136358116	852.4033694419581	6303.25980418108	35.266716140075694	15102.706798343155	202.40734094247009	4265.272775094311	9.947610975031518	2771.6727824553527	1000.2624186134167	118.43018002501282	83.41260579288486	18493.085103991718	46478.173908395336	8080.883129345028
POLYAMSYN-PWY	140014.1203248136	44992.837392339614	51121.93539575761	265270.4646942186	192497.39052135774	82783.5808730813	44837.38169677723	70323.92616691049	100081.29071822723	144528.73564615127	83457.64451198847	74389.96534168195	54095.48829843722	69930.65731895877	101871.77389588766	33542.71389680713	119530.13808209106	75101.83659258205	47423.87781362406	16580.11163522123	61977.831911075715	51610.64285168801	105341.10823824933	60059.18703539274	73601.68297797641	28288.6171947205	36090.56590546034	43805.49101883458	64720.82921607202	212446.284040042	763.1768160573516	2846.841240343141	82528.86187552795	106429.45163026667	48389.79278192948	61806.659852826626	51862.71393153651	206536.77687179335	86953.03650363378	25659.721885156985	28660.62711037978	95314.75110493842	63118.24281109966	22898.95021306015	93050.65124017546	28204.77880994447	30090.94450082296	67517.24664551004	81919.83015950836	151280.56552170985	118349.99555297155	157228.07360213884	151746.28823679697	91321.21680671789	53669.7228264606	118959.84804321938	76702.7203928486	104704.33505711249	130022.02044309725	121273.22255487986	46568.75627815405	107154.65573615936	98661.32091166609	115515.83956452156	122163.57851066199	49526.16562262563	70317.92812012164
POLYISOPRENSYN-PWY	394622.93332036684	324857.5123960091	264965.06462909176	185722.5090749576	243323.4542574781	369175.6460130061	333142.2298472369	385360.8797269439	259120.39693610297	228622.8254970394	143707.37346948372	184266.54423406752	357391.7681676014	87087.36436015407	405233.6246318662	41408.00017673083	119339.57194071653	139370.88289567406	69346.26900026857	158824.18341386435	153122.69600024485	313580.96912309434	176906.5195500379	320148.0057232724	270188.3815755239	400462.75505060115	420189.2949310699	185103.04859229084	222022.49249591382	275848.9672436343	8144.347956686598	11850.683661345334	206406.51837756348	331550.860326251	154801.3301291982	97544.53729724782	327825.38246586575	363880.25601606397	303487.78698449134	248578.31878249772	213515.23198599074	91446.95019495953	146445.77151106697	8954.4343098852	59107.77145256634	18035.546248388877	116245.56168680455	85021.65604867367	173798.87123150434	234117.09480873105	143535.70254448717	423118.8049468279	166169.28474864952	69542.96781583507	121867.6749169177	117925.59266252733	112548.79712479807	72929.19783864867	166376.24556976536	149147.27329180302	60283.04924904285	81146.32938437305	26277.10579541074	96268.24267959001	107526.20717176264	198026.0676132111	222142.59138451028
PPGPPMET-PWY	290864.57775298716	20295.002699308036	62403.44950276562	92232.13970531028	186895.49954169427	90999.40560989834	213123.74571350688	32590.321773589752	133974.73333810957	46791.3489762999	24217.719144238643	127195.56548386965	266044.0141069734	66196.21406008044	386076.3841738409	34619.78889402103	7091.830490379738	4456.701548366768	26857.766802828977	17971.427751699805	35247.316812083904	68610.38477810172	55461.37356177163	199997.64718221134	142506.01734823151	313470.13840545464	254242.19223351497	143804.81621149485	280168.54639808607	11604.517792099543	9513.188885799169	12710.91146704737	141540.77795162913	279373.2939462085	108370.37794343395	6139.89137300283	193243.37783692838	266247.84412537416	282092.3574267997	224872.5320712534	19092.70338760155	16423.808327069564	29654.962827620413	10636.459448076337	26103.227652138317	1319.650636092435	62707.12102193008	16975.969874100312	142948.21634956135	100394.95768815545	82145.00948414239	361406.80901739805	1952.4230123453215	2043.4157829164365	46775.151877570446	334.121510390877	51350.179639353104	369.8075713452446	132560.7558243796	593.2775126029065	10960.216177696235	4426.552441536961	385.56452127440934	3723.5326718642136	81999.84853445107	149375.96298355501	85085.13593785872
PROTOCATECHUATE-ORTHO-CLEAVAGE-PWY	375695.8761896254	2332.064034626232	39667.87371632313	26794.784598464554	9105.760221025712	12092.06259871851	190738.52667646762	16412.248758966958	17776.4000845464	14074.806330756588	925.4124167579778	76974.3378872756	45099.96945610662	3233.2197132298847	169603.01777979496	13429.019649710637	4160.463954260654	367.3628910239606	13123.341618514776	3644.3408381464465	2139.5361826052795	18886.06562164257	2898.3235733382444	133302.14777145733	87915.88013095743	199839.75531263783	119397.15269082446	112842.64310790817	172371.37414517647	7407.322228520084	12166.979742068084	9028.709501403797	98906.00116799028	257288.84851120738	66201.25318448387	3123.2716355926486	128114.64694941112	181833.36953874232	220826.9427611044	161863.0298134691	4298.259579220334	708.8919077126895	9239.043703689482	7001.251208066499	26688.035829785676	1079.3643888447561	29920.588208592926	7863.510744091426	105480.75138241115	123517.51749990889	22284.417728946337	160977.36625552797	694.827627251566	1125.599770509622	26510.359677496832	223.2480821869101	36339.509269834874	421.2691406050181	21950.722167749525	230.00855150054443	7954.515639638955	1286.7949325716372	32.65133228631827	98.61283156465606	66329.29508674458	50472.65411917107	3293.2477640392062
PWY-1042	495770.46143396845	343991.9387518321	366055.5637898488	532256.2932347871	471833.5788525793	470943.5031670375	454666.51301301713	550847.5440922918	461467.66266921774	480637.76735335105	320181.82113564166	334622.46114791924	517187.59702981013	396535.64374431776	628637.8324325108	193395.54203916507	457271.09025170887	377554.1772408282	504010.5969681501	207800.6734057802	254326.04289187174	446912.54872936517	273387.45031899295	428320.32644464314	473584.05357098096	480712.304378851	454688.74453811714	380599.6117661143	354601.2481413593	594784.051378311	7161.387047444835	14000.41976915856	349707.8687294374	385594.8490589926	222969.61398357977	200074.26875977204	434558.53569306846	517897.8828776251	475811.0364312115	326249.96282909636	333085.5750325987	318108.0729821889	310259.70149462216	153227.87743094043	320955.808976209	64662.79260810647	205433.50287095914	241852.27566163856	316102.90412477043	243924.83792028192	298858.16606535966	501825.92801048834	370466.3654658357	198465.19106841346	214465.84436764504	267503.70197057154	332684.1573589447	453737.21217234747	361027.6436635108	308579.55246308976	206840.58393536822	285636.83517995384	214973.27790231712	304816.59400306124	315495.49272414803	267104.5039122173	350203.1888493254
PWY-1269	159171.43973385615	892.2641426827179	30466.074649728365	31602.106989566575	94373.37179132407	41070.50248509127	67632.51458682017	7788.253817738466	70474.20688009019	18933.863056102684	10022.798471894785	28612.421348072057	134481.8110728995	3727.159105036578	154548.89667171848	2954.671175610611	221.1929812468027	36.51735305592462	679.8143567789476	6112.217982711455	15386.950598360709	23646.330419871818	25244.889200453224	34309.07646035414	21240.773639109135	90525.24813686225	72301.38121562666	21330.058730586177	90923.76542206065	2060.979335982129	4947.756727826365	6637.92284993629	50997.05114505702	135473.65116776538	24088.12741995177	148.98480239020387	63390.91893864582	140626.08479823853	96902.81314435242	31842.53372708713	1183.4317844430047	69.72313165341596	2972.0197025818366	2350.6738510301107	1823.3099898680878	216.0	12522.929911757763	3071.964245718467	38475.7365501092	61722.995476008145	27155.598516393482	144849.6068118929	515.9769230769231	495.02521179406034	22731.7468392772	64.31372549019608	17999.911589660955	43.987149532710276	51661.73574790637	34.25295942346859	2558.1026954603785	769.4293594851364	83.71177475520103	1456.0	41129.02106380942	126434.52571324006	41004.546451367176
PWY-1361	4323.045293945803	210.99301682236646	362.2874085004881	37.96645811752802	460.43836082993136	633.0723158271121	2039.0645256447842	803.7771532638546	58.34858803110684	809.3160943247591	0.0	4494.241971855822	2867.4830415094175	247.8788547675638	20742.78776930754	653.7559295751047	80.54133127739362	13.027924174173126	813.0846561739222	633.9795048497432	290.4044825963866	1554.2721956313628	434.0255958829612	3968.1189110611544	2773.8661202467156	3181.569130244369	2880.1111180432263	20025.55334420939	40503.86408975473	1754.6066348834374	6005.004283251928	4347.674587031295	2280.329302494994	4789.535238970484	17198.69322801351	166.53295588860607	2522.7232616578217	9023.020152481964	34696.7640312589	13108.43889723077	383.2468109867055	59.628676491485265	1070.9910367442412	2972.662108823104	840.0369857927053	49.67723149209349	3592.566692229156	1948.344479302793	7094.109852472597	53.925710407050204	704.3811935853671	11668.108078186384	65.98333322485378	61.09083238304155	823.9379890924677	15.7571311570819	160.44576864396217	33.1569483615081	1250.6354857257702	22.522713570005372	918.8441484544688	307.05995758330045	5.997828095892723	7.964594373821713	7651.348786995559	12573.73587195484	21.98667307922759
PWY-1422	330.2514664407163	46.176757252406915	0.0	0.0	0.0	0.0	128.50163336437666	0.0	0.0	0.0	0.0	258.2895388704184	0.0	0.0	861.4633948427344	14.163057572523206	0.0	0.0	0.0	0.0	0.0	137.123580759847	0.0	387.1422902102309	308.9353949079317	102.49906293857282	83.19510255115634	699.0647794843103	637.8337397300428	0.0	0.0	0.0	54.82817373441641	151.62187308995837	266.00742300887316	0.0	0.8936099334070049	0.0	165.43025598648973	813.0696973209858	8.536774638883374	0.0	0.0	0.0	0.0	0.0	0.0	0.0	234.89881419588735	0.0	0.0	0.0	6.620755543171052	0.0	0.0	0.0	0.0	0.0	0.0	0.0	0.0	0.0	0.0	0.0	22.476610340618585	19.75288061545161	0.0
PWY-1501	1921.1271218153454	131.8728101318117	501.9545363264816	156.98975788630497	462.7391928011325	253.86776426501183	1216.8881084436948	112.1500441772515	77.55189705252278	274.9154681765677	0.0	1702.2960703282406	995.5056461227188	136.6953260737995	5477.134368613086	156.7670658653201	40.00873052976803	0.0	65.54165276731216	234.45005391901265	110.26360824376772	471.3182818247253	281.0687859007581	1660.2595514802028	1550.758457540511	722.3166576810352	1997.3035544918212	8010.55986196103	18878.94773662824	751.1036839295525	0.0	1110.8060453400503	586.6481786633921	1470.6223171017693	7884.52569365759	110.8443758696478	351.0738952802256	71.9997247418909	3694.241516776994	5393.934455572256	226.07221087997215	48.84345047923323	432.5368063108985	549.6751238249268	213.82716296516935	0.0	2563.6049072653927	1360.3798024412715	2827.3670297474823	65.69723360428307	123.70691062827979	626.2622300469984	36.72776403638261	44.91042298692144	115.51171053842369	8.88888888888889	130.18423945443823	27.18909710391823	107.56292371669403	28.031203835687442	530.9161286019322	59.74916290291392	0.0	5.245901639344263	177.34259201658804	996.4567536301621	40.99519593916159
PWY-1541	931.1779732383368	64.23270192134582	62.80074915936892	0.0	0.0	0.0	1616.0228901427874	266.11292814211413	0.0	120.4439994339783	0.0	1288.7778509770676	1273.143769617127	581.0582993263199	2959.3734971754548	633.8744368820958	0.0	0.0	28.11008472869434	96.65731622303085	17.875336327055535	93.8946300138821	17.345487499225026	707.1588129218356	821.9182781752006	730.5065036592268	693.2480286132551	760.280195027953	12435.877232701301	0.0	0.0	0.0	832.8273948502712	776.0013347705595	0.0	12.917148514600221	1402.5752179166716	2280.4152423552423	4641.522364678166	4221.539349562353	0.0	0.0	280.3799056665846	0.0	17.609138575043204	46.603103021873785	0.0	0.0	1775.8955752865866	0.0	0.0	126.27561087492022	0.0	0.0	56.292117884500115	0.0	76.6526064479889	5.7417756709656205	46.16867259320502	9.476457282050893	499.1783327096228	30.209330680970137	0.0	0.0	5863.463197696571	7695.737112611942	0.0
PWY-1622	246842.77306338178	12130.66958900988	107933.69368329772	43664.01111241994	58227.72798030133	21862.465441862518	112409.69596288347	53734.23901716919	73337.45531562368	77909.75752493454	9141.83850326637	82473.97361449852	71034.00747687445	33737.61405548207	177901.3334280296	13446.055082380602	7322.862599539348	283.67495141935706	3227.067644057212	27830.02098939084	57496.7292193052	86657.1730380162	87519.30955062574	56618.62471302491	53932.956034299285	51912.031504824634	50155.698712542086	46349.89256190765	161518.75347118732	10022.056390323327	5862.990999955158	8654.163292209769	113635.70946987804	178843.44710660703	73637.78363649177	40502.77249726026	89835.30475658315	214853.6439677434	174657.9625094183	99833.02506896466	2879.896154814827	352.4712475184482	14144.349042031874	9362.411518014114	5098.216651580446	1932.1533838518046	28057.5354378575	11857.942165998422	76749.33664520344	151467.59646157039	22579.5313781841	196158.53562024076	1926.0747076269918	3020.5730665859896	57265.3539669623	1205.554020762295	55301.42825290037	310.6060050331873	19740.680986286567	1190.7081766539673	15832.352110009453	4122.419148054663	6898.418424742723	94.1218033954707	87771.60513787027	63565.62130561372	126725.67872048957
PWY-181	7297.036208808577	2174.532805884242	50241.34248998341	20011.865402680043	29640.833982157244	416.54922398676746	5306.700608040179	7453.709571524501	87126.87941133298	3405.638522578284	88.55926014332232	13522.426467147727	5670.993917631529	41241.04688008572	1352.1061687404492	1967.874935544502	875.8052922207761	278.1750415513975	0.0	88.89992158217913	12968.616861281445	57009.1052996153	25434.63701562977	1886.89762968811	11555.126647276256	1130.7308783700516	209.96708445414293	1393.3590966151755	94867.74448480617	4569.427304892497	3924.7832912334516	2095.5649278465003	15243.728752970606	2129.1595547868073	4826.420501033272	224.14208594612677	13475.225987550315	14955.458320298303	28166.967289496377	7586.977935897622	1264.5397607854457	70.84004744575327	1164.8345106803051	487.4293479027582	111.81363358371743	0.0	427.3073314943527	1555.6000950642983	380.8262301420131	95.94445739802218	1703.9556343554889	5358.251620713705	111.91799287435354	459.0390341308396	30500.357823259572	350.9084278778573	27219.83801720032	0.0	709.2939925193031	168.94085674979394	294.3641463794036	0.0	9.119033574859769	0.0	21607.025150276575	59332.89059790293	31068.953964382188
PWY-1861	54234.13627808891	82048.95420764177	221417.17914540984	141923.51255513245	216466.4873021592	235527.0497379755	238495.87407543857	293670.31126107625	259225.70813727187	186890.4659100401	155220.1908161843	98427.35343227963	289434.8286340174	36267.47750186032	283678.69017641153	24270.89089806824	38026.172576336765	120032.98657707416	44263.85317095157	97678.14967768503	100901.22221459559	237204.14440439155	44763.377213004555	213933.82569298	199272.18495675887	208992.83896942204	162026.56551553973	35836.47838928407	38370.041370135805	45787.235198088456	1496.3055620282385	3603.8508002447	68864.41128572595	68836.82806303025	80593.53721307343	37906.25873302448	213453.4596234017	170860.538716254	126895.25587548135	108710.09751126214	114002.40545822034	39682.94217228952	84062.8809362163	3644.025310477085	26935.194305868208	13125.645633264534	81283.749844089	68578.85294177633	107294.74365926716	155716.04007162328	2584.6714216231926	177180.72047831936	2005.6997158153065	3539.982338558004	96773.69084149078	6474.589034834741	53230.79694655256	1973.660945854653	4809.573592173437	923.3088908994847	4630.895817721354	2987.6059533830944	6398.196208097075	399.31743092793204	18615.706512435376	109032.73660649515	180627.00486307906
PWY-1882	1564.0552318276452	0.0	167.29749916856798	0.0	274.33122110740214	48.54130329571629	2531.673752941648	308.44896292915104	6.614064568798253	642.7585939433516	0.0	1859.7689782094562	1391.7708611610883	11.566953766166653	4212.534808802397	0.0	0.0	0.0	12.431580533717991	80.17072434019761	19.874557624762982	341.65584243732616	191.8086173219998	2015.5144988853456	1520.8262920994964	1044.9571194700725	972.0127933193481	1864.5674490234737	4690.5800757046145	0.0	0.0	0.0	814.2870638638465	1719.538144811115	671.2512490150627	0.0	206.78477076250735	0.0	2697.752747894381	3551.120562017308	11.666482367231277	0.0	192.45691506364685	0.0	176.22421310047451	0.0	0.0	118.11105551510985	9691.704770760263	26.396390422873672	91.76110757850209	1313.1235876956614	35.4500035021971	51.21309434869835	71.68503952265763	0.0	79.87525850924959	0.0	119.57248526735097	0.0	0.0	28.844600828225964	0.0	0.0	286.1447287333308	54.76387674226384	0.0
PWY-241	162897.44505343732	7067.164110284546	54838.68661673406	67063.61511569296	79827.26751094754	64273.58983301369	93569.21607954851	23890.769918364607	102943.89579771695	57928.7128989541	37532.667246245735	65748.05651639619	193234.3240786243	17379.31936263877	168672.30509582418	9794.275083381304	2384.164983667771	146.89040089628077	2952.367145611766	12069.770661074344	36338.86891056217	60681.833626200634	53835.26204546505	84239.0281711184	55977.38798976344	142459.31665251302	153051.54818505852	44994.7081293671	159090.94939825157	7301.113995870297	5998.903950142211	7977.545240035788	96545.79119949334	82241.39433473682	45708.71224549262	509.8693231904288	84111.8124727615	36759.7196902965	112036.21567844611	71888.32398160902	1970.2708009935457	286.34658276719887	5712.379106507833	9858.78379571263	5424.146191084323	633.8202016496256	34780.7525218194	9688.311280261189	74264.18309577116	12996.025290480688	74273.49393529502	15860.724639087059	2221.0466443993023	1995.7647314810854	49779.23221664397	256.91871984178977	48068.44390903435	198.34590634271464	116604.64889641928	147.55200802950012	8581.273791364114	3164.8963076261084	408.00632890240394	6825.315138282664	88004.00612429896	38115.19185630297	79498.61492344715
PWY-2941	262052.38794249643	290563.04722516116	191752.28230360447	387126.1502975515	371206.2800155676	290963.6357486017	257666.8991211825	357548.6038530616	271543.8704908424	292637.7179661329	198999.74771648468	170871.9272862287	332479.8366578895	132389.1450750317	333325.8246089272	96435.19844982449	281731.4655363682	228349.0345471626	313950.2184597579	104740.79273461236	141008.027748942	259952.00511185345	153620.0850277419	241071.37029417703	248270.8766480295	200127.7408406092	192075.21459209162	244675.91043824455	103721.54133843193	360229.70153159846	1.9996207555547645	4463.751972751923	187412.64645884914	213721.34187173808	95242.68573951721	131019.11023123424	223823.8383291474	304723.6625717982	190084.1990126375	106708.01738001939	200550.5486318844	185678.6841731394	175039.77845258423	107881.45523074116	200859.99572427972	44171.75364435056	104104.41274011147	154464.95316809282	142659.36966760762	68903.39969085694	184365.028164368	16212.764306003623	227296.56540363666	129890.2992782299	106601.71381393052	168421.5832073066	176480.45512713125	282703.0379835631	217461.13605700142	182918.24436676712	142625.21555430643	177146.05167782778	142050.72212183915	187209.11320401359	196892.02149648295	103963.57002617086	173754.3724551325
PWY-2942	467678.4465858302	303460.170409798	272671.1626972344	439580.98256806756	441898.7227497331	325293.0236729424	369945.57602434076	376324.9922125409	321406.967804247	317121.87251320074	208453.67805815488	235021.58171276687	479843.6428125368	289321.7857911203	520949.358538795	147321.5050747715	284393.2883836601	249497.61746241155	346843.9286235556	140010.56337607623	184018.99310716087	311239.0548034105	195751.80628434845	333563.5504523187	330525.76791462355	415935.2422015651	337617.4632155025	317624.6091191172	329524.0352572651	364655.6908398404	7908.965236048099	12809.493385984466	253846.41267797392	412185.8198600401	174552.08223947271	139380.787075349	336874.60440141556	446348.02889482427	384996.601778849	276168.97652983485	224665.83278427314	199625.70450748407	199592.95346028585	126085.09459920891	214591.68178050316	44428.66396686983	152226.5093320601	163844.08570630825	228329.61258385895	283117.2319554036	206427.38142224593	478726.06531999	228284.47394703678	131640.85641009064	118338.74544004293	169895.8932019465	200696.29325708523	283872.9938761322	255711.8450941211	188776.43303997157	148395.9084356793	181666.08467733912	162951.67838201456	188627.01760855934	219779.51567542073	225874.2353621671	248789.46065754056
PWY-3001	404705.6567029985	150333.4371285727	177708.6437468223	384813.62724121945	384123.5780829885	263130.5501065609	332728.98192863126	287705.9187631982	276729.2623045204	191100.67826495922	120906.47947991248	221991.75491242713	397640.3757681975	276024.0516760124	464982.7599983345	156002.42375932584	94819.35253022761	149846.2773941263	175468.28859667425	78159.39785686145	144056.77352853544	231211.18656736455	160088.32764692442	301819.37495960965	293083.95023088285	384389.9582584999	316903.2192034454	289104.1879538466	352128.80400446954	190978.86075873443	8592.349846270545	13825.384559014214	221086.71673882502	339592.32860012486	172528.8491880132	120870.76091262938	307231.7479733007	393464.1470936042	358830.90501899156	275812.59652223584	175652.45428673615	125117.98247582171	192548.65352014426	70733.67690031204	98029.21126077784	33170.67898346004	142777.8268039832	87910.44708523843	222106.80906542187	250003.14871295192	170466.0547692454	442212.7501642144	133746.22776979505	95439.09392156325	104532.76923777444	113107.39072961613	198622.17183101748	68382.58467532943	209316.35590266142	171297.9431031125	166354.74965572945	94504.28783951866	156452.01956918417	96004.72616785843	176608.22358168688	211728.47759436042	203283.93632048435
PWY-3481	37.996872802763434	11.794055732478526	0.0	0.0	0.0	0.0	109.82921897619093	0.0	0.0	0.0	0.0	0.0	65.00633367673996	2105.159507127893	12.379177051974748	20.026388662193362	47.90652584253066	0.0	0.0	0.0	0.0	3.8945210455106425	0.0	0.0	27.98442625071881	0.0	0.0	101.97260427314154	75.53592104711417	0.0	0.0	0.0	11.998160382708994	30.395172824439246	0.0	14.16075619909891	0.7999693970795728	0.0	28.372473254994272	424.7545644349038	0.0	0.0	177.15349377192382	0.0	0.0	0.0	0.0	0.0	811.5183235499235	0.0	0.0	9.999364910700255	0.0	0.0	0.0	0.0	0.0	0.0	0.0	0.0	0.0	0.0	0.0	0.0	20.282730728697413	11.994623853007438	0.0
PWY-3661	7041.728786715729	121.02912578601243	541.0778533310347	327.3359461158363	42.77192963905498	128.5357529733193	14440.022637843882	7714.535875723165	1058.9641307889585	1775.5034451074762	0.0	8338.03092262696	7539.145388772536	10211.574870161983	23242.909282995035	6728.831989261547	62.370059124592366	0.0	217.33978573032556	537.1857470338646	465.68067347670865	2357.8252909742114	1832.654957767293	7082.383971687085	4700.056388631189	11666.390444719214	18127.847310728488	10091.673770636356	26467.902545816603	223.4295987434613	0.0	1346.8496734143791	1699.411669403637	3639.2475254014284	9470.893512835286	132.04824327992745	4214.697902562754	6725.585182056158	19331.915921782987	37163.34657577009	838.6812686570979	89.91927467942735	1094.2033123078465	0.0	789.6191032262041	161.77640161534993	1334.6776823813198	230.27263725909617	15208.615205574806	2496.5998157143918	122.40211151793319	2492.0702464041137	98.05713403238143	93.96518870707337	646.6581176803829	29.51938506806535	414.7408221755652	100.6666682979044	353.39873285939893	83.67356834467121	2033.91380054653	163.22273244318728	112.72406122232505	0.0	27747.260533334094	17356.161027654514	82.8602456693345
PWY-3801	335.66037064851025	0.0	0.0	0.0	0.0	0.0	67.16632499207923	0.0	0.0	0.0	0.0	0.0	0.0	0.0	117.5608840276958	89.44407844783336	0.0	0.0	0.0	0.0	0.0	54.57950206108304	0.0	0.0	404.6724093828809	0.0	0.0	142.47992144524378	4291.816188258181	0.0	0.0	0.0	167.83765235989586	257.37272475831725	0.0	0.0	220.90418484943234	0.0	783.3804842562588	1296.839651792282	0.0	0.0	0.0	0.0	0.0	0.0	0.0	0.0	212.2507810501995	0.0	0.0	0.0	0.0	0.0	0.0	0.0	0.0	0.0	0.0	0.0	0.0	0.0	0.0	0.0	33.54799063379412	307.1858126296057	0.0
PWY-3841	450262.7085990848	301919.5864220864	257072.3252317833	368975.87745677243	402678.34885547496	381814.3277891912	346151.6547581265	349332.18437774293	315844.15617189306	267209.9581593524	177278.07393754978	220876.8899487566	456634.4982479896	214605.34054676222	484105.03326894494	127677.99244148802	214739.9424283823	217596.46712765648	232527.0189260703	146345.84731752955	160210.15693970266	295747.4388544136	162942.6443601349	319305.71187709464	307176.561464162	404181.85239194613	390956.0376356118	277979.10396182287	262512.93278892327	317545.873283109	6538.27652980289	11721.417867929005	257009.73533233712	386674.78216486535	163693.1942685794	124519.96875842713	320276.39842740947	392042.66815721156	352675.590511189	225271.77929982368	216670.22805347387	175602.9308086298	205283.22000102684	107667.55035297258	181999.7163790303	43149.347139459125	133148.97431737513	135104.11173333184	195965.08221906004	241326.28486960003	188680.05449585782	432420.13294980885	205696.19183577746	121060.41251424816	120972.21344546524	156210.11579591976	214635.9074724877	191966.24080698288	230296.2633602716	197938.9985554946	137797.02128171572	154629.84290454842	140782.10609079376	163369.65060973086	197435.83953247088	202751.6803080089	232918.53312531827
PWY-3941	37.365513430700894	0.0	0.0	0.0	0.0	0.0	17.974715466282262	0.0	0.0	0.0	0.0	0.0	5.996767343049954	8.848628993329875	37.464282257942735	0.0	0.0	0.0	0.0	0.0	0.0	7.487795943192476	0.0	26.91815255567047	14.966371684888017	13.487899623623793	0.0	0.0	929.1559753228097	0.0	0.0	0.0	0.0	0.0	0.0	0.0	0.0	0.0	92.76697101221983	94.29403693783054	0.0	0.0	0.0	0.0	0.0	0.0	0.0	52.235107470583365	17.984743333471876	0.0	0.0	0.0	0.0	0.0	0.0	0.0	0.0	0.0	0.0	0.0	41.23564287638847	0.0	0.0	0.0	0.0	0.0	0.0
PWY-4041	0.0	0.0	0.0	0.0	0.0	0.0	0.0	0.0	0.0	0.0	0.0	0.0	0.0	0.0	0.0	0.0	0.0	0.0	0.0	0.0	0.0	0.0	0.0	0.0	11.99941981954454	0.0	0.0	0.0	915.5256629915671	0.0	0.0	0.0	0.0	0.0	0.0	0.0	0.0	0.0	0.0	0.0	0.0	0.0	0.0	0.0	0.0	0.0	0.0	0.0	0.0	0.0	0.0	0.0	0.0	0.0	0.0	0.0	0.0	0.0	3.999942484268369	0.0	0.0	0.0	0.0	0.0	0.0	0.0	0.0
PWY-4321	7551.885518016605	0.0	1058.2409667613465	0.0	243.34581830812408	52.263100058856764	1638.1936373578524	1092.173722831598	0.0	544.0547794216335	0.0	8777.651442121101	4535.466240950203	618.6208054252062	1003.5017144974299	242.416913347035	58.12795261894918	19.028541044232377	0.0	1344.2563446141494	471.68421175630084	4721.603838910446	546.5970385772314	3222.3034519883777	1797.9878248587436	1958.0337768239813	382.3759744660572	1348.588724473299	13447.624179651728	743.7080483417601	0.0	0.0	7060.362596595826	4973.435004562508	3974.178076093149	33.36047664620549	2788.653455749673	0.0	4036.2627282609606	5535.049348744423	240.56977445423178	8.845088005075553	848.3169943897946	0.0	339.68295963510093	27.758089707522473	890.1146142252315	167.04196380104716	10772.839054994682	47.92444081660549	566.2546264469916	8654.302921834806	0.0	98.74588094378657	1402.1678948246326	24.713525358189695	2990.9232917248396	0.0	510.6843566817356	0.0	367.09515533171356	53.88396505369323	1.4368836771094773	0.0	2661.396074343439	6322.397624398614	0.0
PWY-4702	3060.078741824233	0.0	291.80841437835244	37.738310982239945	696.9904641627212	62.732510288065846	147.75953572202053	1215.99564388783	139.2975778546713	3176.571040504626	0.0	495.4661915675676	573.8313572388859	0.0	207.78254943169168	0.0	0.0	0.0	0.0	0.0	39.48148148148148	274.9373297602878	73.98648648648648	136.72147975982955	311.2027653964339	2.2796965047605036	63.81888287523435	122.60498959367237	8890.283495644151	44.65384615384615	0.0	52.0	725.0234216139286	1035.6333628665031	391.7647865724124	0.0	91.60866630295072	6096.102744389459	301.68966469645915	303.5930273530611	0.0	0.0	194.33915127780966	0.0	0.0	0.0	0.0	320.0	243.0543133636927	9.26326067757092	27.14412642000381	516.5307906701545	0.0	3.5294117647058822	0.8584112390445093	0.0	218.0690853741651	0.0	7.8970266443557735	0.0	150.67993874425724	3.8961038961038965	0.0	0.0	0.0	366.7829856680171	3.99268290452105
PWY-4722	136.5479534020255	0.0	68.67315895303608	0.0	0.0	0.0	68.98616443896039	168.22462215708282	0.0	0.0	0.0	1712.5980492943736	256.5401009138355	0.0	1088.6015461165175	0.0	0.0	0.0	0.0	19.292599650657674	2.997624730485717	20.65117241461067	2.339638869032929	275.735985220151	243.6873355437682	150.95482504400556	880.6646401309928	1329.044678736253	2638.315797260955	0.0	0.0	0.0	217.2733455997738	242.75316110534385	1984.1417555342637	0.0	209.87444918045276	0.0	1104.1045853421188	1708.9459626043224	52.796836410523866	0.0	0.0	0.0	0.0	0.0	0.0	0.0	184.86898407717828	0.0	22.492397065476474	24.998318360782392	0.0	0.0	0.0	0.0	57.64362755609053	0.0	0.0	0.0	0.0	3.9978758719797187	0.0	0.0	195.410576952962	1127.9227658584318	0.0
PWY-4984	130027.03459582357	16734.109184486722	54244.08666198301	300141.43291468226	298750.3491836047	183858.81487767276	76158.2025815696	98865.04765651588	185415.3384012063	173459.56357392308	130425.71146669536	126345.50458489037	226153.18307841002	40211.463255486815	330758.0770918563	55556.664149201766	96012.01244248252	142201.65723400732	154117.60722005027	26151.678362991024	63097.13848179298	61314.901447967444	118639.4382871642	143350.03720196185	154176.60592189294	209250.22095651343	187800.5011584378	91202.67324545971	118934.3543287014	175648.64641284003	4738.879827178287	7246.745710520209	136208.94430040577	145774.1762626112	78768.09158441407	88113.65161544396	110872.48858088233	200247.0685973824	171837.41534212566	106818.92168089398	33964.546794165326	111708.14820622091	127896.3298209116	46142.35819069774	88544.06687116864	26954.967251141697	53299.51186597405	78490.53327594168	105736.99736029687	163469.83635181547	139751.87302997295	256470.77958165098	123322.39780235277	88891.85657505416	65595.32111777925	102272.85959122717	140022.85718712182	68253.60638447192	174918.6522526487	118188.24534353077	121477.19215952698	89815.76790287072	76005.21027404927	92101.12511287727	142014.35609235673	76797.40779654431	71557.36002789451
PWY-5005	46986.978870828694	1698.64487752872	2903.1286803439466	15555.618456705944	3181.6445831535902	6583.770913862012	70698.5953076864	8806.226770166215	7955.314744882565	5405.791894783946	108.32217610984375	21799.903546607115	15858.45778158443	6407.646515918042	96411.73859235465	7016.47678835592	2212.3578847989106	220.20945295548972	7951.984182778959	3614.1313938893454	4342.048764368985	9655.189617493063	25076.693684964524	70624.07708773474	61007.65257982793	118941.36632852664	86498.25478324019	42561.67985974521	81107.00124584793	2351.348934985497	0.0	370.4743053614536	27103.99820003342	53589.84575081499	29435.74594273132	1432.8973082124483	69178.80361692567	26429.07472136759	98144.64094418375	69912.21339006566	1633.2795649417046	310.42051859396497	7498.246926216072	636.4142910412287	11206.552845906881	924.270829483388	15443.886237862527	3954.4667923517845	51330.07675241477	6801.238887237886	16955.058563918756	130785.91396751783	500.9406007343081	495.00949952096164	12337.513584357575	93.42917000607862	10069.8635476919	111.84278340889155	20330.82629627198	221.6254863749389	936.5686689510746	1682.4060096118828	101.05965986771648	158.5189852623818	4975.156908560165	8885.355943257502	11069.269766923206
PWY-5022	314786.24741235515	14204.721959914035	51089.14304143205	257897.71523885799	263997.4347766447	117616.64511846087	120215.73522899802	29141.880727754466	121972.72315894472	44679.67696845097	0.0	114347.10597457387	203993.0095712579	24453.191491264522	280019.56555422954	16589.022078890797	7007.772380302585	3471.180822703671	24010.502827068147	14680.226752244542	8670.296450607877	38694.310335673814	27379.819050907387	149891.28391446744	139629.2094692482	241790.22662214193	179618.80120397956	97672.32684133302	184491.6622639989	9346.10779180209	6061.734115674294	6620.855772734813	153309.63715239987	211844.56774409956	81477.72076403617	5660.661282445967	142699.17563095415	257651.99210866503	179156.31299499713	149886.58142648946	13868.276872021026	1743.6931139252642	68766.45108667309	7329.292166023428	32271.914520140534	1808.8172675155415	41723.01941019435	12211.265688606914	130850.25940430493	213119.54894119035	72008.1432637246	374201.1083032719	4874.977235005585	8317.458833527562	40472.72205612292	975.7660870127352	112051.11235698625	2068.8216093967203	101475.27369886314	53579.04034995474	11231.990014851528	5907.651194371357	11644.860281817655	4641.074000378947	51422.46465012891	63491.23888077123	31384.142322719283
PWY-5028	211492.07997937952	425.4005622529175	19553.952923410783	332.2624222006832	660.6584994742279	648.1045310913169	12456.289166143726	6129.830853728769	403.79351912859715	3929.361627022217	503.3120988959689	30947.44809401019	17225.657468174984	14903.752416298254	40967.245005207486	3409.125988720966	2098.8925224405652	12.499230858857098	655.0952024028512	2220.211696700869	614.4156923108943	4854.465007059649	869.1033088606256	12981.83645540681	8971.570316461011	14615.328818114489	22136.703762042376	31138.819025156277	110954.11995217823	2853.3335306189033	4662.006750444636	5177.850157191085	50917.92312845933	97585.86975395317	28202.59140124823	293.6758026967368	21267.61514101206	113729.73058613029	52521.121509080716	55457.872749289476	986.6522145024333	142.3779141462823	2415.2355431440956	3916.888782458677	2123.4821292718407	579.2410369252406	8368.351892872812	4151.165175647265	49993.20277259044	88965.03661657804	6705.231608324711	101708.156016183	279.63730847148463	581.1065986430355	4156.61953211416	49.98143439690086	12019.568037572668	139.94994512614895	3966.190597964596	44.98416720252171	5329.2398553428875	615.4799813320318	7.499061098121305	22.49743949874657	33549.32234807356	76757.67638772822	360.1524164308341
PWY-5030	115500.79289463305	6915.086518222465	71415.08566976672	96094.666779083	38481.62488832775	42817.73833509895	57599.26554987707	51476.623892131676	94460.36417641187	162980.61628231013	94755.52967810548	89835.93381553328	162823.17547289337	73299.67255140276	172997.3539216597	24702.99367048442	222801.5588882748	132503.736199515	233699.9122105244	41934.25923353885	59309.97671686466	63269.03417096053	72738.39489465796	99335.6238915487	136844.7584052606	17993.627078770605	31623.029284263168	69373.85597083879	63635.584856365815	241477.60028673365	0.0	1980.5336642074205	117705.42898600956	16565.944453310603	44164.53611237532	43631.56750002279	68563.00976166165	37667.80309688425	117488.00577014255	60332.584690633965	12828.722659309537	108212.01653238565	88710.90280677953	7342.213040982613	134593.49944047653	20844.811442796243	29553.044953225275	101896.42511919746	56807.74884670544	27922.439475676132	84562.74391115911	2514.271092691227	139068.74984956463	57634.09787598101	46006.692575839465	88244.25890993339	115461.9729910928	241359.40320938826	104460.68841343762	85721.1283297141	23729.320715521357	118082.92053676648	38020.50207157157	125578.27957786537	102168.59918833848	25349.317526898143	122286.77640377535
PWY-5055	254.11223968646914	11.001023452771136	0.0	0.0	0.0	0.0	0.0	0.0	0.0	0.0	0.0	96.08589513551053	128.6645059131288	0.0	270.44706123061553	0.0	0.0	0.0	0.0	0.0	0.0	0.0	0.0	87.26110780317968	41.706270292121665	43.93374091458183	59.816051682215345	38.01701578795815	0.0	0.0	0.0	0.0	0.0	0.0	0.0	0.0	0.0	0.0	0.0	95.49459639740621	3.189688059537565	0.0	13.881328033856843	0.0	0.0	0.0	0.0	0.0	1164.869657567099	0.0	0.0	0.0	0.0	0.0	0.0	0.0	0.0	0.0	0.0	0.0	0.0	0.0	0.0	0.0	14.913487116469257	0.0	0.0
PWY-5062	444.1540888359888	18.16585078802268	0.0	0.0	0.0	0.0	0.0	0.0	0.0	0.0	0.0	167.18934247741197	219.86299968141574	0.0	439.89919702924766	0.0	0.0	0.0	0.0	0.0	0.0	0.0	0.0	150.33468661255012	71.02837417704207	75.78617317232428	101.28415371414967	66.1754354141083	0.0	0.0	0.0	0.0	0.0	0.0	0.0	0.0	0.0	0.0	0.0	163.32870195878112	5.5175790580359365	0.0	23.701049901007192	0.0	0.0	0.0	0.0	0.0	1894.5057588530458	0.0	0.0	0.0	0.0	0.0	0.0	0.0	0.0	0.0	0.0	0.0	0.0	0.0	0.0	0.0	25.72933304372581	0.0	0.0
PWY-5097	462842.56263440644	293821.32270703994	190922.54693955256	402006.92867745063	406656.543751715	302009.25462891505	334906.23914245603	365641.3059237153	312861.0074432535	305178.89281395334	204104.8952101513	219279.7626089853	378601.13262268505	256177.43879943513	477367.0929643666	137026.3527274004	283141.8305891374	231250.68932114696	334618.3548462107	105779.19972935317	147017.4824648892	268902.4923638381	173867.23674717595	305574.09800612216	285827.0075713605	364871.26202993945	291593.6024000404	263904.80636840314	318026.6121563881	361454.38422348455	7254.270094927058	11619.760630326487	242667.57353692292	401847.12217912695	143139.82306049796	133450.77003364605	295863.4014461451	430044.90992576367	351191.1396712521	259669.28068408227	201223.5402108544	189682.2912972772	179263.85535558066	124612.19634078635	211835.95142534407	44519.45077113483	131916.44535209995	155727.694026199	206124.18758513904	269233.26341342856	202406.7123982735	456226.6825976606	227746.80986992203	130701.16294904606	109445.84804204408	169046.81963328566	191525.3410214292	283346.18635131774	249813.13623278457	186145.41826773674	146859.4366821992	178496.84928358853	153333.0315929656	187958.6455199933	215492.3851511791	215293.58883932553	193230.5610730653
PWY-5100	204017.76650674344	262972.7449629788	277762.1095846711	213347.98582777634	178753.8832984737	300401.2066671359	303120.31046511483	476104.13201604807	321044.038438959	357867.3213054201	233814.43047115835	171405.7098755332	349025.2193607965	218090.7544086276	350264.733466022	80813.36003136262	343982.1745211211	290955.1693649876	339783.2723586142	169137.40451284067	197578.98074233977	363852.81302193354	218669.9270167595	241167.20367838428	260526.91167309202	154039.07277600848	159302.9429663852	254560.01959322087	152148.03986750665	510899.0349813758	0.9991343922600506	4428.3570447639195	155076.57830787075	102923.1079167546	91361.26424561041	175123.18131039658	212231.573095785	198816.17489471854	191978.16238797773	114017.48765244239	307073.7028968366	232756.81770712318	195657.42214272375	55810.9529308957	221858.37117860635	49621.14984949693	125655.67676414299	169358.7098346516	132395.31625195063	30887.351100631815	214148.34076221674	7580.665972811754	320941.08897034795	156789.79529720687	136992.0067697818	230790.49220975648	184908.03872773002	337400.1377374167	239066.36679617869	264674.627258222	165972.03894941224	217037.05113092574	209672.68366867365	238695.09810160458	201712.42069049051	103931.7855225023	269508.826076241
PWY-5101	64.49467421026266	0.0	158.88097481019975	0.0	0.0	0.0	1146.3157406340645	0.0	0.0	908.802374463699	0.0	314.7269397053194	20.999202579383734	0.0	389.8030350092843	122.95546329146839	0.0	0.0	0.0	0.0	791.6060175772143	0.0	0.0	20.99908619754334	385.1589430826703	9.989847484288505	26.9986191560357	1334.5942359072437	11050.840357512345	293.6816523003365	0.0	0.0	584.0158769401698	179.94697141483064	0.0	14.998829963359254	11626.823943753157	0.0	689.2385006399643	83.98672479948713	0.0	0.0	65.9849769769255	0.0	0.0	0.0	0.0	522.8471489714493	85.99288637744716	479.48096375189834	17.99883768936483	2908.856785153168	0.0	29.993816747614158	41.98957656257234	0.0	0.0	0.0	39.9853921122903	0.0	123.93606751983909	0.0	0.0	0.0	14.999190261745916	3534.702932353314	188.87287636091702
PWY-5103	359734.0507226344	108809.44529690614	88289.87653346108	341136.13485217816	352755.5303055165	201533.1748321525	225853.82081832574	184044.66341085953	200019.9848736847	130574.50840251416	78070.84532625151	182225.50019076647	263278.7766798079	216535.33156570693	380075.468291767	150695.88805905773	66751.30344902746	109578.82304862364	141953.52102785697	33105.97273461718	89763.19194943256	143913.31284415728	133179.36320369202	233469.49489573005	209391.5637459469	317964.6611555281	258471.41706804515	263091.51793741685	331402.2491631015	147690.82358850422	7379.943571476919	11950.48427796235	171401.11065960897	291777.0696306104	145930.66836595113	105467.2031047059	231036.42102729576	335624.79327147466	307317.73459638626	251889.4638578354	110779.26349102147	101296.41646465095	150888.51753246423	52285.36883819404	70871.9352535181	26945.480794662806	133963.59211494908	67232.12204503536	201009.52579820232	219784.53283788354	149403.1821735299	419192.7854725729	107882.47580991546	80060.5737494264	84221.32374004812	93511.20663540975	174343.9125665129	48590.036880736625	187103.38210140294	131507.56074263298	147064.20443258286	74844.95966336539	134488.66483234134	75445.54533070614	147294.72865322774	174096.34467050925	138362.07615821663
PWY-5104	83.93512030734236	0.0	0.0	0.0	0.0	0.0	35.99500504644755	0.0	0.0	0.0	0.0	146.84788451095625	0.0	0.0	188.9269779683054	229.79895318227707	0.0	0.0	0.0	0.0	0.0	65.94543201133615	0.0	83.97630512463473	0.0	0.0	92.97376640765769	314.4392803064766	2376.2022375453876	0.0	0.0	0.0	0.0	56.988130128629734	0.0	0.0	0.0	0.0	622.7178427131315	389.5184043832479	0.0	0.0	219.63817870040214	0.0	0.0	0.0	0.0	0.0	365.2170624329331	0.0	0.0	0.0	0.0	0.0	0.0	0.0	0.0	0.0	0.0	0.0	0.0	0.0	0.0	0.0	0.0	0.0	0.0
PWY-5109	9.171929032907284	0.0	0.0	0.0	0.0	0.0	62.44872142572536	0.0	0.0	0.0	0.0	0.0	0.0	0.0	0.0	0.0	0.0	0.0	0.0	0.0	0.0	0.0	0.0	0.0	47.449204901284666	0.0	0.0	0.0	1051.4709916690229	0.0	0.0	0.0	0.0	0.0	0.0	0.0	0.0	0.0	122.14543787800889	0.0	0.0	0.0	0.0	0.0	27.284801966019046	52.908428559666774	0.0	0.0	0.0	0.0	49.32974586436679	140.52638108822165	0.0	0.0	0.0	0.0	0.0	0.0	0.0	0.0	29.690014376558228	0.0	0.0	0.0	0.0	0.0	0.0
PWY-5121	322717.16316431697	146990.10971742836	125554.18479842495	351384.6146144549	308647.0168737544	189336.774003925	228084.49949958187	179334.17374232068	204248.43783483893	284552.65156085993	176810.3258586042	186518.67510335712	303026.2898368486	253220.0423050062	391047.6666239695	142855.54531317708	306541.0102916889	239667.773292808	358368.2932587889	68000.00328469017	154390.5941146294	154973.74547901357	178836.61589260088	232504.94735624365	241361.59737340375	287830.02102749713	262176.7806368677	251888.90943094087	264463.61186247	400402.40558292356	2839.2624872756255	8673.146061944271	193782.80674366598	267053.62072210415	135384.58308231592	138728.90122301367	207004.49884499158	293349.57830356125	301744.96500867663	214226.2237619366	132501.19236033264	207176.07371844002	165394.52732317685	79433.05784472257	209857.2493097104	49393.84257611258	118058.38443222798	157307.10010813223	175989.26591796323	190514.74159913653	202308.22819819866	356767.272189236	256264.74316157686	141328.3256295177	95896.8473175571	188488.1931362194	173682.6457807042	311707.934583522	241314.9257011006	196241.73819462385	152519.52389741017	196375.12471216265	150245.79138854382	208553.54081682162	210162.36216021606	138481.78476729486	174569.41480400125
PWY-5129	71.79551138244449	0.0	0.0	0.0	0.0	0.0	15.945485519591141	0.0	0.0	0.0	0.0	51.803108862949465	38.30357142857142	10.363160252213762	221.15527309544038	0.0	0.0	0.0	0.0	0.0	0.0	17.41478530323152	0.0	42.86710169688844	56.000985630530664	0.0	0.0	247.96450363934153	655.507604146419	0.0	0.0	0.0	172.2273696860571	75.93082719971899	0.0	0.0	0.0	0.0	111.17625711933604	517.1954617871419	0.0	0.0	0.0	0.0	0.0	0.0	0.0	0.0	253.422184591025	0.0	0.0	48.67947114297803	0.0	0.0	0.0	0.0	0.0	0.0	7.737983368216057	0.0	0.0	3.272727272727273	0.0	0.0	0.0	0.0	0.0
PWY-5130	59417.96810083399	6227.49450189844	23621.579798868108	280589.3825446265	201030.1800054085	89365.89765296553	33415.49484891886	47970.72566512241	18213.20394135269	166713.2406874004	89129.74868742902	42446.40530391667	29574.783055546708	47019.806202639535	170266.08519109036	32502.214203336123	247257.8456880803	137764.37219511744	260394.67224928338	8864.37736586754	37669.50150444179	24466.48165298882	102016.93930041876	83925.54893024029	50637.04748792797	79383.43483082441	92554.51675830477	133297.7981988853	303073.99442721956	262909.39644138614	6852.195132810467	6922.105536032765	33330.94536997398	62254.22068171958	84537.2219262947	31818.701000641035	83741.74221719285	142698.23765181648	141359.7667424373	174189.491419252	12049.416641386715	114023.77587352686	41440.71287451074	6097.103442180854	154803.2875281725	21052.846565373096	24316.309353305332	111953.24026789596	92227.54509547143	143908.8616951697	67017.1660885112	197296.40545256587	146654.45757570225	59673.8254782018	16489.1270335185	91847.98353332143	11852.90348566071	268572.62536206667	84824.2145889945	41572.95919593622	20593.571168579092	131034.98625105132	18915.081249935196	132892.32299072578	102324.14546309254	88809.15221758278	19458.945791333495
PWY-5136	466132.5668552548	4458.713668070613	80361.9276158318	353277.3137490897	435407.1709379444	193470.06110957701	287588.5467244888	36184.11881829555	165805.14397422396	56209.95246679199	27759.630424338335	150063.32228718273	374645.7047024435	26332.14356863794	452959.34606494324	23199.978580976334	5840.707354533122	739.5032854076397	20632.289011844547	18532.83946587505	41125.99531526245	75238.46307742386	107755.50854414984	237278.9756659257	151320.1981361981	482364.1021289147	373461.9465828978	175311.19911504808	385564.60573318513	10083.76786047786	2452.1352114952997	11621.167409354086	187468.94341602185	466585.7836099558	153389.65292875876	6654.964555048266	279300.45640209835	515164.6479010692	374253.78635856765	296192.2555114245	6269.352704481157	557.9779707137235	21659.388282756576	2999.410952582068	33393.5475663754	1446.7824488451195	52112.73040250042	10570.576362408801	189652.50483267143	304440.7296222405	102893.10546768342	729921.2721579537	2419.7041883704414	2294.584922161199	58919.57316460489	381.35328919288213	67132.36736093006	342.2349093876742	173865.28012504338	672.3080315651729	10935.276376942544	14365.11686327403	11704.015953992734	4592.928280055547	118863.92606235796	257546.96104365736	103304.9957160798
PWY-5138	345636.95333070087	935.3976191927688	58906.57380341998	80038.30632639404	191805.50873967758	84110.75410463034	153877.5414724291	16999.822580179887	120932.22940355443	35715.5897482175	22436.693160605988	67044.09226967751	262319.43057277467	666.6062712594226	234889.2865420008	1097.2660679810497	356.6770669204369	88.04197052130826	1729.3063897694676	12077.467476796457	32643.30349503129	50199.42716554317	55599.400734115196	92724.64943122667	50757.614661605214	231867.04018057635	176832.34516714583	25194.067650449055	76585.19274355307	3947.056539757198	11300.802105378263	9377.218990110196	112077.23128896565	295866.3365639541	36908.4549541031	268.0705481649912	101482.05443016834	293523.3870029302	150107.87546267538	45309.22590407484	1450.9619869562468	156.87845018589314	2133.5401928308265	5993.601058524071	846.7746576602073	456.7629015426163	28411.3124157396	4554.577754018372	37651.89814728049	144507.20396203717	66216.10439111474	336397.27326970984	1316.9083843287865	1287.4322775807466	41165.5939257931	130.80719071680286	37694.85226225541	80.5357178025368	116257.43512326264	81.73887991653831	481.10918528913294	1863.32504979088	243.0938705778273	3798.1205375089953	56748.45168682434	113086.27980554596	88586.46643090819
PWY-5154	344567.0269346808	20601.43908330824	62166.47550139165	84232.96296485962	161887.1453059974	81752.27027350642	132721.66201947283	36532.46821311648	133545.74386360782	43486.004277214364	23272.130911607244	82361.31823516924	207139.67868545183	35825.63082698252	255075.49232910687	22442.895856704534	4827.522098453012	3981.506738472334	12262.913264723189	17947.84782027066	38652.417882036476	62663.879368994174	73248.46906267444	144967.1555922734	102766.57555017507	217417.6465297659	167588.5791458408	123499.33006869312	208979.3913926403	10500.791122141925	6240.84522602289	10124.160123258598	115182.2274386417	243083.04986826805	77312.9025423506	4691.165483967206	159585.27183500983	262829.29563247494	166193.75137470404	157528.8109130226	16123.4182441649	14866.88330507705	9527.130068235148	9022.761244505347	19835.56009680459	808.4906219316522	46102.99943490945	13302.956567311829	108097.71583780329	171428.2084622659	61867.70900331314	289242.01425919373	1806.3065205274752	2319.2785489186585	60178.37344946509	743.5469259698486	45273.68343564837	426.8014112803634	96502.6284604761	587.4307708186835	9265.448233428133	3279.698892462956	635.8382975259208	3620.68417421968	54723.791009937784	153545.2091503755	94518.99206556624
PWY-5178	4555.209967994192	249.94455434917043	2602.0348243324065	9606.36624426915	2344.5694106958754	1843.4427209529797	38880.227020070175	1354.1157720681401	759.1145185312154	1461.0339537316827	0.0	10728.46626957099	11328.651673261285	0.0	42502.018842312704	4363.04817967581	24.668074767302443	132.83107597687126	5046.397636560122	634.2372807398134	148.1806794988915	1796.3534759936997	273.0579324611624	6653.172127308	3405.359241903182	4801.002448548624	7252.76109566698	7765.859381095967	11168.771245228989	259.3320552939058	0.0	909.1509246744741	12244.60082441494	58614.84501840313	5435.81026406141	69.40890415918751	4710.4825169043315	20423.50081260404	17632.35527594347	9795.764677878688	772.6782759132536	276.4401534306092	300.99563979052516	0.0	558.8564108582964	14.382241219081733	699.0338510284803	587.7485208715392	8020.351511696995	354.60451903675505	34.88218049644965	4505.164703441869	39.4244718126831	222.92506667010738	421.61760026450463	15.389377353908063	3486.222679127191	6.63832449368647	167.3769935460971	6.551398969015143	48.99949487827015	318.9191434817256	0.0	15.119531760116606	1974.7562624772274	5179.283599411953	0.0
PWY-5179	433.81645372688195	95.85198465872176	10381.233071057433	562.3410009621371	2466.234427416137	148.40093777943824	56288.268849486	0.0	843.3734290103486	2601.7998801692675	147.41209210344024	10305.405631450696	12949.734616624644	0.0	244.35633295346216	0.0	0.0	0.0	0.0	0.0	66.61763502660843	1968.571992529149	378.6494945804175	58.25403967395298	2546.7879512518025	1522.589211538054	288.05278632618257	176.69634287988262	1813.2640385666405	0.0	0.0	1165.4294225245492	20139.589782993135	74811.33443088269	205.47583321565796	0.0	8849.008658478957	22578.64555589527	458.97055741465596	33.97987752624546	0.0	0.0	0.0	0.0	0.0	0.0	64.09173695309535	0.0	0.0	28.28399121239614	150.00397089640782	2926.886288829984	29.01870851030351	52.025197883533906	238.46236376748718	23.04723904027809	14028.257154757912	0.0	396.45845150909616	0.0	0.0	5.983362580718956	0.0	5.690742704069222	1489.4823870550335	17967.0443949739	453.7849428078136
PWY-5180	174941.5181057245	7181.234449804964	28617.68540835985	12780.962974904773	8550.503566953992	5250.111085272823	134367.9121920708	5544.305964264209	3464.6208396097177	8682.841488585433	604.7916799102301	48158.515631463335	37368.45371691527	15349.433208597862	114959.13674458754	8328.174825507404	2407.4630670762085	213.45291030146836	10577.48088128268	2648.74039061826	2141.5316340312193	8859.879587185504	5767.004095818952	79790.05171907907	55308.16553264951	79283.14265738858	39210.579869224355	75504.94194694683	75624.48848533198	3902.4541593560443	0.0	4502.74605033119	60460.7762822341	163351.04289990535	44582.784470552804	1795.2924180947612	84787.50659274004	116900.74776788827	108984.3721166972	77950.48223790337	1324.0535239432115	373.0406780425551	9633.243054294679	4321.824148975163	20052.343428418095	514.0952535105122	14157.406531731265	4839.071524283205	72712.97078471085	102991.94833810277	12001.594632209544	104927.38910826224	591.6953568786802	1394.0570511214842	5514.406963032719	297.8995754581306	23572.126246182845	280.73757081767616	13294.721871285758	273.93742110538153	2818.983673576544	1474.613694842915	2437.712534614774	77.1030718798555	22270.75049082439	45350.22425770433	2836.655957499343
PWY-5181	18921.952141560087	0.0	302.76852780920416	13940.212614951284	5729.867994698672	7850.338146356497	43555.76456519031	2099.383496820778	2173.3043958538783	6830.690952130526	541.3481091659527	19494.362373545882	26174.711389085816	13.454636024043037	96429.3061111865	125.81708516147637	109.21677961234279	0.0	916.4275824955312	1827.8552378021861	430.8420178040476	7056.171713541895	1977.7410610137367	20730.10919627481	16274.481807450455	81667.09157232824	37641.823893031535	7782.927600750024	12708.379508491536	474.4400855542798	0.0	996.9465782063851	37792.52392469719	88620.10492014933	3063.8426705598217	0.0	37282.015869968294	23337.259911203837	4726.292846793146	6696.153488023804	114.21321722978244	0.0	519.0096942382022	117.70480695561882	0.0	0.0	9082.017409622304	0.0	11773.0512687428	25004.405981516386	13356.899081113716	104434.10319819933	245.9234851840402	375.80075141110336	1549.106811220313	0.0	3772.1875946155174	0.0	14132.207787316647	23.30953230589724	157.41352233615382	576.6711475201286	20.287456980041867	64.60872215484504	69.67097203717499	2995.7289887468846	30.62980956868691
PWY-5182	1963.703217114682	0.0	180.48271756938274	0.0	0.0	259.6014823088221	958.7355341742233	0.0	0.0	105.75816755213233	0.0	2062.3052296670635	1532.32199661099	0.0	5235.287613960091	42.50945561158972	105.71451830087324	0.0	74.2770827534112	0.0	99.65548236343145	490.43696375860776	84.2022330456276	992.1341655159357	110.01548422937411	142.83409993808365	30.114548031897808	5266.376232529287	7780.913804201585	0.0	0.0	0.0	176.20517635276084	2182.8463846546847	0.0	0.0	530.4128461802807	0.0	1441.18126137656	4141.290257015425	71.2294008520297	0.0	363.1571681817647	0.0	0.0	0.0	0.0	0.0	8262.00852888154	0.0	9.76353090498617	346.8300066893015	102.66201505437083	0.0	1112.2369398420064	0.0	221.7829149676179	0.0	23.446220452099016	19.300473643712337	94.73733305228023	0.0	0.0	0.0	61.71830385477183	63.89871023126384	0.0
PWY-5183	485.001432993193	0.0	29.498932382232574	0.0	0.0	137.0023480832741	878.7572931651633	0.0	0.0	96.82664359524307	0.0	1865.9548519348205	1402.4763381079633	0.0	301.5564054047889	0.0	0.0	0.0	0.0	0.0	59.22733728261404	16.19874183513677	0.0	44.24265780287719	100.39487901913593	129.43635449716888	27.430524860053673	0.0	2015.2361032832691	0.0	0.0	0.0	161.45406047307105	1998.6838512753206	0.0	0.0	483.4402994209631	0.0	557.2840530306446	59.85433538977754	0.0	0.0	0.0	0.0	0.0	0.0	0.0	0.0	0.0	0.0	8.876255751197512	312.62669550131227	30.898891174667224	0.0	263.32565349448265	0.0	203.26546326331686	0.0	21.34594524272048	0.0	0.0	0.0	0.0	0.0	56.10006700775173	58.56353934502647	0.0
PWY-5188	327357.8502952653	104615.20373028527	79685.02377715567	318660.35571327986	282725.7511714798	139597.73573138067	186983.12855060582	99945.03497502493	153906.47646611274	237542.08341588476	137068.774149823	168750.84247565235	231826.59831937513	215906.63665937594	376350.4474876279	137377.0041066147	269416.63413876714	206744.68247612167	331941.5061309183	28285.196260712873	111976.64456103981	94342.69365032534	165474.34779113487	211183.8467982308	206064.83417585146	266088.4610768378	207683.97670844247	151531.6162538285	283189.019147349	347449.4701028097	5788.831671246907	9110.320276306362	174293.55628733718	262442.3365002838	123285.05136519892	116431.9171175439	184103.9737373212	292123.3837945155	300648.3838565086	221675.09782063597	92215.02316773374	183060.17276202253	125700.43205004929	47405.184792949425	177532.29638886286	39684.55537074786	76809.70927954344	132772.98422759754	175928.84183569427	202113.7992507693	183687.4640469444	376594.2608518075	224927.89236527935	122010.89160600251	78560.3864989982	163798.20671371397	157329.6620475466	278069.9457477565	225529.54760548344	168105.5375664445	134093.10140823695	174679.7210117127	122623.57069074093	184144.2856288139	201980.73506470685	167583.68658474067	134013.60470255502
PWY-5189	343391.9685788534	103871.17678511565	84485.10605628233	317587.4553512275	274870.07053429645	139086.5571309266	186271.21663089682	99178.36536082687	154206.12107071443	238070.83346071286	136520.76172523905	168536.43304745512	245270.5198897786	203633.85664933635	371272.6325422202	70992.79006543882	269426.59039058146	180938.2740495556	289974.99296498526	27835.50885869791	124616.21875651502	95520.1767446151	162122.5767827271	207316.8939339656	209028.86793143876	263291.4332652427	203371.19958070313	142889.07846132628	264492.4366161376	347300.71947698714	5539.307753297446	8611.998359505702	178434.0292915462	272667.4838044172	121066.96078597254	116558.60491044218	182809.3345500979	306446.72349647665	295401.72542566806	208001.17771934546	41712.889351310005	167129.11976112798	122436.22822163015	47286.54612496976	176918.67514493587	39652.1027605651	71783.50480464032	131591.23550231705	171466.77483780112	191536.42288410375	185050.71008868358	387282.76414213417	225018.61033581893	122037.6470631329	79466.83506080866	163842.33957683315	158725.01171516234	278071.17179554416	226442.28369713956	168682.80084264933	133858.7506020591	173749.34800617918	122669.29624170977	184128.1751440906	202184.83797830655	169573.18921635483	140148.25375731874
PWY-5209	3209.4043308972905	0.0	51.30885662262015	0.0	129.63781499452182	70.78616601980585	700.6463660272855	392.1461064620203	2.6666336479746406	426.3238464448969	19.998722659321103	1314.4415726708576	1177.394500887541	115.89439684873165	6840.580946817628	85.32342629358342	1079.313986144188	0.0	185.31005699282028	25.299247949919984	33.32226260087375	774.1531507074222	68.84164275571868	1097.8437151225653	936.7095928996321	445.39778239327035	1110.0326451476412	5707.121808841253	17607.467096781595	67.99482074049702	0.0	712.8000000000001	286.3718745982282	1107.0447050402393	1399.5204036507996	27.988724894914295	54.299519523583946	0.0	925.5199142053339	8660.12375862745	279.8476499262695	10.666488382558306	282.74450712969065	0.0	66.65715827296573	0.0	238.96839343754945	41.328539797433955	4477.379014347546	7.820224719101124	63.98182954158098	434.6852852985134	21.33244442835619	22.664163873866002	162.42659161821294	0.0	814.0865309545552	2.6666590931356446	42.65961442487849	0.0	451.59465758225406	142.6197560214176	0.0	0.0	91.96816414063566	14.5787695861573	0.0
PWY-5265	83899.48736235438	105300.6744297837	52837.97663837198	105760.10894050404	3027.6242232700356	17142.815857324607	61923.7134408844	90144.81740306366	91970.7084493855	228036.20707128226	175010.6947376473	127981.00831525284	106347.22554033485	34083.358495262335	102525.21695596799	48534.92913100218	131501.55047980632	132666.3920372345	84411.84469342114	28286.437293674724	77304.72776371319	143204.91755665623	144009.1890197809	140764.77202150712	153005.00285881682	102344.83817277594	156697.39348423548	260096.32029282665	31084.87652043886	96575.2562701441	0.0	2298.9295954028944	126069.77109019709	38577.333375133865	109232.92789423783	102273.80741607278	96389.0298672461	37635.719463875146	156851.11692575118	90015.82580752762	51258.22938098763	110398.14773748844	152704.93195670444	25230.562593446695	144364.07572393163	41462.439824982335	112683.88231099391	148311.3812390444	157175.18571161403	67907.1501258319	40000.93691203748	84879.11463587303	23805.37879658132	83674.12323000454	133308.04899046852	64609.505890563174	97922.07693955777	47756.63140687753	76585.55117212002	3537.4294739199	25197.302527843894	115943.19764234392	86944.73419858451	9967.446795616082	129799.87099083579	3836.008078589814	95877.21683536109
PWY-5283	0.0	0.0	0.0	0.0	0.0	0.0	0.0	0.0	0.0	0.0	0.0	0.0	11.444241631133945	0.0	0.0	0.0	0.0	0.0	0.0	0.0	0.0	0.0	0.0	0.0	17.559467167080104	0.0	0.0	0.0	0.0	0.0	0.0	0.0	0.0	0.0	0.0	0.0	0.0	0.0	0.0	0.0	0.0	0.0	0.0	0.0	0.0	0.0	0.0	0.0	0.0	0.0	0.0	0.0	0.0	0.0	0.0	0.0	0.0	0.0	0.0	0.0	0.0	0.0	0.0	0.0	0.0	0.0	0.0
PWY-5328	1903.3303706071772	0.0	19.276220403347452	32.60480345870283	0.0	0.0	535.4769828128585	450.25169349698314	117.60718927984885	272.427458659823	0.0	287.52294708768295	354.8664112007132	57.98456711864153	1073.5158924084737	96.29751704088825	0.0	0.0	29.506374947384664	38.17617070730513	229.02234752046365	163.9653043967923	101.01424018528125	901.198724386204	1080.3786180646252	1157.0710627841445	1486.213328589369	1182.117820255638	1011.1413041110056	0.0	0.0	977.5752489024532	442.51959486345845	604.7279411049775	1253.3842975764844	99.39598148524018	1926.0356579245786	52.30563617899711	1966.8686047596673	1763.4762346915552	128.40722568872084	0.0	179.99147453796854	0.0	54.07840120812647	0.0	0.0	190.8992925019688	2213.5926425520497	0.0	0.0	1377.9056247076967	34.11688386375686	12.577197352066774	19.30603134532788	0.0	175.78557060724603	0.0	195.7045786726488	11.275053295355509	63.602339139835244	0.0	49.91126545272896	0.0	128.29702448003442	551.3410447604474	30.81803301716476
PWY-5345	341323.1764262109	9984.731612545826	64903.24863506148	81644.73170943657	151721.31442086966	78373.26572936917	202296.97716798683	29119.272295439823	114955.23969204952	42913.367724181415	22744.21000820935	113556.53731716087	232690.1670846468	51244.15363566415	280793.0378794142	15607.041384037862	6313.43160856425	1007.9514950232514	15013.374656521248	14182.047494308406	37720.362121467595	55994.88046949323	96096.5413684853	138630.76388241426	101974.18588080644	225994.33078053044	171518.60078901477	154050.22008713445	284551.9980394727	13050.00990484368	10936.746836876586	13218.713824169228	142950.43274799542	282349.44471678894	109482.17491877502	4756.162250891309	157171.21188895538	275724.34924756555	234530.47319379178	201780.86678777335	7408.514046379332	720.524385856044	25559.21553107411	13322.534253831203	31873.719609774504	1396.8355345036327	49495.62794519857	15057.051564777816	182062.79880994651	235548.73833729752	72182.03081707231	396539.44446170516	2038.447610452869	2710.6880830524647	46658.723771522345	281.66774085380416	56651.96927666833	378.9199600647299	112748.01636835902	518.8513668241599	12906.64947581266	12115.954534710674	15389.060816562427	3423.7877037104204	87202.80825792499	168440.57791287475	89436.62854789368
PWY-5347	200518.9790197111	90747.86471191757	97858.20506429918	348696.46900543355	277840.9085777955	168324.15296567633	119165.72687678131	209949.33994208308	158427.51190877781	151536.1492909323	98975.39201707956	157478.13973226247	169083.16652906395	143166.62169073804	226336.22695403814	64900.45085764916	56353.97415868082	124931.21844680961	101424.76768605618	44635.698158637795	90640.20478999322	159818.1290311243	140340.02940665325	122160.23575308516	210586.4235458149	87720.14299083663	113288.4182902757	219614.38592616725	160814.14109305124	99422.46626624471	1539.9828201164044	6473.48761139174	168313.13315448596	161559.81830563166	116257.00444237687	37669.027830944244	159752.40349691108	284688.515222215	205470.09251934953	75771.31877456399	58862.28334396835	51646.846972660955	157449.28302361612	27882.593392542734	91303.06166750604	18092.299499023306	110526.85178738102	77469.57422117685	137423.0693295611	185754.85658237283	116201.5927711898	213148.64992897073	11526.566138360067	32138.399615503815	87788.72261224792	7359.370711668292	123716.77677488643	10634.570976877392	152958.6386578838	3759.0816482122204	30573.678802047387	50136.85002443681	44760.4288553806	12515.361916808535	140789.65286274938	120245.78437434496	146157.1270697004
PWY-5367	18242.519584195987	583.4744044011852	1775.6703069253274	45.99830433146436	618.5612591391497	767.5655230773742	9779.443176821082	3700.900585692469	640.2512422553723	10433.589338438045	195.94530135897767	14155.979595796687	8538.404427454827	23542.039310883145	44683.61954175982	5579.341690110638	1348.8829347931137	18.99956108887837	6339.511252814437	1820.9665999691974	211.9090226680265	6876.911144659798	1227.008337502492	24217.176612524632	12685.604126299491	57122.20463129076	67274.834322295	76564.48935473015	84445.94691696532	2860.571402184722	0.0	601.7093252911347	6687.600383761489	21671.634930043765	41855.76529433411	1359.7762606948324	47628.278554341436	5768.553872277158	59991.53466246162	84932.25905621455	1487.0717372107888	12.33974540486286	5444.860271618361	205.75792352624939	16897.54469734734	243.53870938892754	2537.3130141523316	1594.6663566149673	47190.56308443884	889.0062537125556	1001.3794360593806	26944.072636403518	580.5008159298283	467.42593064301167	2971.0267777830454	21.999025114130113	1809.4824509458822	101.98760490837257	2000.7449479822321	158.94855531543365	1766.6759262088026	1387.0055031023512	31.197433009825595	31.99814354618179	17988.170546686008	91249.96014947625	104.64184502203675
PWY-5384	352917.47955849493	318967.1139316558	267382.75338384183	252076.88301797168	284004.9889372157	347515.6167613774	337447.26073169056	404711.3624611568	303926.99737444834	229716.6704625152	158103.18929838226	178117.49123333537	401101.7273589133	242438.58526266675	470709.05042824097	46672.554536057134	109400.85767346882	115586.3446314628	60979.51165203658	138551.5186025792	146757.54120357655	321709.73673030216	144747.3473965999	317194.7013896185	263024.7304205435	384730.0977802008	390453.82222442445	295035.1130320824	324188.2624694352	200339.9338011607	6555.159954187519	11222.517765530094	198313.36101939683	355807.79125926207	160872.75547436863	114657.75718193784	297511.53000018396	295357.80310826335	310884.29836664087	257766.39306515802	187982.37951479707	91634.0130815535	136379.72023128715	116844.10338983053	129911.8083953644	46349.35123095886	130667.66269917577	93978.75676766518	201253.69149125132	218242.4605916946	158295.77733058922	434178.2148443377	139785.57973093263	96456.00719623086	107326.93525889175	116777.06838316002	126642.33682762852	80133.92817955471	199705.21106910543	138644.08749677488	180211.62133782895	93530.66562170294	160168.74501189834	102449.65627883944	162975.2746777602	187142.54855733825	221455.66960423518
PWY-5392	7163.172717109749	59.43736998576098	104.93502737777239	24.49839238823695	129.45695957593585	118.9560743488556	1647.3782832119073	391.08988161014105	0.0	0.0	0.0	3014.1697782947626	1454.7347328589158	303.67681436572036	12979.294501983815	41.97454215670351	31.47470545538524	0.0	76.93428760464248	188.53203233295588	0.0	1131.6327912071429	27.995842388817092	6504.805414097602	2901.6517110781747	813.9164020137586	5521.522944745418	9833.796452787945	16326.964047060184	94.32491519643187	0.0	0.0	146.9124391058525	2452.227603898307	3417.2302439763153	62.86072846604826	202.86739194692558	10.499752762575767	2454.5639353079064	12146.362567186085	264.7196230624362	34.77309169699505	94.41006135737395	0.0	34.987550109658514	48.66983355402973	5028.630884838064	0.0	36970.20072840223	20.99698363077124	0.0	0.0	13.9827024303393	6.995538460655928	1027.3573168884661	0.0	276.0107824664941	13.887037481450733	20.998330101300283	0.0	0.0	0.0	0.0	0.0	34.99428628393094	0.0	24.49636923261807
PWY-5415	84529.19212295568	1354.8630627715943	24046.94206017995	14034.464636855439	7052.7928469968765	3623.719665750436	119989.18535571592	4278.004708144302	2125.459960577495	7025.94752381558	485.70472124619414	41959.044874625564	31061.64145362143	10392.432698946235	98839.00751642228	10146.753005473984	1996.185312714242	266.5030139835613	12769.556182172755	2076.561073971635	947.5858195830228	7148.718203617618	3970.280806437019	50962.31657111522	34055.81912605755	67562.83192436973	27411.771663204392	58955.17856254554	51759.0797489208	1956.900355849706	0.0	2279.449172491482	55395.74457545935	127712.88521364557	37678.9566364437	1302.9245357773068	73511.42421167002	105317.27720676534	95727.97170962907	68898.30199312458	1645.1331033146137	464.4815435847237	5541.584504060617	837.3000223505144	16381.943752952853	347.5210275419311	12083.67659314652	2376.2911233300956	63812.271278172986	77877.12671262147	10355.703640735699	90853.42970346114	513.147327834145	748.7671372081991	4290.283288464237	72.08490586487711	20934.66637531426	141.17015120398378	10737.931254335981	61.60346441473681	1062.2975513618703	1204.7680609962374	191.3492312744316	62.163423629143	14490.7935618981	38054.210853891425	1594.6198686555776
PWY-5417	162180.31627979854	480.6928415802968	19632.82199338341	10202.603447496418	21362.494541534383	8773.775355090558	72227.83903532581	3834.9123876647845	8020.181464538799	6994.416075224588	692.5734876621123	28001.95743622289	24504.227318757585	642.0350175649414	82671.15130293676	653.7128378953348	307.10294003460666	69.6225852301534	812.4615547100597	1336.3884603102044	1074.7199652096483	6275.54257594745	8242.194134228495	14871.799025579996	12588.570429017667	62885.16318161866	21854.108850461675	23115.721961931937	42662.820646803484	1471.7586616523563	5047.588043629717	4609.066154359763	52111.115273963056	145236.87239120348	18739.100636135772	440.4035263930117	31494.46426317423	98158.9026796211	66268.88731171242	36506.85313561296	868.6060329743076	98.93708631994615	1034.7683300238568	2636.4561920174165	2587.1725541097503	267.8055522587003	11083.782163533495	2358.424427951765	29189.149531308918	64623.47898104275	13269.92134496884	94152.69402320743	178.14192122023744	385.8124943225753	2851.16755813706	45.07769647961897	19132.44645214033	63.944937180320636	16094.611584373712	59.1451704640379	1056.479352174049	1639.7554252534721	277.8560831873783	432.8222500525097	24628.056930003404	25265.001949931593	1389.6340840278003
PWY-5419	11989.911113417762	444.7376479996327	16961.962629929978	5748.587596373328	11445.046188690194	8403.228034604217	4065.9568048666592	8644.162357324156	6964.020319512594	10715.684284590889	52.483225712481264	13367.168829070264	7176.138131276699	572.625217021519	91222.79315486058	5703.25792985497	116.55788610250542	44.38151562059382	4964.499140728427	1483.004136630914	2830.811491344167	9343.085793966617	4589.725339503369	11554.04988820638	10140.6693855025	5341.0436680354715	9505.171999809487	40870.34261769529	44053.58871152111	1783.6439030723038	7057.839967358781	4299.9884155352765	4544.177026566942	10890.140809528228	27549.273001375077	271.87608880807994	9293.271059968823	60431.20588388915	39663.19637925733	47625.097087330054	419.730053031786	62.21879424895691	2766.996515381626	3569.8940302926303	12599.215837061447	119.10289816462469	4592.906010798683	2770.9715734048823	36873.04744261003	193.90143098565377	945.2871457164005	13029.475198334667	200.18517431069122	317.48389201268856	1627.6046714471213	29.84252155850639	1418.5674993351015	71.97399532593161	1436.1920815642936	49.65313559284872	853.6764086631576	636.6149587739377	121.48754678012038	37.13745168650499	16533.566308584286	14815.880895037906	12555.783185520542
PWY-5420	20015.791551941405	638.4830989263568	18768.02878478514	6951.72237802347	7918.133383442836	4326.146889089534	6924.932235466068	4996.295981467633	2649.9411981551616	7769.569391459635	84.32664611684922	18729.425655191477	10558.305887526634	972.7279067618653	91265.13409453967	6276.076863902509	194.69889417133578	60.9966946548111	6076.906024199778	1636.998388608366	1688.249000041804	7654.406127680413	4173.238729897428	17236.08122528196	14489.180215060194	8779.451689829431	13099.18742600802	46804.2784991346	47410.54834702483	1869.9428501005339	0.0	2627.5157760704046	7510.369797924158	18198.423687440903	30465.350267990143	408.0588464713989	14730.879950901168	72874.72979573312	52213.45901503376	53070.405757031534	530.6681140738989	93.38731138811137	3547.627379112657	1071.909571102802	15730.367085307113	165.46893297236375	6224.439683486652	2491.4944594384865	45135.79821236637	338.6624178569079	1550.2422627728388	20386.61970223967	269.820532901036	432.6948920719355	2181.3820610761	40.73171893304233	2385.9290621636724	91.86660722755	2284.278442716051	57.48578820056141	967.2369671544853	781.2825266482657	151.08124434102942	44.46541941765715	15063.438374465823	19911.896303183916	3635.4797200064095
PWY-5427	0.0	0.0	0.0	0.0	0.0	0.0	24.863635762721795	0.0	0.0	0.0	0.0	0.0	0.0	0.0	0.0	0.0	0.0	0.0	0.0	0.0	0.0	0.0	0.0	0.0	0.0	0.0	0.0	0.0	0.0	0.0	0.0	0.0	0.0	0.0	0.0	0.0	0.0	0.0	0.0	0.0	0.0	0.0	0.0	0.0	0.0	0.0	0.0	0.0	0.0	0.0	0.0	0.0	0.0	0.0	0.0	0.0	0.0	0.0	0.0	0.0	0.0	0.0	0.0	0.0	0.0	0.0	0.0
PWY-5430	13156.455779170548	272.24214424843314	4373.273961976659	7889.252394216091	4919.510690185386	2267.4908350953597	8988.363267356415	1492.4239822189024	1015.5908129685068	2464.8836533645485	0.0	10582.45806225559	9844.007361192767	236.35759524764924	47633.35508184053	5342.943786596163	34.81088248092009	73.72694718338506	5733.436812195941	971.3159031211715	379.68545988403963	1933.4002228729757	625.8184556556215	6637.504654079214	6852.117431703429	4126.326740301489	6482.154998245788	11789.88818479928	20857.980265466696	283.4038621136994	0.0	1631.2435797290536	7721.430804212849	22539.77481358453	11184.035062016494	94.78238234013881	8278.606575352547	27798.01303768547	46056.75143891863	24374.804316536276	569.8904031362349	118.19983000004032	519.997853724758	0.0	914.705904781704	14.205738533530857	2280.809150688038	1010.8154214830282	23436.984085121858	261.9942222389661	430.5349245866964	5048.7442273773695	120.40641982703364	243.34953542338803	499.30414697214616	23.776717835894555	3063.895383535607	6.790688389461516	442.3037042992098	37.61560951571409	163.65179030257642	578.3756005018187	70.36124738656767	30.481295130645144	11430.188015179892	13937.790238672489	1029.4187745132347
PWY-5431	162180.31627979854	480.6928415802968	19632.82199338341	10202.603447496418	21362.494541534383	8773.775355090558	72227.83903532581	3834.9123876647845	8020.181464538799	6994.416075224588	692.5734876621123	28001.95743622289	24504.227318757585	642.0350175649414	82671.15130293676	653.7128378953348	307.10294003460666	69.6225852301534	812.4615547100597	1336.3884603102044	1074.7199652096483	6275.54257594745	8242.194134228495	14871.799025579996	12588.570429017667	62885.16318161866	21854.108850461675	23115.721961931937	42662.820646803484	1471.7586616523563	5047.588043629717	4609.066154359763	52111.115273963056	145236.87239120348	18739.100636135772	440.4035263930117	31494.46426317423	98158.9026796211	66268.88731171242	36506.85313561296	868.6060329743076	98.93708631994615	1034.7683300238568	2636.4561920174165	2587.1725541097503	267.8055522587003	11083.782163533495	2358.424427951765	29189.149531308918	64623.47898104275	13269.92134496884	94152.69402320743	178.14192122023744	385.8124943225753	2851.16755813706	45.07769647961897	19132.44645214033	63.944937180320636	16094.611584373712	59.1451704640379	1056.479352174049	1639.7554252534721	277.8560831873783	432.8222500525097	24628.056930003404	25265.001949931593	1389.6340840278003
PWY-5466	7.648351648351649	0.0	0.0	0.0	0.0	0.0	0.0	0.0	0.0	0.0	0.0	0.0	0.0	0.0	0.0	0.0	0.0	0.0	0.0	0.0	0.0	0.0	0.0	0.0	0.0	0.0	5.666666666666667	0.0	0.0	0.0	0.0	0.0	0.0	0.0	0.0	0.0	0.0	0.0	0.0	0.0	0.0	0.0	0.0	0.0	0.0	0.0	0.0	0.0	0.0	0.0	0.0	0.0	0.0	0.0	0.0	0.0	0.0	0.0	0.0	0.0	0.0	0.0	0.0	0.0	0.0	0.0	0.0
PWY-5484	376827.49112407723	285574.9798865437	266790.5287117354	447346.2711264586	390943.2616093707	355568.491889645	293065.23351246875	276285.6418557227	264042.57028635853	333614.6191593609	204395.1219303036	210220.58763450457	366583.3031932401	264687.4605444018	428882.59235500306	161775.36197661023	345283.08489989076	282872.7765820581	402882.88828291255	137036.96539296594	184919.1511978365	278930.5682264863	200908.03753608404	277452.3416338702	293459.8067143172	332987.91464518994	304122.82401667663	271072.1745274618	292725.52079227194	460579.14669356175	5728.106557961921	10968.055749243611	225507.64443684352	323290.28101898724	167984.8609043685	169064.64645549541	271723.0648691862	395398.0608036456	337271.10288060573	230475.68318326655	209770.14078469985	241682.1872059349	183369.69822064083	116975.86007935609	233060.99279256864	53251.06942598245	144342.05842987588	175306.51497450797	219098.69115016676	224076.62379064204	230837.84743900952	362334.8504157772	293886.2301249406	158647.5233719669	117315.68826355622	215070.28219508778	203230.2486371315	348667.8885164069	278016.7181113327	230650.0641616746	139306.0733968347	218348.61250755255	162667.72331730233	236728.17921949152	238155.7691051437	182117.63210112293	254969.21883854957
PWY-5488	466.81240029746584	0.0	118.59514015539789	0.0	0.0	40.18757238468693	142.5905530230175	0.0	0.0	84.60911291825389	0.0	657.2840876032407	170.36063856586662	0.0	864.358317000472	0.0	0.0	0.0	0.0	80.07003849573842	0.0	75.90459919817533	118.38100532389429	518.4090127088753	403.8171259255506	244.35430067577232	443.63955496016973	4957.7556606205035	391.77275318992133	0.0	0.0	0.0	249.68444154338457	443.29504478732076	540.7551878347277	0.0	107.05022866839097	9.470191214576143	38.177754791364855	737.1974335188905	0.0	0.0	0.0	0.0	1656.8901294587317	0.0	0.0	200.06845633468265	6610.060436354427	50.1257334450964	19.566113620331095	618.4188246894987	0.0	40.294621250171225	34.125211642344595	0.0	0.0	0.0	27.710968065639083	0.0	0.0	0.0	0.0	0.0	118.2606199770379	51.778288117360425	0.0
PWY-5494	7.994257648542967	11.568958198763495	0.0	0.0	13.593426009912166	0.0	679.1439818696148	23.99489002191613	0.0	87.36985012783643	0.0	56.64967089414468	167.56577833587133	552.0200839988263	329.52526644665323	23.996699778128836	0.0	0.0	0.0	119.49539442284687	0.0	0.0	33.70950686528758	63.79826635145784	452.9232339612857	15.99013225857183	23.97495957013929	39.8841338717246	0.0	36.363834995233304	0.0	0.0	0.0	162.28037507464538	0.0	41503.46099386003	590.7665996078036	0.0	0.0	49.90695541750221	0.0	0.0	0.0	0.0	196.3687874215061	0.0	165.66861693466814	0.0	4011.38349891249	1.55	0.0	0.0	9.19076376554174	0.0	0.0	0.0	169.08298176628134	0.0	0.0	0.0	0.0	15.960827518668134	511.0626307171091	0.0	0.0	127.2052196269616	783.6888475215443
PWY-5497	6563.58607369824	3986.635245865739	32603.352123067245	1993.464876460229	35534.40531241694	36524.38863038713	61290.790732459274	4946.248603485596	228.52047895994716	6524.624137386373	87.3104908715744	14433.245042408895	164726.03494739992	14480.108162597597	66479.55041376626	459.0687590183882	1168.1357207530175	488.444642487524	236.00594170427212	25436.868885924414	49142.68142400177	54902.87293200713	6729.594873967299	32606.025862433078	64961.238015201336	12292.81581077914	21741.65220165619	14616.22030714185	32553.495283266384	4249.2083896859385	0.0	2077.477289774915	2050.8555452198634	3239.9897868095272	17816.50763284223	5303.914406299569	53348.49433140593	17852.391298854214	43183.489997124736	26870.654668218147	470.8131914879229	29.719462404597927	6236.4156229194095	162.86749797085446	1013.1607754166496	147.1136126654341	8176.734742462155	7666.961342402435	6559.674033476642	14256.248505799484	77.96091036291988	1170.6576470124655	32.30378852156724	82.63845732740559	548.3967743358812	376.86862624308907	2031.138591755579	0.0	484.9726653954954	35.50200453347453	89.7477608841285	65.83677845610065	164.42293368861127	11.984356577609404	2234.8720317323896	14649.506568155706	85874.82702877848
PWY-5499	42.99375936689689	0.0	0.0	0.0	0.0	10.819532908704883	146.22500565507033	0.0	0.0	0.0	0.0	96.58149907333386	112.1503232101853	0.0	362.5341604495632	0.0	0.0	0.0	0.0	0.0	0.0	13.56634089779692	0.0	131.90035555588443	74.2087078479044	0.0	137.29216207354403	49.26332574042387	165.73467648993133	0.0	0.0	0.0	0.0	34.16208475053065	0.0	0.0	0.0	0.0	98.64132608784416	659.6918804154251	10.285161913968102	0.0	0.0	0.0	0.0	0.0	0.0	0.0	215.19794546376198	4.0	13.800000000000002	78.48108089309314	0.0	0.0	0.0	0.0	0.0	0.0	25.0	0.0	65.54183446450196	0.0	0.0	0.0	0.0	0.0	0.0
PWY-5505	105329.83209257793	46670.276481476016	26185.501222871277	124234.79439690713	6324.870983404025	10463.739798986635	67184.07049665369	145102.9393287972	68923.68658673091	38345.78928028179	12571.42660369364	67344.00457998636	76192.95553747908	181567.33089424216	120555.26302721309	60817.65918838822	6082.519581796019	91796.02460205017	85360.0719118679	18959.35214603408	35046.85959468725	93379.3484211152	76052.40512255637	88665.19955742269	86405.06787885653	80409.52477927267	99546.01510606662	113319.62873626407	98749.63304689611	21381.113212928598	0.0	2858.991031378672	35741.87522698338	86281.57530400422	76101.09584902324	37661.86660247684	77495.33916922638	70174.3713954106	126856.65785782809	89199.76679073495	60919.87779634111	65632.99325006291	98168.19368823401	2353.853844977891	49268.696355208	8091.688774014027	91274.6353298176	39675.08101847461	100345.31831796582	19289.49285185288	5057.897092367307	55609.732827102656	5429.778250150249	2121.2837797787106	27395.595448511394	3770.2150183822114	67520.1440537846	249.54972132309746	11433.978779573294	19670.00707153437	50363.99510949795	16440.41733197606	113929.80809682886	585.3416836142652	57555.03305296441	88183.5150139227	39300.689296569784
PWY-5507	937.3660999315409	0.0	0.0	1201.5313012760857	0.0	849.4068836243409	6645.22684084401	0.0	1948.1573573488613	0.0	0.0	18423.25938225901	64157.764492771516	0.0	13296.728621661408	2282.043336779255	0.0	884.8244169138773	3384.0858921852005	1690.567963001885	0.0	9070.34211311619	1089.649980816373	516.2052225277181	14839.529781825666	867.4667822220626	639.9891397543719	2375.828594023281	0.0	0.0	0.0	0.0	0.0	4767.005347174001	3991.6739596221832	0.0	0.0	0.0	965.4810166900706	11190.448716418708	0.0	247.14988040624817	0.0	0.0	9599.708822101094	0.0	0.0	0.0	59785.262763449646	0.0	0.0	0.0	0.0	0.0	0.0	0.0	0.0	0.0	0.0	0.0	0.0	1582.8935664032367	0.0	0.0	0.0	0.0	0.0
PWY-5517	2244.3748163426612	49.43123435283416	172.7748032921307	41.2201068667191	127.29863294340768	42.468923285456206	736.0466491046186	139.57001874343788	3.8479402232610824	455.65048460627406	0.0	1138.3883123216488	666.8560500996487	50.19262955212174	2847.207339378464	19.256038278110257	0.0	0.0	36.54765189967375	159.13007053696373	47.60502049180328	264.76699299125465	128.3743116330935	738.5993282025773	507.815783092717	269.0093911815482	720.5715977281914	1550.9514246640201	16047.650359612648	56.983358075804624	0.0	775.8678942961494	2614.209579162581	1447.4498861997517	5823.184468892384	27.40727220892595	291.65479469047006	36.97274956337775	2061.4967164880654	4756.45170912358	96.11679995915812	9.022144812142324	248.99356769718227	303.4833467273864	153.8511063116456	34.375	2269.1979579550352	766.9325101128526	4151.264110415327	66.90497213544765	391.8150154763083	10619.415088824273	24.766848196051736	48.831640974541514	355.01462527892704	7.3770491803278695	387.3219781618823	0.0	547.9006237979996	8.235018098940877	1284.663641157321	78.0790153678301	0.0	5.05050505050505	411.56825821975264	2530.6075473388055	0.0
PWY-5519	243.02186832772125	55.94364431296721	36.387148631369286	23.546027125523224	3.4078130053243827	0.8567631067795748	131.62474477150658	21.390418548785966	0.0	0.0	0.0	137.84904268028467	43.284226662138686	280.11978940914867	760.0526142906639	56.981672503323516	0.0	0.0	0.0	60.7340073989455	0.0	31.47235816726099	0.0	194.3586417977975	135.393361650711	125.11389436739624	131.58112580057852	163.3301429060409	2248.830306902125	0.0	0.0	0.0	50.69796767669915	219.91246553431762	0.0	7.199551569506727	118.84350822962779	0.0	793.1167231765702	593.1676210667886	0.0	0.0	345.1954416249309	0.0	150.93997021138395	0.0	786.192322188587	0.0	350.6720137859092	0.0	0.0	13.97333805506637	0.0	0.0	0.0	0.0	0.0	0.0	13.362986490479114	0.0	25.063589761310034	3.9298574776835387	0.0	0.0	22.763641822702958	63.02350814300524	0.0
PWY-5531	2266.047432717065	59.196511566289836	0.0	143.75243699523216	221.442509629798	153.58601489221644	1178.9914090460015	44.867493654042725	0.0	1742.3796310367723	0.0	1605.6128249868677	2898.4092120528394	3937.5893788401745	2964.7118908091998	471.10989458287696	0.0	72.67342306574764	1086.0774808155206	62.408059759835716	0.0	428.9331164961253	35.85280834008302	1012.8286781466535	1380.8092246153826	710.0587662254051	643.3661516323181	3226.200737153876	15153.972431303751	0.0	0.0	0.0	1611.0550297980692	1592.2850109000753	2656.7488836717184	56.955711612289825	45.955531612659776	0.0	2042.7737567128245	8918.567676726656	595.9990987393982	28.26444564591451	1129.7421173063128	0.0	189.35938821650447	0.0	0.0	0.0	10035.665729066395	20.989723484135038	494.656290982222	5160.286772385959	0.0	11.890116112714196	360.6493214122364	0.0	3545.5056862043684	0.0	285.41995740834165	7.810748921021118	1179.3620604152263	330.3769516899561	0.0	0.0	228.79750594105235	80.84790140260726	0.0
PWY-561	70417.09741343645	3413.645217374551	8935.550906911318	43155.38284147079	9313.296791635074	18512.418066279988	146341.7130054164	18660.875748169532	2842.7766181553243	14161.57674597305	911.3294052080317	72029.10062751487	85193.57891245637	17935.104799964094	216590.25950847712	15506.475083744317	4417.7266610860615	559.0035721549357	15063.473820173785	7583.857208856851	1285.6469144477405	32325.843113825118	3993.608361301844	144913.17641584223	96799.44349567343	165976.47181264212	123952.32794188567	93951.78007519415	164013.7198049038	4497.587578304068	0.0	1715.3927116220384	61816.97657996716	121015.39515779936	70669.65826923768	4792.588794750435	151167.7517494601	71675.18133148091	189146.60216362926	153860.20771782674	3225.86419928285	470.6166471198433	12960.150109138891	505.4451027630383	18933.48394821278	615.6477814440169	24916.494099749136	4673.25670082495	85206.60192804218	17573.88965435072	37696.89068026557	273362.38386098854	861.6092239048497	956.4865328077261	5922.155208754577	179.1756794094839	18913.070282345358	194.40924369708765	53878.49441053334	211.09621880647921	5206.581317445727	3872.1347414885863	368.8568097849377	208.77134316930054	20722.835455792003	40924.42999367487	279.63027396324077
PWY-5644	389.56119266057857	7.450175962975463	16.70906039662614	0.0	3.9619052825111227	60.25796196560094	580.0272688739542	20.341956946175248	100.84376702118129	260.0799949011409	0.0	658.8724478070515	441.8723413466164	0.0	255.5915145113164	26.454606369768186	0.0	0.0	16.00254718407607	0.0	46.86424978090707	45.19732039563833	0.0	30.56389249129999	318.5616608802894	149.59060845821801	161.61604883157068	0.0	1598.1505585940577	0.0	0.0	481.02191555924645	620.8545252045595	1255.6819961751808	200.5552109615204	0.0	147.85589066192105	15.38277617288626	497.1001340832818	449.9016785724988	30.51929856591378	0.0	0.0	0.0	16.897970258262756	0.0	59.50284534787228	0.0	8.989261958589571	19.763175433977135	60.483041152724944	155.17568129401909	22.0735815696342	26.51660022001495	110.54784390725912	0.0	11.909785531575816	0.0	64.45048567724366	0.0	0.0	0.0	0.0	0.0	0.0	47.35752382389096	0.0
PWY-5645	6.9842604445592675	0.0	0.0	0.0	0.0	0.0	31.095346175983774	0.0	0.0	0.0	0.0	30.880876005482158	43.68296472049087	0.0	279.3692832528743	0.0	0.0	0.0	19.24541717704245	0.0	0.0	55.616611414165334	0.0	0.0	0.0	37.64265512539453	20.674183097409205	0.0	0.0	0.0	0.0	0.0	0.0	0.0	0.0	0.0	0.0	0.0	40.94871888974525	316.4543946788743	45.85504015548188	0.0	0.0	0.0	0.0	0.0	0.0	0.0	0.0	0.0	0.0	0.0	0.0	0.0	23.15573034607899	0.0	0.0	0.0	0.0	0.0	0.0	0.0	0.0	0.0	0.0	15.123406893877933	0.0
PWY-5647	2556.7266294650426	52.26087520626155	510.64918795815163	0.0	182.00537059029077	294.6819091670742	1666.128707891355	732.5860980039954	120.08680067292302	1077.7736680258568	0.0	2605.4488827876403	2304.765705533929	133.50565758487872	10721.671639137976	608.9558257873107	18.63302337104963	0.0	151.8023570459419	237.17950136652198	361.20512080884095	682.8053524219823	2162.696920821843	2741.852258569867	2393.136020153909	905.996183991971	1998.5324835274507	12663.19067828932	16143.50891433867	0.0	0.0	760.9069964073673	1626.3479020390744	2946.36535259019	5630.995339162534	31.53674598722686	2820.898590720374	1581.98750832981	10667.569207075103	9572.3318949637	77.38130923546107	2.394043378918844	512.2640209047009	0.0	7162.757582592738	0.0	417.86764030525353	602.4820036506378	10933.592509346563	72.13571589597127	159.29148236302623	2518.3182232770832	57.741398335426766	56.103791472497214	195.08762031083222	0.0	122.81376602353326	0.0	190.07171009152808	18.934142114384752	242.4939417782341	147.42238064743367	45.682283945803945	16.10036177756979	3419.1821754230377	4820.976248503012	16.649745438404388
PWY-5651	1684.9229372336827	85.01609752793647	350.2618377387674	0.0	151.29072191679904	81.63340184695079	2508.992760112268	448.3965801386917	0.0	2825.3263668061973	0.0	1464.5821009548429	792.4567461741226	102.54592727229954	3331.373619819416	748.1113547237741	32.723394914853266	0.0	179.5673453061409	127.99900608702589	17.132960655854085	321.6779862777537	284.75110965334613	4503.396565523197	2491.195757193723	1599.924075893521	1506.1927991143514	4360.026983611396	16525.100792540063	64.61204585304326	0.0	660.5921954563781	2232.904014058391	1459.0683106772283	5336.1610140942075	11.614683351025768	13628.848422975376	4274.272605591089	15040.536191348294	5333.229334633726	88.05758834402467	0.0	314.31006854089185	0.0	1412.401161363402	0.0	0.0	468.62881777670697	7890.340811652378	497.99144499046156	216.93371341457708	13167.168986805604	62.4938242142848	0.0	132.24739230545995	0.0	216.49446703844822	0.0	295.2836319865451	15.573563247972446	103.17191327830653	54.73333443472982	50.330539982948615	0.0	5054.431702751128	37330.263452766456	11.631166560984733
PWY-5652	1741.3832969156651	18.67995444191344	355.6492195520736	0.0	2.654168081055378	57.625092295407825	466.7613041144204	471.69718528630614	89.7648380319529	378.2213118119648	0.0	1684.5633747191207	1260.5231247357963	64.94228557263669	4462.898640223729	466.0919998499472	11.049986598767086	0.0	112.31804260838595	160.51424004366558	73.50125758974204	232.76100449511804	381.8599832161339	2038.9303709932105	1814.2501012821292	645.1210487162257	1364.979880408675	8126.385400947596	13094.167959573651	0.0	0.0	393.0529000513969	1080.9020251421475	2627.66717037371	4201.841052545465	26.446991005040516	1331.6978269549443	11.93650851284728	2626.784959563957	6973.049182485217	35.72308643247141	1.5410230817217716	258.81335264353356	0.0	6442.501791260905	0.0	346.09068619686894	208.36619130881152	9277.796936041748	47.775919081890684	65.81105656460923	1500.5302249201304	46.27220925948668	40.41472586870733	115.94844619649902	0.0	8.227686739119456	0.0	129.0890190809825	12.583586626139818	86.5292219945167	129.40762109047034	4.262850162886573	0.0	1108.650399759871	1294.071526015383	13.326504950577498
PWY-5654	4224.733168267048	59.61035278010936	704.6291660146361	12.877723641639408	590.3998801330486	996.7542223391912	1713.8373571895527	846.5503732281022	700.9358358935034	951.7685726249381	0.0	2605.651181991341	3348.0422504672088	139.47163558149182	19015.067716144287	625.401217813989	20.06266961973984	0.0	171.97027697977853	543.5815427293007	1073.5959176776346	778.3687129646302	2942.4476691147333	2706.9480306474306	2524.2317442451576	890.015877335644	1982.9017301125998	13939.198298442847	16583.296457713674	0.0	0.0	1467.6001419940321	1637.759142715177	3831.374508898172	6892.34156192737	38.461629079127455	2385.3332603534177	1404.5025055162819	10301.624190878421	11529.561480346607	88.13617189780722	2.255987507951097	574.4845905014147	0.0	7584.429795838325	0.0	956.7473014917654	594.4292150032918	11888.367138417118	60.372175211632126	164.63073811230493	2142.860648496627	72.23143851508121	61.79486967789385	218.6465406056782	0.0	124.01028595932567	23.296296296296298	188.41511800941115	20.26275115919629	264.3807642966453	207.76280123535247	81.01082428777588	17.604185287533518	3003.0359435686923	3972.7033872061725	139.49378340963852
PWY-5655	2640.872231143452	47.841554335156175	551.146950464588	0.0	7.848232129147865	113.71304810355244	1145.464473550909	675.2081596712131	0.0	957.3243875139481	0.0	2303.4943441515634	1395.4978338536762	127.57703674468877	5755.6565711226385	869.3167842844574	25.831393562626978	0.0	220.26468996150635	212.85625416336325	37.06840020304668	446.8018056733247	494.4407462459423	4062.237646930586	3146.401889627522	1376.200637600008	2134.92190216605	7712.825325693898	19768.326301102064	0.0	0.0	703.7814940174779	2113.407034972976	2580.2018944983683	6947.839058992286	22.161623326331135	3191.8531839583675	35.72330899306608	6568.933544705768	8581.255384085545	75.97685753041803	0.0	452.7747288795224	0.0	2854.64475513861	0.0	0.0	435.0320390561424	11659.861999696997	119.24874381793391	153.05857150920372	3864.6545759846254	76.76821868727929	0.0	195.64902418917717	0.0	23.891499423794876	0.0	274.4571822070154	19.884283117189064	150.07649395979615	102.89532612539536	11.659243550659333	0.0	2679.749827580754	3464.2600775115984	20.365113949473553
PWY-5656	0.0	0.0	0.0	0.0	0.0	0.0	67.03676014589225	0.0	0.0	0.0	0.0	64.09788882790515	97.74471870468368	2.8232707185300847	38.49425688426072	0.0	0.0	0.0	0.0	7.278404528307458	0.0	0.0	9.98376831877246	35.99051352271786	81.70777702647096	0.0	23.20022609638271	73.29443075816131	466.30385841926864	0.0	0.0	0.0	0.0	0.0	0.0	0.0	0.0	0.0	232.6030175377766	406.23480395462656	11.487834279777745	0.0	0.0	0.0	0.0	0.0	0.0	0.0	9.350464603353368	0.0	0.0	0.0	0.0	0.0	45.95423420315991	0.0	5.994014466252989	0.0	0.0	0.0	0.0	0.0	0.0	0.0	0.0	0.0	0.0
PWY-5659	391517.07732009375	158930.6789247565	237717.11166060835	139018.64160494652	141629.55361329662	251546.48370383488	281333.36384188285	364902.9986588829	246452.56420381286	293759.40780341334	195238.80959268397	203331.55564685861	328986.3902173178	239967.3648231579	413000.8895805324	82928.24278891308	289023.56089222466	213450.83199213629	291907.11655989196	131525.5701672884	145742.28763760216	275380.60884962993	130532.22282605157	290329.40953774884	285684.10638177994	320066.73897866206	344216.0053147876	276865.58702607086	373772.85316804226	383733.99618207436	6762.3874203522955	11845.70514982566	207158.1573998168	321083.5485078591	155219.87480871959	150711.7146908662	247404.16294862947	215576.66316580598	320449.032170779	286834.42762935	183013.4098050991	191816.2600431369	160414.09255967257	67506.57860467453	201187.6421039384	43448.48644522749	112272.8859225504	159624.29643219328	218864.1867889113	156083.883431111	202997.18188998764	372424.5455010095	242271.44828446556	136195.49934783074	97504.58994482004	179625.57471770738	158575.02045152956	288559.9721145618	251495.72318693434	178215.22449846027	152513.81495223937	179665.3651429066	141346.61493524016	196725.02681606982	217829.1534299342	164051.48074758484	176063.35183830129
PWY-5667	567964.9631437014	376749.50341161643	305600.0594591508	509837.2135474712	519002.03826618125	458864.10375452164	383028.2779066437	435225.748546233	381190.37383063463	389851.6131586583	256298.6094299068	254410.43481331406	541943.8364326304	323896.94143095205	581839.849412241	166181.56652307473	367292.2376776154	308332.4825566822	430938.05869786727	168007.6220566344	216017.0230569674	361180.77025018894	240861.25492410737	372011.32269802375	358702.0216670174	419684.269920369	466160.22990990145	351867.68315600645	339296.21735326614	474028.35357297614	5965.697659965989	14005.769837427793	304181.2869655078	463170.718082564	207123.45158967818	160936.85394186454	363108.04009751417	521068.861518396	392431.4020232775	269172.63521142484	257037.3133051383	247089.88585508827	227383.89700858545	141320.44496354947	270856.90910334967	60983.93837538365	170818.8198545477	201276.0113855797	247448.8284929623	306776.728551597	240811.49152844422	522989.261465532	294143.47080608585	159944.01113424625	155663.01439063819	213748.304305831	221599.4851879689	370628.5720334562	302999.9914604304	226158.71799537094	186739.5438878668	228963.2877371452	170471.72044270206	241245.65387382059	266032.55722850334	247070.9643657069	295744.4999533782
PWY-5675	23644.002335970454	52.49758950328446	15914.952372735765	0.0	0.0	0.0	0.0	1248.2585164959555	62574.67103176693	0.0	0.0	49294.43275396298	879.9919000260276	2890.6031791863456	596.8317154890719	41.99855248796793	32.99883207955089	1056.5574121544096	1092.815744432108	2498.0746667162084	152.96033327168715	0.0	1397.5421554340153	11551.014361905245	61347.487102566396	0.0	0.0	14239.47446234754	0.0	0.0	0.0	0.0	62805.01157569554	232.4762924401175	6617.804020013042	0.0	0.0	0.0	0.0	0.0	3388.1621996281497	0.0	64110.121761827955	4377.487972520808	0.0	327.79570687763044	5575.049139131015	11.999718804426722	394.3746526455047	0.0	11800.98716377767	302.9600291387748	644.5377750525922	0.0	24357.644995322247	0.0	104543.31222379362	0.0	8725.667760196555	53856.8192180856	1684.8879777031482	0.0	7747.232237413744	1218.7396582772058	5236.258472051641	251.91630584898283	12730.887994060731
PWY-5677	8.990470930679859	484.6472061359659	0.0	67.7472326048079	0.0	0.0	180.17309624898306	0.0	0.6185542634768464	48.89123831323109	0.0	64.50507668466926	270.92807838924193	1165.7357984537714	159.41177919862835	14.948196386586877	0.0	0.0	0.0	66.95136472644265	13.43044041719436	62.916347997563655	0.0	29.297774241593252	204.9820421967115	9.761477853930112	0.0	108.25149170325001	0.0	0.0	0.0	0.0	72.82118223517335	187.13239813975827	0.0	0.0	109.08045865459528	0.0	324.71511157118346	760.5873922348327	0.0	0.0	276.37928373199907	0.0	346.5528940281222	0.0	2603.6268144710875	0.0	303.73151167321123	0.0	0.0	0.0	0.0	19.18223204233993	1.4723587362790775	0.0	65.36507493722173	0.0	0.0	0.0	0.0	14.678462238626455	306.37039996317543	0.0	0.0	39.602663745614315	219.68132388360428
PWY-5679	0.0	0.0	0.0	0.0	0.0	0.0	0.0	0.0	0.0	0.0	0.0	0.0	0.0	0.0	217.52968880538998	0.0	0.0	0.0	0.0	0.0	0.0	0.0	0.0	63.47609418824603	46.24837088065537	210.31548965272364	0.0	32.09396740684266	0.0	0.0	0.0	0.0	0.0	112.36855727279452	0.0	0.0	0.0	0.0	0.0	76.50120845702176	0.0	0.0	0.0	0.0	0.0	0.0	0.0	0.0	0.0	0.0	0.0	0.0	0.0	0.0	0.0	0.0	5.106631989596878	0.0	0.0	0.0	109.29151203160541	0.0	0.0	0.0	0.0	0.0	0.0
PWY-5686	356308.43429755524	304034.5398149832	263174.7912627933	408252.3205051979	412981.43985403853	415084.70019607054	355014.4646723862	423487.927092323	315181.97593700944	348132.2200757374	233259.70039148128	213837.92040364636	470502.3338258069	302006.9485337843	503875.856279909	148486.4497754027	330869.2254921239	282051.2521847189	389255.26751998044	153947.93248412758	178439.19955634608	328978.14634666295	190173.8053386542	323517.9121376925	307162.61735582934	367115.5939731917	386046.3279571696	286027.41843006155	315248.59377969033	422915.9491155962	6172.581377855318	12750.323665052223	241226.6039066014	326939.0724283656	178072.98742843044	143481.69099131308	323658.7146151785	362641.84251510235	366228.4653680335	251172.47084843603	250260.50775551843	221416.07855705582	200987.41410955027	68668.94593065095	226815.36300147645	50000.01145640754	150747.16427142857	183668.248206985	202120.29624785096	224382.14871253897	206693.23726604815	395146.2344835831	262393.96550919214	144993.3727115808	131029.10660891763	192023.09721255463	177105.593285235	332821.86984492466	256346.91516033336	190653.23969876522	150077.85260656843	203888.75076995278	146067.05148234408	215954.57761782166	229747.96318605877	216824.55580059512	224370.61914185685
PWY-5692	46030.67733306421	2397.9265065617283	28313.414836117438	18110.016422562596	61995.63619005985	36732.32167571837	81165.55865723071	8870.686329603159	23090.495263012443	8377.1321667816	2532.462592003579	39245.6477441389	69157.8355066019	5002.766701865278	123584.97135217555	5026.07345814455	1856.36447656717	399.1356952638801	5099.739198224919	16932.688330028384	17950.84920734439	32269.6088020877	9638.166095432953	89099.47806172032	62529.63298502774	137934.45571819943	96410.17552542947	27760.86713453587	35896.3829200108	1883.0312612551368	0.0	1077.7864710913864	39426.99781122275	60244.640110496075	24349.01989591497	2801.1129346241255	84086.89145356475	37621.47406899809	81282.24324769143	82869.27348861888	2149.673009912461	204.7975304493064	7229.174682909237	697.1730021383255	2194.1749205904357	107.98145347260358	11085.935804469873	2578.3042983373507	30565.451828827034	31655.670860583825	12801.66585453399	168456.0914797371	688.4730157595168	414.4788063046664	6573.245052399112	200.35023808423094	14039.071822369986	79.26368587267909	20751.729862060525	460.18269663072476	3217.117674629676	4540.245109326512	1451.6311846578724	619.3334881439134	9123.942598133413	17087.68202752751	66879.02180136487
PWY-5695	517126.9780458897	257909.34097475454	352323.43958355236	540320.918585773	528838.673649236	485347.7493959878	486775.27781839174	512141.27742498886	391741.9728745409	409433.5436697148	268591.5189842374	288408.202293578	581563.9242077335	275806.70005556865	702249.6092764095	187782.77983915238	378753.6429671301	328540.7416208852	469476.48405787646	196182.24461300776	205673.5082388797	418675.3091827157	228977.6390729568	462507.45062001236	410139.9776801684	557506.9130008525	512420.60701949877	417372.9540466289	418407.0921109621	464933.4636876817	8024.192293769606	16007.118010829216	314924.9749671995	427540.6083202204	226116.09804978714	120951.8665080237	451810.071784498	524431.3148427204	478675.4949178096	334854.4619375623	299454.6320939938	250863.19981026062	225198.40668187683	104170.56756770385	281555.08944673603	57465.48664587948	179153.6839898948	214056.09633369182	233951.7062078424	368211.45671214804	215281.08759130634	625669.3913697995	277038.9405125205	136660.07709889335	171369.30062240592	196113.38162331522	212624.56283160573	380768.7720239547	288916.409515388	165700.39185788296	93492.17936551715	224950.8527156913	189719.12042796533	233451.00282623657	257655.83724961316	251969.623455988	289210.7819334773
PWY-5705	61194.980203256484	2397.9265065617283	28313.414836117438	33177.79473459531	102807.41359785304	45101.21119445957	81165.55865723071	8870.686329603159	72053.28870599903	9434.160371360671	11823.14188189674	39245.6477441389	154887.33907136729	5002.766701865278	123584.97135217555	5026.07345814455	1856.36447656717	399.1356952638801	5099.739198224919	16932.688330028384	17950.84920734439	32269.6088020877	9638.166095432953	89099.47806172032	62529.63298502774	137934.45571819943	96410.17552542947	27760.86713453587	43523.77740982835	1883.0312612551368	0.0	1327.3054570120444	59120.7904684585	76570.19323150443	24349.01989591497	2801.1129346241255	84086.89145356475	72037.10896287058	81282.24324769143	82869.27348861888	2149.673009912461	204.7975304493064	7229.174682909237	697.1730021383255	2194.1749205904357	295.4948664775257	11607.102743867827	2578.3042983373507	30565.451828827034	79041.04513092514	33837.79878366588	170105.9096203496	688.4730157595168	431.4622551938687	6573.245052399112	200.35023808423094	19521.74049804578	79.26368587267909	62557.92249424811	460.18269663072476	3217.117674629676	4540.245109326512	1451.6311846578724	1858.6936628832157	16532.54626145423	35903.41571947979	66879.02180136487
PWY-5723	46337.23136989773	1538.852647420138	92741.86989258174	27517.687255083823	34619.61148404742	3484.4097762609395	11929.442737464866	30039.26407204953	75786.92672531347	42767.608936241006	52.77394632109171	14782.783212489836	9483.995682549712	43095.941950607856	41559.642007516464	3868.081676541828	3378.030161617536	170.95585769249377	587.5476404553269	17854.223972704454	71953.13891689702	87427.49373997495	111180.85609212042	15090.305626047948	17753.5346937947	13942.591007107882	19118.70288347129	48702.34755634541	141900.22595265426	5823.676447271716	7922.726647744627	8754.121689399874	6712.328216218822	11805.383269429127	50454.57024306735	828.6678674446889	11381.287703032098	246431.16923921747	26934.03468896094	60668.42153223222	2376.779531094157	318.2932564288904	3932.8200083026063	13826.998138732906	2669.5805481658394	324.5626614529797	12298.820852156829	8649.972552434692	97540.53896613668	22064.657680662596	1028.5703635593497	15709.060090075105	542.0440117474385	711.6006478170879	85361.71258202492	185.42868195252714	16792.358382312148	142.59618225054163	1165.416649010372	126.45963491496974	7037.97242261049	697.2024553123392	3.98995499554099	27.998450134053833	15440.53675037369	87936.9523586035	169542.6312982693
PWY-5733	1493.83	73.0	97.0	0.0	21.33	9.0	282.04	57.0	8.0	53.0	15.0	387.61	310.83	2921.33	1873.2300000000002	24.0	30.0	0.0	8.0	89.0	4.0	106.0	228.0	3348.5199999999995	829.83	28109.2	31865.030000000006	1120.67	453.0	169.0	0.0	0.0	82.0	217.66999999999996	658.33	63.0	81.0	0.0	157.3	1279.83	367.0	1.17	1012.92	0.0	12.0	0.0	0.0	277.0	2399.83	8.0	0.0	2.83	38.0	0.0	301.33	0.0	7.0	0.0	0.0	137.5	156.5	86.0	2.17	0.0	6.0	11.0	7.0
PWY-5741	7428.126714380918	61.13132602132825	323.7125273267746	17.592949287530146	272.7284833485578	213.6029124989616	3610.603371263673	1214.9300052802919	4.026343906458283	918.1869043546095	0.0	6262.101996804429	4662.58993058267	429.38838008634195	20689.213829960398	1092.7483824046778	1107.3324254667264	0.0	358.56087664245865	440.0303868199435	97.46085825397314	1353.033360356886	243.13069064945975	6651.5443326958175	5308.8778277765905	2531.9835766169776	5342.345755724714	9354.223564219266	29994.07722898912	495.1328975237661	0.0	1020.2298245463197	858.3248580727001	3785.2639683920283	6407.79203694838	79.64637422112918	1137.9589901375477	833.2690038829244	8198.914522595487	25652.022330228127	484.8360958634258	38.93853055420356	684.8377897586339	0.0	219.67638269687768	53.00639722051781	0.0	0.0	19188.634903710492	0.0	122.75474488481417	1090.2401352743252	55.89168128369001	72.43653228275072	483.5126495399404	12.12164297071139	1155.178089069133	4.925363742739725	108.19374225928634	0.0	992.921345865648	246.59172943153308	8.27301590235379	0.0	4143.115429700919	4409.019155515927	0.0
PWY-5742	142187.2696174662	25.0	8508.337381079085	151.78620868342156	86.64299180737798	6.932999002199612	766.0354823852097	119.38455276173521	3.1116712272900107	328.4123400045879	267.51897552191025	11598.994755002695	4270.267704375107	0.0	2313.025769777909	139.5974952538581	0.0	0.0	0.0	79.818341043608	63.18919074644925	397.5842026181973	123.7785833798104	2658.922105828207	443.78519780977814	831.5288580859459	728.0555936663536	657.0262069153308	7871.573820731709	0.0	0.0	518.172207428059	22257.116969667364	60119.26014452028	463.444544955484	13.639344262295081	1778.6825950395537	55578.10921991357	2672.198693291871	1516.6852641579314	46.16218093418997	10.831353919239906	193.85099955428626	169.42931937172776	116.74886549786038	142.47619047619048	2381.032002078576	560.730605646482	10558.741741821772	51305.23676781061	3061.4522193880025	48024.4637871319	60.57022806986308	160.5358997902243	1298.3438525744696	5.7894736842105265	4459.617460819079	0.0	1313.4171259555737	0.0	135.70186038212714	33.97000321217662	0.0	6.659012629161881	4409.819775289087	7068.806190203853	0.0
PWY-5743	0.0	0.0	0.0	0.0	0.0	0.0	0.0	0.0	0.0	0.0	0.0	0.0	0.0	0.0	0.0	0.0	0.0	0.0	0.0	0.0	0.0	0.0	0.0	0.0	0.0	0.0	0.0	0.0	0.0	0.0	0.0	0.0	0.0	0.0	0.0	0.0	0.0	0.0	8.301535917835327	0.0	0.0	0.0	0.0	0.0	0.0	0.0	0.0	0.0	0.0	0.0	0.0	0.0	0.0	0.0	0.0	0.0	0.0	0.0	0.0	0.0	35.833308694027664	0.0	0.0	0.0	0.0	0.0	0.0
PWY-5744	0.0	0.0	0.0	0.0	0.0	0.0	0.0	0.0	0.0	0.0	0.0	0.0	0.0	0.0	0.0	0.0	0.0	0.0	0.0	0.0	0.0	0.0	0.0	0.0	0.0	0.0	0.0	0.0	0.0	0.0	0.0	0.0	0.0	0.0	0.0	0.0	0.0	0.0	8.289223643027702	0.0	0.0	0.0	0.0	0.0	0.0	0.0	0.0	0.0	0.0	0.0	0.0	0.0	0.0	0.0	0.0	0.0	0.0	0.0	0.0	0.0	35.735793313007534	0.0	0.0	0.0	0.0	0.0	0.0
PWY-5747	172108.6349734322	387.25810198475455	19477.72957211136	34412.69899534539	96262.36940258763	47370.96488725564	82825.86016138016	6043.0994670100135	72708.53884020117	11952.08634270733	10641.272335864614	38119.70316392329	141496.1286985893	2228.7726431808414	135360.15273354095	1392.0010273175972	131.4531310594941	49.82511260061608	1721.1751940522386	4188.164941809527	2549.3663031224514	20351.50890112087	4783.939178622567	57407.49066730137	31726.571207764293	160923.58095774305	90265.1907115822	2251.367683889111	24219.812737644956	1140.4856091593037	680.252310221596	2571.444708118148	59025.10730894403	150697.68962796935	8690.68175115229	85.48991090715764	69605.14599684399	103401.48751805218	84762.70365559912	8244.842781314628	690.9455481450378	24.10120813412496	1046.5576034434441	520.8492800508827	539.0012450907462	290.23120510197236	14945.387218207119	2579.1156161600684	26054.136929236793	70410.36033685373	38758.38065292729	218196.64450975868	493.5589369299645	544.6926515841456	19118.562857655485	56.997193522555634	18222.480646219705	1.8487949631229599	70084.62392049404	27.79389320227132	1172.8268719513324	929.3921209701163	123.31041992099244	1597.645056539867	29130.16124532229	61050.25057466772	3611.169885157299
PWY-5749	227.76930135382125	0.0	0.0	0.0	0.0	10.740735770693842	71.94094378630258	0.0	0.0	139.06490501911298	0.0	234.55552075777956	0.0	0.0	131.54614685880432	0.0	0.0	0.0	0.0	0.0	0.0	0.0	0.0	0.0	0.0	0.0	125.30632748426589	0.0	2014.414780544143	0.0	0.0	0.0	1569.4182056471354	0.0	0.0	0.0	118.00835484144571	0.0	426.4967755456438	0.0	0.0	0.0	0.0	0.0	59.60322317115884	87.72980632971185	0.0	0.0	0.0	0.0	123.7384651193231	646.7672870493783	0.0	0.0	0.0	0.0	0.0	0.0	90.78982686807151	0.0	0.0	0.0	0.0	0.0	251.82190608692525	3103.463709011086	0.0
PWY-5818	0.0	0.0	0.0	0.0	0.0	0.0	15.513844419445121	0.0	0.0	0.0	0.0	0.0	27.91141937521669	0.0	0.0	0.0	0.0	0.0	0.0	0.0	0.0	0.0	0.0	0.0	0.0	0.0	0.0	30.4579109915003	0.0	0.0	0.0	0.0	0.0	0.0	0.0	0.0	0.0	0.0	0.0	81.62184252360592	0.0	0.0	0.0	0.0	0.0	0.0	0.0	0.0	0.0	0.0	0.0	0.0	0.0	0.0	0.0	0.0	0.0	0.0	0.0	0.0	0.0	0.0	0.0	0.0	0.0	0.0	0.0
PWY-5837	53893.9655781573	22288.974398938564	28381.50077157065	237003.7028262693	215889.22375707078	99127.71564773262	23155.652443429277	12603.034764748067	21694.160470902683	17183.01965670815	1762.3998130629354	26677.377043488155	29905.599722549316	21562.553005733902	55346.61857837172	12487.989534993147	1240.449021845779	1586.3225319951453	12296.21909218855	5794.632437137476	19543.064079872773	33381.901984227545	60323.995621636146	63137.176664003964	32554.85035587009	44329.81213611043	68140.19408228407	70490.61738170002	66448.40746396391	2866.355751097606	504.5016666666666	1338.7097694931842	33516.088766505025	72313.95979766156	48420.25853555793	2889.90607862279	59217.5454931885	188582.16060770463	49206.77465085499	56685.35271598147	5595.655342979581	1519.667327684525	13169.91500058144	312.97025815943834	5461.336184830064	600.5659241880958	19157.189700785697	12667.384284735817	70462.41322167423	115613.56120018313	6783.481651563928	144042.57935941964	940.2414362072079	1548.8660583307299	54629.13702631845	407.11566834605566	16296.527497157489	13.852441569516175	7463.322087106143	122.8390305158061	1967.6514982360377	8116.193440391657	7707.875112026345	183.5368783635334	18429.91232918819	72033.18977846585	43303.352585355875
PWY-5838	87806.91109760499	20340.482528783356	56346.97056825538	170986.414191468	237151.27083559064	124406.11994270094	60526.95955728378	28366.904343572336	53755.52778063113	41853.89356137684	5618.923026578882	54868.56603322392	76792.41477828943	26986.0578326781	129465.34309900817	14702.50027689833	3467.150188227617	2346.7483044766914	10412.513536968809	12407.647841767006	35477.56828884625	56103.45922677315	73726.41241226802	112354.72035184232	67529.6664398376	102320.4803091697	122154.35013441721	92866.83555046911	126351.29123523821	7992.383165258329	701.0973867242549	2774.284476662081	62050.68036719064	125808.69985787291	72325.31986222706	1868.979551615936	116662.7677266973	221689.10127251843	106566.2903234802	103809.80775764029	8499.622612885842	3888.8528887541547	18992.058378047415	1000.6285921638063	11133.971147695656	1081.0598216069302	30957.958543919347	16213.601093846792	99448.29349406573	126115.43352587473	18737.610134337552	204330.13439006297	2354.347259966936	2963.8223098555573	69601.23825327892	485.73730900809596	30343.10036016886	45.47065297669219	21286.126307994487	211.4138099833896	4615.957556282419	7526.787093224195	2018.5206476726596	613.4287887339684	37969.18728860265	107619.75338104258	75684.12738009161
PWY-5840	88337.73575588621	55022.19871933892	61204.94884626882	291052.1328313934	277328.93597336643	152658.5038252063	62446.72782136587	32584.26219168207	55281.62901032806	45917.6064735618	5749.816313484859	59049.61325256489	78218.13979256606	30733.338451033975	132573.16277480437	22258.519848021613	4084.016436936995	5211.090299043908	26139.922824634272	13511.940999948576	39677.494793263766	63890.86579998077	90348.97282093884	127501.06567958932	77325.87603995122	105988.34125537366	129010.64206807123	126269.82159307641	129165.6720751396	9441.581807656736	660.4615492771527	2766.273844644218	64649.75928334448	127800.82815831185	79892.3937402133	8622.903035496249	124595.68589226587	232869.9444881778	110046.42435065118	114199.45978138704	17487.431241592272	4890.859015734235	28604.322708259242	1018.5678736243727	15843.084292801313	1831.1831288012763	34202.43741718178	25393.832981118816	104377.22843780389	140571.1168026478	19245.81959178903	209997.79082970452	3150.4375365828	4817.6178699750835	76325.90635889082	1375.4099729376892	32571.329375118712	47.4575376178091	21604.912416129995	419.67732467720066	4944.673392289831	20058.059184427773	15482.771526969835	624.3490661747162	39388.648733258146	107139.95376241293	81173.07504110545
PWY-5845	74838.35435244312	20340.482528783356	54766.76821635998	58603.69542421599	70137.70877756143	5593.069307162269	25468.616025017684	23813.930034189834	49377.18088206592	37628.82665034904	1889.3200130181597	39390.31262275858	42713.31433252938	26986.0578326781	21544.430087417033	11816.77834903611	1219.1914103241227	2346.7483044766914	10412.513536968809	10852.165763609335	35477.56828884625	56103.45922677315	72995.87555239265	21434.784311679992	29600.78768933047	13465.481223001187	7724.031435548105	17314.984782593732	97786.79307112144	5710.499308210631	660.4615492771527	1660.9548223303998	51841.070163298325	94168.69078504432	32345.583771805286	501.33346659809615	103774.52835334055	217461.8676662572	78409.74048872617	34439.22550184166	8438.92965232177	3888.8528887541547	18992.058378047415	840.5572199997077	1698.3208289316906	1024.645119778648	26344.475252991775	12770.44400416299	57931.56093240625	122221.40630628064	9633.067018039583	176213.96248881985	886.4373174043885	1959.1045105451385	69601.23825327892	454.6897684439013	27811.979242694568	8.171364232020466	12797.808042954472	211.4138099833896	3750.8095448830054	342.7664691874057	13.669057668945927	55.577720989010786	29867.166023886628	88103.20406615069	75684.12738009161
PWY-5850	74838.35435244312	52155.199845109986	60560.94723212767	281988.38467184315	269888.408119273	150319.3359520253	61628.16336849792	32481.405525485996	54660.73984800004	44761.6533820897	5730.701083205185	55070.10341173575	76930.0975963422	26986.0578326781	128258.91441411088	11816.77834903611	4017.805927347255	5183.593871047856	23105.43593006164	13453.903879119287	38162.92644905568	63279.68656940056	82756.19558410977	122638.30285683302	74580.25351626144	101926.53914534369	123240.98090863445	123276.0589607452	97786.79307112144	9072.700265334961	660.4615492771527	2562.7501329965244	60821.924641514306	119764.71055844231	75033.29625759055	8352.301465582817	121247.70193535155	222146.509555063	102444.20819339817	102457.65587697302	17412.80312743792	4773.340826998568	26544.42511264498	1018.1425146804372	15453.238367694006	1810.0548825549793	30804.363588835542	22421.89867808591	93548.54435968249	135453.2148108164	9651.316347511998	195140.48914292312	2699.5951280321674	4252.345783385048	71417.50212370424	1334.3330139439233	30541.807615490103	47.39628304020965	16606.77519767133	418.6366982898949	4793.884927129032	18034.146754648962	15137.80486652145	558.792403715046	32078.292300805166	97633.98069696571	78329.21059980997
PWY-5855	179161.97915988782	973.7887109246514	33658.278786227405	38486.129211943255	108558.20322093902	48722.6284977348	87510.50625877589	12171.95603267035	76069.61152499085	21349.61263895505	12214.452188706544	41639.705532681095	146008.79145553528	12277.697512539446	196627.44105061298	5407.765513603175	1579.72784345602	66.34519948253167	1894.6293237930395	7324.91909114986	17413.548028684487	26254.08744333082	29989.79204101121	55127.46345716819	31299.67188504048	123921.34420591408	108676.28094763376	48545.44686891534	155891.57896041666	3838.3985087203187	5988.283906677291	8673.166375020244	63436.780930951376	161676.77423349707	42821.09695394288	462.2702956237088	60138.81615240428	162693.15598372463	127123.09542079616	76351.49730309394	2305.986293645817	162.13680031401645	6191.7899640418655	3503.0440777143335	4377.815990748459	368.27802928044804	18157.65597687249	4929.055060360372	61534.26148244138	71143.91502299087	32205.648080127587	167412.64151182567	985.5064892300767	754.1520742173508	24887.81650438946	85.28133337297325	26884.938896447602	75.03644092599843	59711.67690449238	238.96239988313914	6049.630475474106	1344.11393841832	160.2693195946198	1826.8294909243732	48688.017421187295	102448.94846477474	45139.262099796484
PWY-5860	55343.64780252315	43568.91106605029	57920.62621782251	260672.00377654497	268926.8311401758	158010.2763893015	46414.33580606745	27290.042119476	41904.755549975074	32821.00766146126	3902.949499815884	43047.47841652768	59778.15072797738	23138.502697550957	97184.21837026211	8039.210867920856	2695.202049090583	3483.7911000582626	15721.772299233951	12598.773863227923	35298.91421864282	66037.38016114768	73275.95554345527	103169.91475232181	58508.43064115642	78062.84752670993	103119.39515978655	114527.28920086996	74422.70242617003	6129.490212114482	461.25866666666667	1908.9208850225666	46171.850248648516	96500.69837486676	65465.45596002655	6001.6283430068215	102455.30133770348	204228.92982256686	78082.15547719733	81479.33871090667	12140.979536227203	3215.2716123541054	19576.82400996314	711.3124272750963	10719.502356173516	1246.1107693310994	25235.930892700217	16130.117216798795	78092.95099600125	123210.16640047531	6644.2754067092865	158345.38524011074	1811.9992191595454	2912.138753624768	66346.5300731423	894.4671616702716	21997.98320333838	31.599646408129225	11521.050135469699	279.5468547659163	3472.0853706525454	12674.528172901515	12546.850762884744	373.10803700156674	23274.220646211244	81722.73294410424	77736.76591352397
PWY-5861	66187.20574823968	14719.650941402264	52308.520545507614	137183.67004409246	222930.26266157077	118945.2300451166	45479.57726859473	23072.490764920905	41108.70604506194	30491.129414369243	3825.211149547359	42862.8764211396	59653.48854724708	23138.502697550957	98224.53987656243	10052.713366987924	2323.8327371711475	1570.2250057939189	7005.5627074321155	11264.536593232473	31944.229388930667	55020.727593051386	63023.88422872295	92487.83257848329	52106.533253796086	78409.65360353509	101980.80359399554	78641.75716639495	100311.68081384318	5391.032013519172	491.0759294430706	2086.6919883929354	47236.99754882512	102449.2995437229	62407.436227811646	1266.4524400628115	97593.74850269982	203649.48508269	81694.98816458006	82765.30549575182	5790.368188693815	2614.459365431658	13595.79591340381	698.500330388916	7636.869866054926	734.5811374126554	25390.73348590121	11413.979126886321	84359.62198901377	111905.08324557959	13308.635055823952	167515.4069363191	1578.8883448107877	2013.0973403677167	64018.58429488103	324.47349877191573	21843.43848655828	30.315723913764757	14938.416913829056	141.0586692784225	3332.5292237698773	5127.913905118377	1381.7305787221278	409.6513172147778	28002.484595522805	92498.76182480327	73892.37000285316
PWY-5862	55343.64780252315	14719.650941402264	50288.04558994638	41472.22058651685	51158.40699158654	3780.1608715250804	17824.8158030775	18708.556484531935	37313.369583939704	27158.769450649423	1268.3838883156443	29349.109704692477	30913.66394443367	23138.502697550957	14658.843277116583	8039.210867920856	814.3221457513313	1570.2250057939189	7005.5627074321155	9424.87010667054	31944.229388930667	55020.727593051386	62225.36643589687	14827.694130818792	20984.897287228498	9133.282997561475	5215.794996279497	12020.112578396627	74422.70242617003	3838.9395254277956	461.25866666666667	1188.1529816340328	38564.40676151475	72637.87274902909	24004.826514450077	335.677401114169	84435.21680219885	198336.8882053475	57819.565442221676	24279.009283440282	5748.123236571677	2614.459365431658	13595.79591340381	582.3734143995954	1137.079189213215	695.5485300534235	20890.096051903747	8884.49283168375	44123.96891367438	107352.71308822036	6631.302613031212	140038.02000301692	592.2750385991536	1322.227171621001	64018.58429488103	303.6947973832178	19888.900500938842	5.447639295305878	8796.573008202657	141.0586692784225	2666.4789885929436	228.73453880236877	9.114315436034229	37.05754124571988	21538.831657471226	71950.30707828945	73892.37000285316
PWY-5873	0.0	0.0	0.0	0.0	0.0	0.0	0.0	0.0	0.0	0.0	0.0	0.0	0.0	0.0	0.0	0.0	0.0	0.0	0.0	0.0	0.0	0.0	0.0	0.0	32205.00682559526	0.0	0.0	0.0	0.0	0.0	0.0	0.0	0.0	0.0	0.0	0.0	0.0	0.0	0.0	0.0	0.0	0.0	0.0	0.0	0.0	0.0	0.0	0.0	0.0	74043.78830132488	0.0	0.0	0.0	0.0	0.0	0.0	0.0	0.0	0.0	0.0	4397.450307619036	0.0	0.0	0.0	0.0	0.0	0.0
PWY-5896	74838.35435244312	20340.482528783356	54766.76821635998	58603.69542421599	70137.70877756143	5593.069307162269	25468.616025017684	23813.930034189834	49377.18088206592	37628.82665034904	1889.3200130181597	39390.31262275858	42713.31433252938	26986.0578326781	21544.430087417033	11816.77834903611	1219.1914103241227	2346.7483044766914	10412.513536968809	10852.165763609335	35477.56828884625	56103.45922677315	72995.87555239265	21434.784311679992	29600.78768933047	13465.481223001187	7724.031435548105	17314.984782593732	97786.79307112144	5710.499308210631	660.4615492771527	1660.9548223303998	51841.070163298325	94168.69078504432	32345.583771805286	501.33346659809615	103774.52835334055	217461.8676662572	78409.74048872617	34439.22550184166	8438.92965232177	3888.8528887541547	18992.058378047415	840.5572199997077	1698.3208289316906	1024.645119778648	26344.475252991775	12770.44400416299	57931.56093240625	122221.40630628064	9633.067018039583	176213.96248881985	886.4373174043885	1959.1045105451385	69601.23825327892	454.6897684439013	27811.979242694568	8.171364232020466	12797.808042954472	211.4138099833896	3750.8095448830054	342.7664691874057	13.669057668945927	55.577720989010786	29867.166023886628	88103.20406615069	75684.12738009161
PWY-5897	84024.5788530909	50141.43612588715	56397.41763268311	281716.9985409788	268188.5486767114	145116.25048960594	56473.60983539073	29471.457248955292	50228.67760257305	41439.5461402081	5064.557778918342	54492.358321238586	70890.83242587895	29130.223446714102	121786.39192759286	20791.831487641644	3592.272218959934	4585.488079067473	24049.874526049425	12337.786944542762	36755.64418491364	59463.5630140414	86066.09927869719	119006.88734103595	70811.2502655543	97503.76332175302	121472.79471938717	118811.95682132752	123292.05062520098	8305.662670671822	666.5210425336666	2594.63429817568	60431.880964054726	121687.44396436737	76001.51914757607	7677.896208867588	115976.1570178104	227812.75011411597	101904.00009111628	107541.48729034857	15496.581768430617	4314.495005417505	26341.762151159066	897.0851970535498	14156.617159964238	1625.9720533327609	32111.550177362682	23519.065145187185	100271.90306674485	136723.2056034023	17247.75608574162	204295.31077366316	2765.09886078758	4267.712949840163	73197.71323373914	1205.8478957372633	30206.982497255347	41.529464144895734	19321.193857387017	367.3932804712326	4481.077620204132	18223.67041598138	14342.696807656968	546.871080627631	36332.360846525204	105030.48830055242	75905.00858763875
PWY-5898	84024.5788530909	50141.43612588715	56397.41763268311	281716.9985409788	268188.5486767114	145116.25048960594	56473.60983539073	29471.457248955292	50228.67760257305	41439.5461402081	5064.557778918342	54492.358321238586	70890.83242587895	29130.223446714102	121786.39192759286	20791.831487641644	3592.272218959934	4585.488079067473	24049.874526049425	12337.786944542762	36755.64418491364	59463.5630140414	86066.09927869719	119006.88734103595	70811.2502655543	97503.76332175302	121472.79471938717	118811.95682132752	123292.05062520098	8305.662670671822	666.5210425336666	2594.63429817568	60431.880964054726	121687.44396436737	76001.51914757607	7677.896208867588	115976.1570178104	227812.75011411597	101904.00009111628	107541.48729034857	15496.581768430617	4314.495005417505	26341.762151159066	897.0851970535498	14156.617159964238	1625.9720533327609	32111.550177362682	23519.065145187185	100271.90306674485	136723.2056034023	17247.75608574162	204295.31077366316	2765.09886078758	4267.712949840163	73197.71323373914	1205.8478957372633	30206.982497255347	41.529464144895734	19321.193857387017	367.3932804712326	4481.077620204132	18223.67041598138	14342.696807656968	546.871080627631	36332.360846525204	105030.48830055242	75905.00858763875
PWY-5899	84024.5788530909	50141.43612588715	56397.41763268311	281716.9985409788	268188.5486767114	145116.25048960594	56473.60983539073	29471.457248955292	50228.67760257305	41439.5461402081	5064.557778918342	54492.358321238586	70890.83242587895	29130.223446714102	121786.39192759286	20791.831487641644	3592.272218959934	4585.488079067473	24049.874526049425	12337.786944542762	36755.64418491364	59463.5630140414	86066.09927869719	119006.88734103595	70811.2502655543	97503.76332175302	121472.79471938717	118811.95682132752	123292.05062520098	8305.662670671822	666.5210425336666	2594.63429817568	60431.880964054726	121687.44396436737	76001.51914757607	7677.896208867588	115976.1570178104	227812.75011411597	101904.00009111628	107541.48729034857	15496.581768430617	4314.495005417505	26341.762151159066	897.0851970535498	14156.617159964238	1625.9720533327609	32111.550177362682	23519.065145187185	100271.90306674485	136723.2056034023	17247.75608574162	204295.31077366316	2765.09886078758	4267.712949840163	73197.71323373914	1205.8478957372633	30206.982497255347	41.529464144895734	19321.193857387017	367.3932804712326	4481.077620204132	18223.67041598138	14342.696807656968	546.871080627631	36332.360846525204	105030.48830055242	75905.00858763875
PWY-5910	1751.1444479475008	1341.827446360556	167.3816764739619	0.0	49.98470696313701	34.99641302208524	441.64070243432053	1164.6007057002944	19.997842085707497	498.0390960910108	0.0	2843.7375622313734	879.4519856066183	171.4324004971386	5489.9049410040725	2341.805309330217	12.493328504260269	74.9250942421359	111.86458638522974	257.05410822120814	0.0	6677.862393329064	64.87781364164222	5452.477015415304	2046.6148300947712	7578.139888249916	14573.954192781908	6881.944765587661	7900.263630986852	225.92019725830286	0.0	0.0	3360.180815224448	2081.5416141524743	1691.303763744579	476.6598485031859	339.46959184564037	0.0	10859.988310364854	6214.163872784437	99.94759346214799	0.0	1339.8016471233636	0.0	408.9289462877577	108.45164397417041	0.0	0.0	1899.5055586585586	0.0	113.3157340682814	5300.570853736556	0.0	0.0	169.61332975825405	0.0	91.94384817541038	0.0	203.99621901387712	0.0	1712.0969090769572	24.798043000180915	0.0	0.0	749.4971524519588	6777.496232384344	179.76453308800927
PWY-5913	259503.87571878947	16480.753793604716	49579.25000117915	74166.19987329748	138258.28212111388	60835.20468816131	104335.53228427439	20541.9390851133	66582.00720403185	48413.42807498401	4750.006341192478	81480.42062219225	118429.11871577932	27701.205558797195	180997.10008032346	16818.706487265088	10263.554875351003	7220.30285562123	16343.615771857174	8042.905718860509	20298.953754975235	50188.459361367604	50663.2241067268	92861.06031630706	64036.017402656034	163829.11614581078	123495.38401450952	76997.81999780705	117804.95249089747	7787.129987907727	1917.2988929019805	4701.51699275039	97622.27319579618	199106.55278817483	51019.77685139986	9992.124929268428	97060.03974800628	208370.40394896	137361.28759532663	100886.49125333602	7935.599951231427	1698.246673251608	43748.399235366065	4057.5360801224106	38444.82020296484	4970.783794405316	48950.61274340686	20970.745642775437	85675.99092790757	106198.09888554533	53617.43273977264	300910.11397395085	2923.0941648845373	3803.9372184107506	47334.77561560374	1073.3493176639852	55313.1437169707	506.3360491226428	68725.64285484092	890.6340694576853	8555.749365755288	25611.53789468494	18760.457377348117	1300.8879365529533	80772.06915832973	127257.96006087968	42361.63861301322
PWY-5918	247658.13767467914	16498.780148044665	58612.3619563083	248276.6078889755	210625.9209338004	109094.53805221054	134887.85437335476	38782.578247092184	111262.00879004048	62404.391754201766	32487.312598863857	95876.87267917853	197590.74403864297	37762.31474363288	241809.58435121027	27007.378132455822	9745.652920191238	4469.548175725141	29433.60493864505	15735.190949119782	36936.990794489335	55124.9380613576	92912.43420391882	169302.214873086	133168.65553204098	215889.49011005275	167803.33885811313	119710.09891327744	216544.79648962826	12206.02595655847	1647.75612961078	6888.333341488385	110400.80040375113	208509.9059481561	103849.10077569392	11578.353435931762	161067.6835350229	248669.94798863938	213133.92780172464	183973.22393306452	12193.478299494755	1528.136041864364	43040.34577751179	6660.074939968473	35315.81795144414	2727.764056747667	44551.653082067554	22160.814033037066	136891.98589886335	140813.92534861434	70531.65120472912	303349.4206188364	4094.1321898329843	3574.67640443818	46331.62070707019	1612.4313484865002	52019.04763564331	435.57056682995795	114707.38535405918	904.047491876315	10521.980994941594	25496.280703674183	20280.05845405003	4946.942064750154	95069.59528636436	150715.03712539806	86208.83364358332
PWY-5920	114993.23940593885	1258.5739898248535	25882.240594461226	97432.52308081054	183679.5958936539	85753.72284941745	109365.23442706325	19379.50144066141	27078.364444464765	32965.86675291411	6844.1246392916955	59657.50459075814	103062.43135085847	20299.165733201546	182858.9009089675	8238.014604874657	2824.853748067909	115.37778148828801	2683.187381864582	9303.264506670983	15826.35971640229	30905.214286535884	54793.767358121855	83873.89093868602	53697.30204451726	163326.19880380985	129114.83246371224	44600.31276141176	145145.35456022073	5133.018501784195	5038.063087637089	6578.706267964331	63019.84911142247	129945.82332203703	53661.43974966761	519.5772365755154	113805.79666707493	223698.098671734	152117.5731632785	80427.36815535971	3223.720973875969	241.33602287292535	4622.80666747966	4086.30099913119	7106.631190322457	632.7979790791104	25869.39355428387	5736.543669240159	74942.29299295966	120067.56170591067	33644.22077862668	244861.61852377205	1410.8372594044006	1357.8715654811615	20812.174478479934	218.04327238830066	32154.836378870612	127.55625960343414	50524.837788746736	103.53811050959041	5610.585359045134	2530.6834557429233	329.6955251646852	711.4656647312629	40015.38364499321	64527.93545128149	19082.004390839265
PWY-5973	463402.27204595594	263438.0119110122	313204.0157047389	476261.373356992	504950.790997943	544521.5627489908	382975.6915091796	506719.42790939426	352504.031329304	371719.2867160275	252756.84025549926	220250.62906600087	527268.4337921034	219467.48376815274	589242.6238612715	152188.77168178352	327241.5365414187	296807.0754024212	384466.5775119264	184479.8274052656	203980.17287041328	406332.65496466163	215707.01475677761	328449.21610027394	310422.90033045755	362883.4147651958	449502.57667876175	288765.1472640988	361293.2174121503	421709.11568916234	1066.8839772196025	16907.50457995337	255211.5170071954	349039.4594337139	213459.75913733125	148698.94487266827	362280.3104790375	534460.1961670738	369112.59895630094	239645.15758633858	294260.8215792821	223139.4075663896	200524.1884989723	58396.64203233896	221830.02258115046	50059.53869691024	136014.5175231633	185559.36466321757	231464.49592291474	341629.79603039945	202936.3609875003	407259.4860080476	259698.01386300134	147102.64135584494	158909.13383928954	191378.96416682514	182726.76975135674	322782.1487190345	247869.95515359426	191466.87669144917	148876.56148625133	203732.3656130388	145692.77345624776	212409.50098104522	245315.90360094697	303918.3971714959	268163.568385994
PWY-5989	427869.5874076136	4430.176703498122	87990.09165695186	87703.68655256293	227511.5614520933	108848.31633170547	193037.83174515504	24705.335995912097	146928.03378231142	51134.62333436665	26136.928069252182	92973.3386176833	288894.4375555979	11682.557000249384	320620.3595205033	10032.092391689155	2665.5993615915395	73.26311263245195	2402.9871176919023	15270.846794886445	37296.093508420425	57056.68207654641	62104.784455754874	91589.33830577463	57726.611351194406	196055.16213206286	170400.416682653	41540.915665764966	161722.772408869	5501.616086236814	1234.2332878909672	11632.939461791473	152390.42609189745	326458.0283390765	64763.010077531144	389.6331730839862	173696.87331144515	379905.22356003226	196268.29677943487	88824.85220596254	1804.6279304642258	213.89931468994433	3777.922667304416	6758.57017319026	6192.075109300096	954.3746862972878	34334.98121375904	12487.165436209947	118635.40110361497	225175.10656929886	68956.66096671401	315229.18597668863	1520.482858305815	2791.4102491023355	77102.47216932372	221.42889092621823	64221.68016266437	119.96127777821782	115091.24524538225	76.58732945082843	8155.346562469882	2099.282968744699	631.5920794516611	3914.0924151028944	136423.94051502494	288463.8613973335	87776.01156951669
PWY-5995	0.0	0.0	0.0	0.0	0.0	0.0	0.0	0.0	0.0	0.0	0.0	0.0	0.0	0.0	0.0	0.0	0.0	0.0	0.0	0.0	0.0	0.0	0.0	0.0	0.0	17.99209033424197	0.0	0.0	0.0	0.0	0.0	0.0	0.0	0.0	0.0	0.0	0.0	0.0	0.0	0.0	0.0	0.0	0.0	0.0	0.0	0.0	0.0	0.0	0.0	0.0	0.0	0.0	0.0	0.0	0.0	0.0	0.0	0.0	0.0	0.0	0.0	0.0	0.0	0.0	0.0	5.998662386302835	0.0
PWY-6060	0.0	0.0	0.0	0.0	0.0	0.0	0.0	0.0	0.0	0.0	0.0	0.0	0.0	0.0	15.762715713943225	0.0	0.0	0.0	0.0	0.0	0.0	0.0	0.0	0.0	0.0	0.0	0.0	0.0	0.0	0.0	0.0	0.0	0.0	0.0	0.0	0.0	0.0	0.0	0.0	35.807579586048526	0.0	0.0	0.0	0.0	0.0	0.0	0.0	0.0	13.992616804768872	0.0	0.0	0.0	0.0	0.0	0.0	0.0	0.0	0.0	0.0	0.0	0.0	0.0	0.0	0.0	0.0	0.0	0.0
PWY-6071	26702.290829215926	548.7654809027019	14462.514229532635	16504.815389291856	7607.662104404483	7011.783994846715	72681.45570897158	8428.523934588186	6392.94075214719	11427.54911967254	194.13750952941055	33473.40272640629	25999.65770365934	2608.9723246174135	104761.68856757782	1190.5456701559558	183.89592761413792	51.17070235836174	1465.4619631162996	2007.8413124547653	2863.5762425349135	10946.28838650391	2943.339085542252	25156.466805017273	21054.09781831892	89940.37855607017	40569.84781444581	30977.593875952785	56704.332998512626	1463.1414768054856	0.0	3758.240994202252	37379.82953402078	67333.86408415284	29986.530549371288	991.6521294967222	46537.411484760465	58512.00952116339	90851.00262027474	59398.262650875076	763.5894541878517	148.76549366200027	1611.7444905245286	1628.391959874303	2109.7898833953222	244.6398839419499	9779.067102327792	2973.9439231151537	33779.59177445858	9475.027160795022	17054.764293464912	156667.64162369454	196.3850893694763	312.2565517832672	1425.8092425067475	58.06315111928306	8513.824444115846	99.86444217279175	22304.731230243826	115.50515403454109	1709.9073735014738	1254.7225162827408	0.0	65.96733688122843	29068.30528767653	21932.63126196262	9268.083636008287
PWY-6075	0.0	0.0	0.0	0.0	0.0	0.0	0.0	0.0	0.0	0.0	0.0	11.02614573000615	37.63013536927713	0.0	33.586824545199825	0.0	0.0	0.0	0.0	0.0	0.0	0.0	0.0	20.394736842105264	7.628617324168851	0.0	0.0	0.0	0.0	0.0	0.0	0.0	0.0	0.0	0.0	0.0	0.0	0.0	5.034965034965035	0.0	0.0	0.0	0.0	0.0	0.0	0.0	0.0	0.0	0.0	0.0	0.0	0.0	0.0	0.0	0.0	0.0	0.0	0.0	0.0	0.0	0.0	0.0	0.0	0.0	0.0	0.0	0.0
PWY-6084	2783.119508762856	187.65360148813284	516.645562887106	6907.622277689159	1251.680658884975	1229.5724744465963	46129.26327050095	353.82034597021203	377.06751049832855	2000.5688525652038	19.87102931503669	10366.110495181058	5190.970191799281	214.52884891566217	42661.69609948969	2734.7614069460633	1124.3711371783495	57.554633737497916	3221.9959470859894	322.4805878076425	165.38909384239096	1547.0811857425908	134.2109798891894	25132.744159288395	15513.65054979151	47063.318926499865	11495.047995156896	13904.982164735125	32456.012439846174	1094.4915478526423	5526.8714578148665	2947.3232318922396	11146.753531820632	22499.719391563878	12866.973605560243	459.49332534344177	43797.891094574494	6765.329240274548	46798.45051655793	35411.456032514856	549.4657994241725	206.98685439264423	600.4755118591155	2645.2070843909537	7481.7901318669765	0.0	11927.930116972404	1730.533169308787	19102.774569088386	691.2836762207294	4857.408450704226	25692.207365497634	25.15221072436501	76.90334934046564	539.5274438807933	16.82696629213483	816.5404283599593	39.46277372262774	5809.838998107243	49.13732740647496	1180.3844884715813	66.50216977975259	0.0	5.240575677203356	964.544906579705	854.2722839446498	18.651583344780498
PWY-6087	916.1350513078067	119.49939989268698	104.39734874802099	37.912097397980965	205.04758183114728	174.25971959584368	362.7327921941133	51.350771197498624	23.497262936280148	213.54658729046994	0.0	466.16149912609575	234.0263803109089	109.51049057902456	794.1479498470625	96.70034209985884	0.0	0.0	35.84062601835021	144.8984639290309	106.03289974825893	107.37175101082431	93.33764657981173	391.66484756379907	270.21204890683515	117.88056804548398	397.03397532842325	2030.8143347432851	4435.162522176651	619.0658082136715	5526.8714578148665	2947.3232318922396	1638.1895222755845	721.3719493123812	7484.035714790085	82.3499480286522	79.9361037234932	35.93469737907528	1116.9826278111395	968.1532689863236	190.560212617728	50.30338277984498	39.11037473828468	2645.2070843909537	21.975416596932444	0.0	2984.079495847491	1370.9516375364512	189.31804506251643	48.816098135975565	132.58844416085495	528.076270083782	20.343217391304346	32.42064041196123	0.0	13.06806282722513	60.428224433190636	29.23010380622837	99.33837478223079	18.759729505745884	0.0	37.25258531337749	0.0	5.240575677203356	203.11209369146812	1005.2962367565275	15.784071150741529
PWY-6089	916.1350513078067	119.49939989268698	104.39734874802099	37.912097397980965	205.04758183114728	174.25971959584368	362.7327921941133	51.350771197498624	23.497262936280148	213.54658729046994	0.0	466.16149912609575	234.0263803109089	109.51049057902456	794.1479498470625	96.70034209985884	0.0	0.0	35.84062601835021	144.8984639290309	106.03289974825893	107.37175101082431	93.33764657981173	391.66484756379907	270.21204890683515	117.88056804548398	397.03397532842325	2030.8143347432851	4435.162522176651	619.0658082136715	5526.8714578148665	2947.3232318922396	1638.1895222755845	721.3719493123812	7484.035714790085	82.3499480286522	79.9361037234932	35.93469737907528	1116.9826278111395	968.1532689863236	190.560212617728	50.30338277984498	39.11037473828468	2645.2070843909537	21.975416596932444	0.0	2984.079495847491	1370.9516375364512	189.31804506251643	48.816098135975565	132.58844416085495	528.076270083782	20.343217391304346	32.42064041196123	0.0	13.06806282722513	60.428224433190636	29.23010380622837	99.33837478223079	18.759729505745884	0.0	37.25258531337749	0.0	5.240575677203356	203.11209369146812	1005.2962367565275	15.784071150741529
PWY-6093	1332.8247821779132	132.32319613326507	175.8890517795017	84.63041916758586	365.863817054684	320.862829562329	807.3046417221124	93.16317796472526	47.91356982656591	410.0842491334435	0.0	979.255817645262	491.66642910905995	133.17139372543699	1737.7419022017698	206.18513171467686	0.0	0.0	79.31356483085962	188.51781191386715	116.2690350141337	216.90794562182742	97.62021265334873	860.4718272193784	591.9293916534444	264.245255128343	846.3813298517908	3692.180375748707	8164.3120492871	727.8881923344699	4845.831057937615	2563.0747597099935	2993.4661837303893	1544.906403568235	8733.184164417098	143.90864810519287	179.3958991863742	80.15221124440964	2427.6322248494316	2088.177944649444	276.2011844036953	83.63736853065791	79.47617138329369	2319.1604636431325	49.22076245897769	0.0	4930.696189530236	1364.8457161408821	419.33872508823913	98.30095824673138	286.32543915301954	1150.2743389356565	19.574424766420304	43.24346041347637	0.0	13.030162412993038	121.21903792674638	30.187611673615248	217.8037690182453	26.609687198211077	0.0	43.54142942875291	0.0	4.470328366082025	339.7592425626409	765.6331813424209	14.740496005094325
PWY-6107	885.9529898038027	115.63823564250185	104.24132169292656	36.32531678005791	192.871081645447	165.5169751835693	357.04090067817503	51.15598974026327	23.488217583643383	207.6564676812388	0.0	459.74727449298564	231.97155866140992	104.99531020107896	788.5667240805999	95.85579252706906	0.0	0.0	34.901028434795606	142.4631896182278	104.85000882702559	107.16284410591962	91.6844043858524	385.7724013265617	266.23407296101556	117.37869871497959	394.0530818456416	1998.342115649586	4373.270596011196	603.4225285042992	5520.429954582693	2937.0526156872334	1528.122594571875	693.1398978894455	7275.146331860473	78.37664901814188	79.6801391569122	35.90208857550772	1101.8075638331895	962.7120748402536	183.8991477150789	48.377787308909326	38.783042631335306	2639.233044967374	21.85865204942461	0.0	2844.821835649586	1331.6524478652552	188.9222919126349	45.2618278815106	126.70491329733842	521.4804170746529	19.624961573931756	31.523797313725066	0.0	12.785928143712574	60.18939589426418	28.451242829827915	96.52968281919607	18.16296169181012	0.0	36.5383694275087	0.0	5.0	203.13736161395286	1002.6244049358373	15.763158526040652
PWY-6121	357100.4648430629	238222.5026568273	268007.6475975997	414767.0731422309	413884.81115494674	410486.96910692187	388806.56547972123	409988.83464115614	290468.4934392933	320614.5998803921	214363.03243305685	232280.73212379214	458257.90359872906	295846.32255776256	547075.1213724291	141340.6391375293	284449.16666645353	252075.35001369612	340368.48391517875	146913.45887303542	171290.24675994445	331040.6555004158	183743.4267970839	351346.3423246865	320852.16599543364	410704.9570630005	420622.4050794046	288792.1013329263	378135.13161255897	366219.47030589625	5672.2018339061415	12889.908002452295	247682.01226131912	333160.9635165843	196628.2973114189	133770.1457497169	348924.37455175415	381369.113405577	413283.9532546765	305596.15216788754	236184.58981460068	193674.6308931174	192261.21457285597	48302.67620834775	198606.0151341287	44209.482656519045	148109.11177958525	163079.44618583858	232259.77413706965	228256.66334824718	190369.41062287925	455268.80887921475	225531.85344149685	128080.62394465967	128132.77587301865	166534.98213961913	168027.99000517034	279987.1112061915	234882.24892087816	167166.30557306606	136825.6015651899	177556.93280603603	126401.64824791568	184247.18726897627	214488.5346072528	226589.61358450327	227818.0971562697
PWY-6122	339666.2079218569	249472.968211786	271133.06154767564	431139.179897869	427015.80911408673	427604.08263510134	405753.9797104423	424368.0401336491	295048.5814182318	324876.3707078752	218908.69117743152	246007.09475424376	469993.3478512971	304394.6951696158	603975.4459571172	143747.4961927472	286243.6599617135	255950.11183042903	343788.2554585778	151771.9924681971	172543.6508094955	340205.5065256456	182813.29456731892	400737.2886014787	350421.3045965967	482145.6359038988	474806.78722138633	313607.87311779504	431830.81307888776	367757.5643760484	5779.720356236915	13219.053398968575	250059.73509226466	328084.71954766585	214443.8977428166	135115.0732511371	380205.2633160168	369124.5990279876	439238.03176005796	378790.34036674176	246794.73818842397	195672.71457115616	195281.99160877976	48505.375951079644	201122.61530699598	44406.041186591676	151205.07287987578	165212.1579313779	241401.85510548993	224801.84132344858	194969.06357095166	491216.30858786637	225678.62699247067	128566.48524759215	127376.11365894128	166760.72099409028	167291.11720767803	280154.9177957027	242009.51930396014	167245.05847283016	137540.80190662338	178445.7059442298	127211.76103862301	184269.63937838233	212088.37100105418	222013.35681071464	225014.86257271224
PWY-6123	329041.4901110372	223784.4806959874	237979.53992240256	391128.0799006221	391927.3158502763	397514.0921584712	310662.9686311587	363764.81396828813	275459.9725880093	308465.7794870055	205879.06846905098	196625.27637742556	431415.0324702147	277801.52124964236	464920.06504822854	142771.19976242358	286403.71477603714	250293.09835302577	342924.3568838105	131268.45583559904	171098.1946410177	293301.0791157353	177367.1154361183	286783.6874419156	278167.445639402	333359.75195288257	370926.0751827757	238295.9552353363	273580.64404845814	375706.9239509311	5287.188042193085	11125.207606742886	218842.24001112094	290417.2512481475	160103.30686558707	138255.16240199088	277328.8614045894	333343.9593837642	325161.8205142767	221498.46237857596	218892.15384298848	201105.6213251575	181668.55518911325	57745.91962460381	193985.45796804188	46137.87657750716	132795.31170688808	160522.08922056653	187066.45651105465	196108.41028488462	193686.9113386409	350926.6652970622	236657.93475684343	133889.4777832858	117609.07765797843	175418.81627116675	164467.16160525012	285849.75390135456	239149.7021249064	178010.2792146721	144950.23533265007	181292.83730329614	132935.31429622907	192837.8699289422	213852.6007443859	195947.58796874297	221671.22198049954
PWY-6124	335846.8102128869	223212.8870107661	239768.17676467513	397998.0823910341	395404.3398292223	388717.1514757319	313296.2679643724	365527.0968227164	278818.1643754634	311256.16591986676	207613.30175722518	198843.75075454355	437187.011916623	280704.8023911775	467884.24838750827	146311.85818933323	288010.7575714576	253027.79017236727	346129.2474296715	132038.71730677193	173872.03053184878	295657.0388474464	179921.53421317285	288487.4416945681	280665.91352351685	329148.3561962946	364061.83110593754	240070.59748696716	275384.0316364084	379038.1189697732	980.6875058522297	9882.199845075522	221537.65369971804	287836.809243105	161826.70935628438	140417.4890839331	278987.1276731115	338634.3752402534	328196.0399659916	222613.3036015593	223067.55465412597	204462.52787063282	183005.05255924625	55428.80819347074	196347.58771719792	46817.10161154885	134520.23445227425	161658.91842367183	195368.7794510409	134646.58199390516	196823.24399326826	317032.09004182677	239187.3294641905	135652.1213264087	118989.6206950428	177534.01322582335	166284.19565780697	287186.99032899196	243199.26912816177	180395.0304168896	147419.0878300731	182822.2701962476	135096.77660646048	194674.20860177433	217245.24057418932	198481.03596692084	226233.93587002516
PWY-6125	332621.84333921317	267773.38400513923	161105.04549223464	366671.3465629903	384039.696817347	349003.0628427453	351889.7828876192	391482.4498419904	299158.3404386637	257523.33721267068	185922.61937126136	190568.05189958535	369777.0826863419	194859.37271000198	496334.18435087067	145703.94000142522	159452.74832579968	214026.8948770439	238187.4369683256	120754.13035315083	143614.2123448347	306596.8300622284	166922.0636896352	296162.8903613373	248196.42100645206	357433.7262323948	313405.5352460377	267734.46139056416	326382.55504110426	273083.44968471775	6074.551420311599	12111.633345035358	196997.63058335063	325444.7793233087	150105.27434724526	127611.4304375489	308138.95910109626	372781.87912327284	349563.8780010325	272799.6070175745	245810.55659997457	159553.70941918757	170406.61759423788	84683.57034447946	141583.26711340563	43796.43965239887	120715.7720426541	125513.47344057389	189477.35634364196	214017.48095429945	190271.06930772547	431371.10424167645	184972.38897369223	123510.25070891393	124675.4634612512	149654.25777378088	132131.72941817233	119036.9838137371	235178.06972350163	161309.3517919367	68672.53129450044	134651.8822565811	135882.11386644092	139127.5547099112	196374.6073637666	214030.8835260355	206831.62683202728
PWY-6126	282077.9066756784	267288.17214012495	157671.85721814955	289126.7503687631	214717.97748717773	331872.755073638	267790.881249791	374507.1718573645	277436.2328833245	254036.92884798135	181687.6431540114	175403.4514096038	346415.37876176654	189863.16339099416	372242.81683398015	141423.38457619573	159788.29573659057	211018.8812768676	236058.25938769992	116062.55878116998	146995.76922452156	292360.9028546726	165065.35543926965	261025.0986774134	233812.0633225309	206510.74772943923	274486.30575037113	254112.48253186492	140495.00807319314	278637.52852597355	933.527676910092	7249.671342379537	182679.00953509225	228952.3831545787	132406.03169072157	132279.91110893662	225042.07306044118	233124.35259942166	261214.89610878332	116133.17174822903	231871.82072852724	159480.50585678947	163724.238517253	84282.45729098044	140190.3269628313	43441.442846695136	112906.15481350641	123060.54997160575	142906.52272917097	70204.8506934769	185543.3020632183	38097.48531551671	189402.16283640856	124372.82121726198	116374.10891983402	152788.43332251353	126531.7837985291	119423.20677426316	226677.13818133838	163634.54304344158	70406.72451134832	135040.88197703962	137614.8945776035	140734.09854895514	194586.61291842652	135876.25270560093	214442.69812410272
PWY-6138	698.2795650771853	108.48205282455318	630.1876369829366	19.95775971348684	0.0	107.07129936415853	424.39976508000564	546.1227488830721	0.0	381.89909579152066	0.0	1600.8468488121312	984.0751349659381	5.37449866011182	2390.9480487081164	42.1474612168276	17.405380366059283	0.0	0.0	69.92505614349339	30.261095967184254	350.6128596385193	38.83220019291292	758.6666324506988	1305.0177166115477	920.705038412501	624.0953145474951	1276.44797464936	1741.9713430101979	61.57540772500606	0.0	0.0	156.67788081197088	938.0245754432677	2646.302215090534	22.587592670441968	483.39404643124266	0.0	1721.9638722810867	6040.964260938027	0.0	0.0	352.92608966951167	0.0	0.0	0.0	38.43020942867706	47.88919434956403	975.8368083444807	0.0	0.0	1253.2854851930229	0.0	0.0	0.0	0.0	209.05670404912334	0.0	9.907623623353567	0.0	102.96516079381259	29.72440003824457	0.0	0.0	64.5345817790521	525.4358197121985	0.0
PWY-6143	27.048001852077846	0.0	9.945978874299763	0.0	0.0	0.0	0.0	0.0	0.0	0.0	0.0	28.16032043161552	4.998076525426933	0.0	0.0	10.228704227048537	0.0	0.0	0.0	0.0	0.0	0.0	0.0	6.196581045540797	0.0	0.0	4.585385942267482	0.0	48.977088725025276	64.35888090710621	0.0	0.0	47.987927064604584	0.0	0.0	0.0	0.0	0.0	2.725854294887407	331.6718562807772	0.0	0.0	55.25301471263167	0.0	16.470998200614556	0.0	529.1708211322797	0.0	13.876755444050191	0.0	23.676943066048814	0.0	0.0	0.0	0.0	0.0	0.0	0.0	0.0	0.0	0.0	0.0	0.0	0.0	75.59074628921238	0.0	0.0
PWY-6147	397514.84101740055	141925.11599390671	258434.5675531216	374839.45432756847	339340.9159373752	277321.24084918015	215642.00308828772	99435.86131681701	195396.11633535067	288056.55301121355	160843.08625457127	218765.91612574723	335403.72431948356	141202.66920506154	439067.21806039265	137833.93622968596	304946.91633369774	222552.34001229156	361746.9661896205	78609.8258916567	130450.42773661796	167624.96674155453	173537.2424505294	273865.63920118293	248142.74793487042	335489.46026123135	362705.9697448591	386959.68838013016	326553.1426634104	393412.214897191	6363.41435836477	11556.43265611679	265835.4891911681	357355.31264365365	178752.70772400164	135961.3630072217	248564.6115588391	324070.56978453044	343146.91517984535	254599.92254321443	89379.48419922616	197026.4311275914	180447.07937873734	119002.01707847288	220800.9329627022	51474.14896894496	112811.55521867976	163232.83283346822	186644.9427951585	203873.7902344343	210222.63333152945	484957.7569518593	247350.846864733	132853.6234259557	109985.8651117109	179987.4777214622	190808.12622022015	315350.56668996735	260705.2963514129	187518.78889893935	142489.7096227093	192729.2996406886	69929.41434437307	204408.319546153	211672.47224673774	169817.74105050843	200575.90015483796
PWY-6151	189844.32348110256	227563.08199171393	121652.99494657385	343489.8410275149	308340.02522436884	285813.37071902095	270173.17693138524	352591.62532688	232732.4319610147	318288.8364706287	214748.5778512298	136134.84603173993	287197.984323306	191824.96834568432	369305.66737487755	144407.3664360627	353394.0145487303	293614.7163081358	414658.5464088806	82325.26106927253	125743.92867151095	238542.74540439752	179216.2222414749	231115.306142801	204800.48684927	234943.73915480069	251962.0341824653	266851.21639921435	153240.2979888132	439158.56731874525	5945.101836355837	8964.531343511686	154981.5430609881	228053.21556000566	121214.81578805269	106136.36118100198	223373.5977889467	279639.38811412174	289804.6995973806	148490.23104739212	223427.34025211437	230924.0445158912	186711.79091265687	65219.9501698833	221638.55600366037	49053.33254431942	113371.79294877002	184996.8061091121	145254.42733737826	207446.4659511349	176719.06894988279	277233.94090600946	273164.89604914543	146218.42071014998	115294.76215434309	196236.88238953284	156667.03977145828	361944.86024467234	199143.53022896237	190527.72651840295	137496.26819479212	213661.10120441855	126617.40423653943	226504.35062567954	189559.22271847786	156911.59796527724	156952.97099689342
PWY-6160	0.0	0.0	0.0	0.0	0.0	0.0	0.4918031710884606	0.0	0.0	0.0	0.0	0.0	0.0	0.0	25.12241035484443	0.0	0.0	0.0	0.0	0.0	0.0	0.0	0.0	0.0	0.0	7.636340268625612	29.454123192916658	25.229434860459815	228.86468669363725	0.0	0.0	0.0	0.0	0.0	0.0	0.0	0.0	0.0	6.585347658079385	18.518235374830883	0.0	0.0	0.0	0.0	0.0	0.0	0.0	0.0	13.484078701406439	0.0	0.0	0.0	0.0	0.0	0.0	0.0	0.0	0.0	0.0	0.0	11.243977002836587	0.0	0.0	0.0	0.0	0.0	0.0
PWY-6163	458718.17727151216	131120.64919208625	258845.8559962843	374265.71309204097	368723.5542427109	359909.6609192841	331100.103384387	367756.8008092059	312789.59219188994	318397.59228473355	210080.19302395426	246165.19380751892	413010.115185384	247311.71041026298	510374.4672249553	139320.74352127578	305991.30241352075	257836.81176925814	362236.7051452223	130975.91133589462	158682.77215266577	291487.96883666253	177512.2614541055	323670.1524198031	332642.63593365985	354842.786474369	370965.97439206555	266032.2766062285	287063.60580124485	390566.4581562908	6058.34991535194	12024.84321453557	279742.5727958241	320195.34139320685	178723.39227001846	135201.574447335	307555.41943112505	382253.76035289373	358637.7941251313	266897.29300234397	211202.55076651202	203710.00550255398	233271.96943093408	51454.860522349445	207280.69231777883	46237.33567559968	139580.98524775254	168388.7232022453	223614.83650087652	239464.09373633598	203773.4677375715	445944.33074369864	243174.7023271309	130854.82426143393	138603.51855232922	176991.39369453938	245947.8918756994	306623.6773034891	246092.4816269884	212995.114819051	152505.52807015253	188991.7307557502	132887.3625777947	200460.40150171815	217772.0019088075	200803.11938830707	221005.72616385904
PWY-6165	0.0	0.0	0.0	0.0	0.0	0.0	1.311471873344739	0.0	0.0	0.0	0.0	0.0	0.0	0.0	66.98758879054499	0.0	0.0	0.0	0.0	0.0	0.0	0.0	0.0	0.0	0.0	20.36284118795762	78.53386830027787	67.26782484548798	609.4862544737272	0.0	0.0	0.0	0.0	0.0	0.0	0.0	0.0	0.0	17.560388809820772	49.376192446605394	0.0	0.0	0.0	0.0	0.0	0.0	0.0	0.0	35.95379338841088	0.0	0.0	0.0	0.0	0.0	0.0	0.0	0.0	0.0	0.0	0.0	29.980252180466472	0.0	0.0	0.0	0.0	0.0	0.0
PWY-6168	319213.16598196106	160822.58815711224	102944.48273253438	324114.2278977879	299755.9707784711	170227.96246822254	217466.13545070944	132488.1045543315	182939.156637019	203321.58200713326	142401.78558239428	137814.1937525324	270679.66218514723	85932.88716835665	340933.68392193114	59198.72160545666	112628.66443833143	171503.93870392465	126150.0847154575	36931.70928236079	99124.51729027883	113340.68134393556	131070.38450584387	201798.52597006652	190241.35458829143	246543.49514643938	231169.03789974976	170443.18809469097	230993.61621166582	139176.6827606953	5709.460534490404	10341.847953399287	183104.76845742358	275903.24331149756	126507.20087714921	59912.06958032808	195436.75088867833	305329.76658181916	230983.8196370063	170938.28462610993	110545.49704339719	89401.56313699174	148887.79596535282	62547.16486171835	159356.0931604166	28092.835685831848	74782.86213950046	125687.67500324025	152855.1531118632	194481.08233718146	56533.146147461004	334338.7383898271	19396.684660114806	57663.02936114206	85488.25485590863	20870.70403368443	129114.41428487834	41155.823056146124	70715.6629995471	64576.25140537309	38426.19143743724	81572.627431008	103037.33431009826	5970.429139853128	123056.23563190196	171563.53586809113	127791.11451912041
PWY-6182	44451.184695337775	493.30064582937706	17661.705091821692	7778.029940578075	20532.33785719806	7864.162692031325	56786.716601111046	3606.58142790417	8154.04846038508	6048.868974700863	612.3096174275327	25067.06061196335	20223.936758008018	640.5555531995808	55245.937135141874	726.5685814084235	339.41658756524816	40.79298977392717	666.034579485106	1324.6875226918846	1096.4377228800627	6535.1869751550485	2934.3257844663	12266.517755079502	9111.070410554807	38583.89088328917	18734.659622487707	23452.32926639697	44768.461505262276	1606.6051068203556	5676.519930320912	5105.220895390611	45629.47464017928	131872.29070799187	20071.276700530994	426.52663232607637	22088.518871623735	90154.41460169652	37553.219248683126	36152.96056054743	875.9627367360004	105.61155656844932	1038.1302986722435	2953.2792580489163	2050.910290268632	241.12137858560996	10746.357472486065	2558.740650523371	26631.157099847413	29867.11536556883	9922.134824325163	86687.37714862222	166.60976432510353	355.84479687821545	3240.5457328206467	47.68322584327204	16052.717460247877	68.51724487776654	12427.122960991648	60.94613157521634	1168.9283989318074	1172.2381410487403	42.40877940484286	364.88481507231734	22527.13081117395	26434.659948355664	1450.1218934815327
PWY-6185	34741.1373367757	368.59890809701415	17034.05900951076	11130.627768040775	21341.206024534735	9832.913532557062	69873.51737724493	2681.6474437398842	4640.900966174338	6623.333686436993	690.8855735499819	26254.23199579471	25408.580318567972	456.7246011646378	87635.65615562677	569.649948344651	87.49675609191917	27.23943491851159	709.6474791160671	1249.4709081776532	416.6839761572295	5499.116448428374	1468.2624637646838	13263.346205481492	11545.929571562365	61275.15353315353	22164.493222799796	17742.195006798287	35279.11619340562	1054.0913696718028	5090.502550156372	4577.8821659758605	53985.28778665563	145838.38581693554	19609.143374098152	430.24127981382276	29406.237414885632	87976.19891369485	71409.1130169578	34644.25187796775	452.9038999508371	90.68656607045271	896.7216663049446	2619.5805409311733	955.4005626638426	264.75543569081105	7043.385441932724	2399.128934045965	25194.300325156786	25108.440332364476	14543.223356748107	97161.21025396275	126.12093736260482	391.5476966086036	2256.7047114941915	37.7830015041259	15971.795071845043	64.68154497926159	17455.507250141298	22.853255102115607	772.7637818275394	905.937569392089	30.402746968795867	403.8848502117674	23029.468488443774	24870.467729629436	1174.5398370919359
PWY-6193	916.1350513078067	119.49939989268698	104.39734874802099	37.912097397980965	205.04758183114728	174.25971959584368	362.7327921941133	51.350771197498624	23.497262936280148	213.54658729046994	0.0	466.16149912609575	234.0263803109089	109.51049057902456	794.1479498470625	96.70034209985884	0.0	0.0	35.84062601835021	144.8984639290309	106.03289974825893	107.37175101082431	93.33764657981173	391.66484756379907	270.21204890683515	117.88056804548398	397.03397532842325	2030.8143347432851	4435.162522176651	619.0658082136715	5526.8714578148665	2947.3232318922396	1638.1895222755845	721.3719493123812	7484.035714790085	82.3499480286522	79.9361037234932	35.93469737907528	1116.9826278111395	968.1532689863236	190.560212617728	50.30338277984498	39.11037473828468	2645.2070843909537	21.975416596932444	0.0	2984.079495847491	1370.9516375364512	189.31804506251643	48.816098135975565	132.58844416085495	528.076270083782	20.343217391304346	32.42064041196123	0.0	13.06806282722513	60.428224433190636	29.23010380622837	99.33837478223079	18.759729505745884	0.0	37.25258531337749	0.0	5.240575677203356	203.11209369146812	1005.2962367565275	15.784071150741529
PWY-6210	1809.4452076624514	18.466750313676286	442.26092851334084	0.0	2.6590988717233635	57.933529100444126	472.5604285513941	522.9321587711133	89.92985346485409	421.0570830817137	0.0	1719.6306605404793	1243.1159308637373	61.874017498451806	4484.380956734905	545.1294253826308	10.78989574979952	0.0	119.58163597379331	165.90517648120513	73.3028776930682	243.5505618278073	368.22338045457843	2038.8395633538498	1914.8080353024393	630.8565379907968	1389.0302781440528	7943.589230129348	12681.028137137197	0.0	0.0	393.3161348796521	1134.289159991712	2696.6328173093866	4204.175419969075	26.185925282363165	1354.600455890891	11.961426192508545	2816.6270327704856	7187.219106475666	34.71315477464284	1.540722433460076	252.5962089286779	0.0	7215.037735293071	0.0	342.7361001859734	207.48820986084365	9820.180668685685	42.71559633027523	65.4903353881517	1470.0243132766873	45.28187838287321	42.199111371515066	112.60423174385465	0.0	8.209026796886507	0.0	127.06293349953306	12.346570397111915	85.88770735055196	118.95071762002031	4.191313545942532	0.0	1265.8071185903814	1363.037674770166	13.975245003535331
PWY-622	294826.96056738676	101182.8790683792	118736.3313065688	60479.102362823425	45505.938250421335	32177.03032913967	145593.65439128294	131192.3790963675	108146.96397422117	93701.81177081387	7546.6801555130505	152146.9338473033	124541.6506215953	144321.94922246592	265382.29978476855	66521.84465341165	17898.676402434186	3149.475163883881	41258.506384995904	34945.191639882876	66665.29275173837	140685.48025080835	107444.65490351788	185355.35497779012	177711.92850397827	142253.73537490526	125897.89706082885	247956.63014840256	226305.04359219133	46601.42704580077	6361.5217072197665	9351.741596423686	145005.14545619223	196604.69604967575	97919.57335652316	33686.38976681711	137334.63925012492	198399.11234010803	142391.7376516848	163688.58497553406	41420.0169040374	2642.5826447977156	113063.72310689371	20360.62307758439	113554.54423929942	7329.1783985417005	130019.03317455867	67449.1404490402	137710.32849171894	159892.99810250135	104116.9413709744	244425.9904957839	7872.840592882767	7519.970891671334	87561.7290640132	2727.4775399760492	93912.74122615368	1268.0075503223147	125484.40411786972	4895.7668181801255	51072.74092245144	18468.533445860292	1453.0964195503045	459.03701787867914	55089.59028513946	100632.94553927708	144470.86985682402
PWY-6263	15773.106585415077	1612.9504154672454	955.8588485665136	71.97876661329096	587.1813786077847	181.8402673566172	2901.8196495709813	1272.5291109927145	1314.2452630219907	3487.694823617442	92.64560309112005	4882.093097930488	2591.373414893222	626.1371471259793	22589.586980157157	830.8102606590131	153.14016114112863	41.88311138018039	131.71227959718289	879.5781990865885	613.5211722704032	1376.5029094793965	1438.547388630412	13495.108831282616	7526.50515176952	62491.68238355477	68146.59761601224	21377.25643415866	75685.99875453766	1487.7039570975808	0.0	806.2636598398657	1909.9701679804957	5508.198247293217	10796.116150354103	416.6204692182232	20416.71873364346	2144.1666858284448	12093.720420611828	22649.172282476873	1679.920744562985	69.86540312402194	6314.598187864624	0.0	554.0412978511787	94.22139039691015	2592.8928520031945	818.8032297236377	27200.20243228759	3121.6582792777895	362.37612295904313	7115.205697376697	140.60694466325373	92.29057252119883	1327.9330502858727	0.0	551.1114864468346	0.0	532.1436173293835	362.63686853497563	1145.5732419570145	448.1265019003273	147.0511737490442	0.0	4069.288915353836	20511.757180093682	129.84499924618348
PWY-6269	262853.8421741737	105562.68535918268	69044.5238213196	204684.91501166913	143950.64084881387	54259.20116150556	71798.62119885084	94237.85844548132	114244.51878270361	236316.2712163678	139164.6059337209	119448.90117722715	122633.19833470731	183565.63539776905	130956.23992102506	133409.19771094626	288354.35103592224	220122.53627846777	348216.786338214	32847.70154003093	117706.45277876663	72414.0784926456	135217.17923737038	84925.0302936425	136233.1432611715	71542.24277339721	86913.80326584778	96310.94557302509	161769.24725726148	368644.94094225485	5762.052219135642	5446.839896167255	124067.60629034866	140710.2884393703	79043.82545959316	116371.67313263856	63091.52792607687	180216.54402721778	127794.98324932471	87998.25772258043	90376.1724703303	194710.71618339693	121996.8363562587	47856.5783446024	184439.48167217348	41189.21976828425	68049.74366543496	136324.15158270462	106447.4272280112	113832.73482467899	158337.81217504176	159997.34278718525	238056.13966819746	127469.37545016703	70078.43516148347	173072.17570762793	143915.86784658002	300941.5902319683	180881.9968376337	175955.35474765176	134330.63666974026	181612.10082437383	122394.98108321885	195872.49968297037	178690.4060306874	80216.75084925446	101769.87625989532
PWY-6270	313331.54608319286	110538.51501998161	97213.131092731	229016.52871214194	245680.8580384578	153790.89596026033	195697.3468575673	135473.65477970458	188514.63673301408	236864.0907774095	144461.5661768404	164409.16041975637	274485.03561002505	125234.14817631718	340885.5875847829	63068.2660809514	171301.82911379382	169006.597213973	115466.9661732637	44831.5870561292	143972.25921011597	121170.10860622127	174888.71863895704	205770.92598022782	213037.11932866863	252338.30548093765	216051.21638727692	185844.8492763314	216096.5056698116	328734.2560091947	3197.4957051118176	8547.612830198299	173543.17861414494	251772.9953907122	118662.7204826031	112854.24920871887	172568.60241036888	283195.7272246353	261279.13129208935	187226.79148300606	109285.74873977363	126266.53480413041	140628.31013431482	10216.721628585603	90282.83949582452	25806.788954042633	102153.40154426762	105864.49573016816	154225.4532866847	187124.60648294142	168414.778640813	333135.4701235524	205742.74221140536	94000.1992441463	89021.27199952232	147779.29774967284	132633.10189110262	118428.45686623	198101.59596950433	172795.54510774213	85659.47126015894	115727.93663105318	44768.68981606062	133488.97525027872	141879.0720719491	125137.6837055282	160321.21417477232
PWY-6277	339666.2079218569	249472.968211786	271133.06154767564	431139.179897869	427015.80911408673	427604.08263510134	405753.9797104423	424368.0401336491	295048.5814182318	324876.3707078752	218908.69117743152	246007.09475424376	469993.3478512971	304394.6951696158	603975.4459571172	143747.4961927472	286243.6599617135	255950.11183042903	343788.2554585778	151771.9924681971	172543.6508094955	340205.5065256456	182813.29456731892	400737.2886014787	350421.3045965967	482145.6359038988	474806.78722138633	313607.87311779504	431830.81307888776	367757.5643760484	5779.720356236915	13219.053398968575	250059.73509226466	328084.71954766585	214443.8977428166	135115.0732511371	380205.2633160168	369124.5990279876	439238.03176005796	378790.34036674176	246794.73818842397	195672.71457115616	195281.99160877976	48505.375951079644	201122.61530699598	44406.041186591676	151205.07287987578	165212.1579313779	241401.85510548993	224801.84132344858	194969.06357095166	491216.30858786637	225678.62699247067	128566.48524759215	127376.11365894128	166760.72099409028	167291.11720767803	280154.9177957027	242009.51930396014	167245.05847283016	137540.80190662338	178445.7059442298	127211.76103862301	184269.63937838233	212088.37100105418	222013.35681071464	225014.86257271224
PWY-6292	202910.87248601115	10110.82153269591	22980.78593989659	60922.81086176447	126499.85701668319	60493.95308858103	96411.78321469133	11077.449101798298	12415.494334440027	14672.540691568514	3225.716817308191	59974.68611153532	82793.55429692562	13210.603705636411	140317.95562683186	11947.373968355165	3306.118397991892	633.7135779123655	11175.02888582422	8732.289549818614	2538.1129128373273	29824.448114018767	7285.901691842037	106255.08292760988	69698.52355370978	170513.3331512344	134631.65463522333	85998.81888748509	187439.99984193352	4124.527206881685	0.0	2281.3764830425544	73039.50527438185	153661.1993367649	52766.9358771733	3786.3087921261476	127513.18455722035	124918.79999318407	123716.18325336378	152592.16897733518	5841.063478898074	867.0296700884944	8408.94586271843	636.1941258701328	18849.75227064998	592.9555907408601	22806.283159606806	8481.164714026916	100296.09251929562	76636.3784538461	23501.417055276415	195636.07025716704	767.6375464933133	1256.0931984756141	9027.505070899824	109.10841795590156	23292.814862883253	209.82077871397675	29866.553576038736	310.7183839419686	4140.808196025651	1672.8589257290917	302.4537268153227	98.08200513582798	27934.054327665923	111751.62645353733	1629.0193962541396
PWY-6293	170147.35382013497	5474.710181595716	18363.20573031562	21515.32016138557	10467.435891512408	8763.224841943604	95842.51809434354	10245.828746143523	8554.713423441359	15161.729907667243	1020.3034645114055	62804.00677346676	36664.69773954791	9469.453351538248	151338.50644321475	10974.70177606547	3314.3032298061107	211.67050385866585	10781.909096755122	3667.7887028797845	1054.246948299388	16994.94854301174	6632.09422776635	118884.18747263857	79091.6135153075	178680.39471005663	129162.32949087341	80684.02011261182	162561.71384307477	4624.119771704582	0.0	2875.109052261475	71667.46464812926	136733.82393901196	56784.26332684613	3896.9045098727734	127332.3685563082	105809.91400758592	132700.7698580656	139099.48853247284	3892.4392385867354	452.19515005737725	9736.863248439737	641.7517816708586	16032.972263942182	691.9612880082651	17653.61293316426	9653.895595700858	90411.80067277739	83605.60285127984	27767.756295449268	240104.82620531213	674.2207837453051	945.1272403707354	6816.598956049968	106.20438405405936	20884.65010983803	137.21664332948387	34742.2503688329	309.584515550815	3889.693590330654	1810.7427918791118	133.3594723826432	79.94289952277647	30963.57256760507	109984.5775582193	878.3876743823639
PWY-6305	228996.20240881015	20266.644633681895	61088.28946012269	306805.90784800384	274414.71481556277	120779.11326923409	67669.57249263013	65806.67685219432	148942.8062111648	202387.36704753386	122321.39524509732	112118.89076451649	166198.5263862193	31534.028329905243	262826.6456859122	50218.946311411106	257229.50056674852	172483.3570958852	291503.99935445	16988.477218245585	51330.31311931303	49678.632645983176	122835.26811000743	116566.41779165162	136904.43313007103	147996.79389694496	127738.51940473283	67046.54361659699	111730.70365997974	269312.3002273147	5468.802314941116	6065.9043097160375	123907.13823141658	179131.61724877247	66453.62075966173	32342.114280360885	89489.42163619945	278895.44811720145	151229.9980425045	81702.19916226172	25905.36265783311	145552.22251958252	97134.57319857691	9506.651440787044	160467.83068139027	23938.441094025347	42212.92022530683	116214.44250511221	91254.41561112898	184105.05979193267	137096.34363816585	233760.47402736332	161391.96450692436	74120.38779518835	59873.44453262098	106150.20110861983	124593.11542965975	278713.27561533375	178188.42239676687	97346.58526532918	38566.7647519895	148173.06673803573	67732.46240580284	150026.421247832	134990.55573086487	72450.40463741825	67043.2462509674
PWY-6307	228620.79540692008	3796.564112204151	15726.165216907473	341.34759188277826	2167.228174395825	425.5996588323215	9731.872820443803	4867.1076851294565	29.996075742014813	3436.3762977514066	599.7702101783211	26012.96838665398	11526.450372071493	8194.590677374812	77489.803085308	2560.577499418644	2137.610074542919	23.901048856158575	930.804987595281	2351.800192632458	454.1759443777672	5953.787744038738	1539.3458794398202	37213.62693545073	27653.976998871523	67989.55787870137	65430.622696379374	42890.53058485068	146988.57562650117	2658.698427534336	0.0	1335.2177362617228	43619.883351872464	118540.77768569658	31838.948099493948	647.2293639208896	10360.81403546112	91553.91179087073	31317.015717780083	108665.57988996107	1617.0280018482808	77.02186973364363	5395.074975758638	471.51229236367544	4107.127993977869	312.45902481922684	5036.979487908461	1530.9913142930002	49209.242952659595	83246.18914216709	13828.335275954267	147671.92834781544	288.4672345560496	352.0431950580014	2930.4181104705854	32.65016131519443	9361.709921845628	0.8683616398182549	15196.961383502412	40.26998632995046	3104.7230867951303	469.80728480149025	8.999401684219322	14.976066601320616	965.6982310458093	9665.056629841141	47.957232413202505
PWY-6309	0.0	0.0	0.0	0.0	0.0	0.0	0.0	0.0	0.0	0.0	0.0	19.0	42.0	0.0	0.0	0.0	0.0	0.0	0.0	89.0	0.0	209.99999999999997	0.0	0.0	122.0	12.0	0.0	0.0	0.0	0.0	0.0	0.0	0.0	0.0	0.0	0.0	68.0	0.0	0.0	15.0	0.0	0.0	0.0	0.0	0.0	0.0	0.0	0.0	0.0	0.0	0.0	0.0	0.0	0.0	0.0	0.0	0.0	0.0	0.0	0.0	0.0	0.0	0.0	0.0	0.0	0.0	0.0
PWY-6313	333699.6533060361	2882.432812122337	27621.380662550222	119292.27870538762	292133.8893569832	137454.0910296236	163373.0919136403	65080.94322705912	152875.1466150259	37494.94388207752	38894.91810282969	105863.30917068903	370613.374162329	15127.08934220955	434200.0075400791	12678.188567458723	5755.887786640364	254.11522554624906	16582.90832104062	18862.954798399896	15051.429603025512	63539.62610913022	17541.18901269686	211146.62857301344	141122.6041114331	397681.5169303773	285402.68712003634	126725.5832934673	216089.4769621629	10251.123804724515	18530.309998980043	13298.889279483996	133653.43920311183	274170.6404099993	98026.9155368679	32236.763654352268	194643.48756803686	145989.44665874424	190051.76435252704	183263.3175175376	4361.028654443444	517.8319319106741	10157.995541498702	13216.471288059265	38116.05725793662	987.4098593388292	49193.1301366766	9749.974373594165	130772.31997671755	130632.30006023886	102806.62013009745	513035.87844785396	3652.4484075811124	1994.2474791693644	10067.341020499036	2053.2421945660108	28387.204271016813	307.4108835812516	175858.2695580382	4727.065268227156	6012.206512713642	4269.515183695597	90247.34404307799	6257.392358662752	38805.11721680329	50580.89478581396	35883.04957417299
PWY-6317	233809.9978884116	359964.2389549295	300238.295906891	167842.52056282727	156191.31326574946	349491.95479325735	286149.9084035789	456418.99850752315	325135.64665179106	401924.1105765096	283310.8578444249	222861.2460981611	316501.14026475034	178821.03690587002	423119.0049580747	70322.12922541697	388816.8068048819	298142.6012177962	368612.7230862484	159073.47416792082	171493.43726916108	357469.05293156276	173638.29260194706	321500.415828269	324361.5825053052	289952.64129254513	349156.3954418634	325399.08806298976	274384.92952528404	484438.25527204847	829.0408717080699	6672.521372568879	267040.38176085526	219263.03784325998	154027.76769354448	118104.22088457183	260711.0157946499	216256.88364803395	272235.94072847173	232735.77040718953	222272.99824863626	225954.36232737216	231454.74571500614	127295.8199805834	278357.2262595882	60871.05189307797	131459.15110362205	210333.5351110184	161635.66457126482	142720.54113365407	206131.3576713073	258977.20770080126	294528.97248241294	162564.9707295887	160826.3738792244	215316.7936021301	206369.50149900478	387770.2987358697	231319.47777599178	217768.81778425493	153616.40995022006	225428.42142402264	83941.05959098099	243306.98495491222	202815.09456493473	106790.0160445843	277284.65662082226
PWY-6328	95430.6673861694	223.02521981025933	20226.426849519437	4761.239750146745	2301.152055939183	344.5369905463019	310.7605509225882	4979.619996933228	12062.80436616102	7524.98667248204	326.8136601107798	15470.091329669165	5093.035751297804	3.13923908479126	581.3457315064597	45.89708987158011	77.45715255506835	23.235768542889975	0.0	90.07014224464822	1270.3533908122288	9578.959435929013	931.1028340213581	3198.4597895162397	798.1540479405866	784.2593615810476	222.56104651596664	433.61086337881096	3526.829761661738	295.17486503986714	432.554891694874	320.8737929191706	19300.678293624485	62114.25257845824	820.5198923489475	29.488595645336645	1546.7889538635454	97700.35560467881	4412.731661456343	725.8081838112408	145.8781051193156	7.680672368092367	340.6372180171731	301.3202587052395	205.707653658422	218.85131786990527	3160.727043948503	915.6946873270762	13536.600612637132	67626.3154817796	3840.2360048942755	51096.88873329182	77.25262520573962	290.27544775480266	21457.274605517145	37.97370594533901	9272.355823535783	0.0	1621.616616922313	15.512305046045478	38.866607868192986	40.01593369801918	0.7599986698999274	7.999756010379318	1911.1416690374451	13821.754795304612	4078.2674854968673
PWY-6338	361.804306992375	67.54218767548426	14.812144113049598	0.0	6.497341778161269	0.0	496.6266406481458	48.51259872934071	0.0	0.0	0.0	551.723450572805	546.436519243739	5757.125765767679	1479.4378549683101	0.0	19.564309289827875	0.0	0.0	201.57417629083218	0.0	57.201261212543386	65.29155928127648	713.2825782211265	619.495150667193	563.5532988281614	295.5352456570378	419.3305066338011	2198.0041667031314	0.0	0.0	0.0	618.0538657957336	305.6041785890917	706.3090358476194	0.0	377.7136477595317	0.0	2861.39621632611	3815.068326124564	0.0	0.0	0.0	0.0	0.0	0.0	0.0	0.0	523.6759405331853	0.0	0.0	178.3281691268458	0.0	0.0	16.939866960646146	0.0	57.1383552635247	0.0	78.40695116935942	0.0	104.19307021755014	0.0	0.0	0.0	0.0	0.0	0.0
PWY-6339	183.53122326775025	44.214765100671144	6.857142857142857	0.0	3.790849673202614	0.0	250.80767186820623	39.60150200477505	0.0	0.0	0.0	312.87008945652997	306.3005908105581	0.0	891.4528552456838	47.2794668359251	0.0	0.0	0.0	124.16336241078508	0.0	31.29766913176792	38.97380619532166	214.64440832832113	399.8745664271134	348.55933762649494	151.20936280884266	71.61577230951676	1059.4259320934634	0.0	0.0	0.0	315.9809566483701	165.7284157135802	397.6188831318365	0.0	228.15842924847664	0.0	2128.899952691343	284.49827495064903	0.0	0.0	0.0	0.0	0.0	0.0	0.0	0.0	152.58135758363107	0.0	0.0	83.01617401003905	0.0	0.0	7.904191616766466	0.0	29.319587628865982	0.0	41.35964912280702	0.0	51.60394412489729	0.0	0.0	0.0	0.0	0.0	0.0
PWY-6342	2367.746628545552	47.47296777828909	247.51249023785437	4.499886835420928	107.97338862670732	242.71394333536531	1407.3609366035787	1308.2301976981134	242.74276833520017	400.6257901362492	0.0	858.3451139152118	572.4100034252604	14.990090565193288	5632.858435323642	156.20630868716916	695.132455247334	0.0	305.2085682533494	0.0	29.96018957618463	181.15502224306823	59.86349046140925	1253.519089232097	540.1183452052435	209.9260975117011	889.1494401025077	17916.154082285968	6426.50635263563	1262.5594987972454	0.0	0.0	508.705906788935	2523.9148598430365	4504.637399017146	525.2322922533024	367.0380050349635	0.0	304.17510143459293	4437.918385543555	143.76925153067938	0.0	1618.2189302872503	304.2576542252225	490.7511898059123	162.87578728270404	1128.4740933355336	70.16178333497218	14669.31583953337	41.990999561462374	281.4852546673503	70.49354197900732	262.76275695519666	54.489044899226286	689.9660882776625	0.0	122.64572244787789	0.0	372.97190425339403	4.497145916761301	162.75861457886825	17.949550570129343	0.0	23.93878909877688	23.99010847632603	11.998102350320037	5.999331235075472
PWY-6344	49743.13514726449	1383.5405129766768	14858.031455973256	310.33449420684485	898.3594021617844	58.34365916799579	21293.53142329004	12174.150970341761	9010.095249633312	8682.479353276	3456.903288835691	16194.30746275167	21569.16966490026	28425.674461347277	18581.123668057393	526.1752274930805	22.52274952725788	77.52039319884693	232.71212783897712	34177.788972249604	5859.9197727580695	18273.39371828922	8740.5604962102	8822.361403150873	55338.39916723633	1306.8523110068163	2819.7978794744586	18332.43281345029	1968.0238320591693	995.5780081886483	0.0	0.0	10381.177752018102	5945.325566667429	21495.20538287042	37899.33936041289	23486.11937961419	0.0	52197.26944937812	6736.260608267722	333.30094688369496	143.33326874146988	9717.485829037865	491.1661724364786	9331.559644413606	45.59329609163499	13094.609199995	4.967580552390869	72647.37046492111	10093.046260251152	1006.5171067877342	468.77013460484625	1087.7045534704482	203.10013404854595	9704.816672009812	343.6770553414118	6632.209802893361	32.19405103136353	1182.3058785748592	10099.73269416007	6659.735641858927	446.86485795382737	14449.82011706296	554.0756291728376	17047.35761044617	8909.70336702067	27245.639983237474
PWY-6349	0.0	0.0	0.0	0.0	0.0	0.0	5.048783578616936	0.0	0.0	0.0	0.0	0.0	1.8217348933573467	0.0	61.87234237527566	0.0	0.0	0.0	0.0	0.0	0.0	0.0	0.0	0.0	0.0	0.0	0.0	128.8667642765208	208.65382262505273	0.0	0.0	0.0	0.0	0.0	0.0	0.0	0.0	0.0	0.0	181.0670340831188	0.0	0.0	0.0	0.0	0.0	0.0	0.0	0.0	141.50353569389057	0.0	0.0	0.0	0.0	0.0	0.0	0.0	0.0	0.0	0.0	0.0	0.0	0.0	0.0	0.0	0.0	0.0	0.0
PWY-6350	0.0	0.0	0.0	0.0	0.0	0.0	6.308172875350158	0.0	0.0	0.0	0.0	0.0	2.2770652003104037	0.0	77.31720243636713	0.0	0.0	0.0	0.0	0.0	0.0	0.0	0.0	0.0	0.0	0.0	0.0	139.34397875531903	250.20272786564888	0.0	0.0	0.0	0.0	0.0	0.0	0.0	0.0	0.0	0.0	177.73520297193127	0.0	0.0	0.0	0.0	0.0	0.0	0.0	0.0	150.27945658251144	0.0	0.0	0.0	0.0	0.0	0.0	0.0	0.0	0.0	0.0	0.0	0.0	0.0	0.0	0.0	0.0	0.0	0.0
PWY-6353	416271.46506081184	32296.023221677322	100686.62633338122	250121.51796122198	399383.86613019166	262076.83598249799	278744.0773299555	181050.3171793613	267586.99100932165	117255.30494475778	92682.46226453425	168876.31978256584	422909.9299711631	63025.79661628634	530288.4684725159	34759.786392107446	9853.128860470357	1825.2321779928855	32336.372010642455	51883.3579953026	73558.08188043068	152318.76239771387	132293.34128935845	288513.77243918757	229287.76249963007	418883.3511543984	404448.96090012044	176631.19690896675	297165.867518235	35941.32703586365	2390.423357577091	10308.381589545343	226456.1503627304	338357.0026611339	148971.33338849858	39877.285489595546	266620.3298628445	416107.24337071605	307159.06335895136	254805.29008804602	13560.749438158622	5040.6165056212	46819.436618318294	23510.489436563803	46915.12733214543	2611.5062642377393	80111.53137344452	39448.56478627613	140600.77743191505	185941.46928026815	151603.11885337028	482620.3114265015	16559.05334921757	6371.276947741165	59638.88588195076	7155.773557985215	117786.98115865729	1506.4682404428925	219412.7953829814	52953.406817670686	50866.41936240217	34311.07957072853	103020.20980376641	15493.325328501116	120875.18030516997	163879.13092650558	129931.37717002834
PWY-6383	35563.27448051844	15351.247648761648	3945.7149645127656	16949.319790801022	3503.2059051367933	7434.668530638806	98657.44010959296	11896.223697172847	1074.6591090797442	7440.553954084776	541.776135245743	59086.40353406142	43578.98300400187	27521.56186767823	135368.91600827663	12763.091635770656	3743.3541170495046	602.9008584085595	14365.479732969947	4507.1454241012325	677.9944416438022	20271.12914589154	2262.161466493075	117113.89211043082	79598.0125213191	165622.66468773363	127536.72395094416	74110.68014533183	132554.15320111014	3785.5230049932156	0.0	1825.599147797208	39032.780016499215	73982.10676528807	48729.24376807159	4486.525480863649	102805.89809255877	28776.698229855963	123618.33114885303	141863.77388565673	4052.7205628425877	726.4620394401489	18375.22930628067	198.83379812174658	14405.255023389878	666.3061131898081	24932.91548478339	7679.029061278655	71394.39436929008	6181.662233008611	21510.821755016837	168132.11208904668	521.7586967305625	587.2205375646573	3635.039145957926	113.41632393285349	10977.923660178747	174.1192761339856	28196.287526222015	385.2857407306665	4115.9695141212305	2094.1789704311823	140.96996765026174	81.94220674628502	9013.400952687694	17608.180173721405	95.97437578711185
PWY-6385	368660.030023083	358593.2312422172	286654.321389913	445678.19463226	441404.9228427482	435052.0795994508	367224.5045413083	430978.0308319273	323356.01381578954	362600.585616676	242181.11560929928	230907.60244892747	483014.899444521	325584.09970623633	544963.5609967079	153757.10235135877	339225.4573586475	290744.6196648465	400386.6292474116	171706.28755225288	190851.1957912842	347368.4281574919	206051.3453335326	341616.58843733167	332371.7873443942	384905.41104739613	411329.0947232847	312829.1565947264	326173.4390942849	436154.9720300167	6046.9248712530725	13706.084981142107	255032.11985905725	342250.97692214407	194539.84375487882	153504.16797514638	352241.2583806147	381058.2763052242	396309.52365664905	265630.1114629609	256038.22459906028	230557.28202343968	217766.4415605909	93481.6730983179	247225.28133757916	56078.096377854534	155601.25917544367	191875.37132040088	223580.42093268753	233907.06166439407	216364.9708488471	412472.19492303947	272082.8945130423	153237.26762289184	137205.0706164887	200909.50063737846	193184.74999372158	339202.98522206076	265241.8579973371	203357.05335471002	158746.34349628128	212985.8360218009	156360.8659947027	223749.30529837156	247665.348333062	234315.876088849	250438.49261519747
PWY-6386	335140.1394375792	328794.1746388074	258772.6852531919	397136.5265529717	391455.2040251612	391859.63241422444	338101.50098422787	392976.91167666425	293223.0673711852	335837.1671785153	222900.5640378484	214037.95870372027	445403.89510962873	305187.5757719724	491109.6151928576	143805.71769971313	317985.51738109114	268797.28268050565	372573.38709559676	156981.09725237664	177013.89949084108	315520.50402553595	189769.58883431906	316505.8391941264	308289.11534823454	355619.6426097815	374909.7036492538	280994.0869565449	300922.3877642818	407509.7496289933	5127.442886545323	12232.147914971696	233070.76918264953	310034.05294061	177074.21651664606	144276.1656303556	326209.67823196325	340118.512209659	362409.9955329917	248826.27949776754	233360.1822615829	214009.79839736636	200281.43848727207	76456.58154105661	225780.52772508998	51935.335463003255	139651.84493906397	177672.5644062339	206909.4054941332	211003.5194918368	202512.386274162	381484.3884480984	254610.75614335146	143239.26520505873	124328.88513070697	187906.2108893877	177984.58687205953	319221.9182151259	247791.27513342036	190128.42272735538	151600.3968695542	198951.860764346	146125.94173642824	209336.2740833427	229788.61130071632	219599.37501047802	226115.92554698844
PWY-6387	352310.03429924714	345343.6498302285	273434.73311646667	423437.83092485694	418527.06431533553	413379.8344968679	347394.72079911624	412496.51471972535	307915.49466458126	349570.7641347381	233730.46233795348	222398.88349024698	458528.4248635701	319742.2305566851	515356.89731142635	152669.1512659519	325994.2163577862	281011.96760500286	385371.0152315508	164836.27104057343	184426.94331248157	331925.6052607901	197041.32914536615	324408.11957078584	318947.8743917999	360620.9969422721	385693.65880019864	295599.2986661768	310183.0958102853	421627.1468374246	5646.674790250753	12899.747979551257	243473.7732314745	321889.57786856836	184586.58717281919	153260.37429786127	333522.0449340853	360111.64922159066	377056.7624778348	255849.48428382736	246302.49745137754	223885.6751766163	210798.75596121015	87751.58603830732	237249.10008909384	55143.20443530794	150205.8828712707	184670.80151493143	215894.12844257482	220875.11155504602	210784.16673990668	384329.8484865997	264673.01465982985	150756.26784396614	131312.41243240912	196605.45360669837	187780.090554589	325410.06619365135	256326.4546409196	201014.744798199	160284.5017827778	206216.7955413102	155789.6351428283	216984.47839469742	241085.6327017463	224124.7299681932	239802.82004063818
PWY-6396	29452.743241840642	42013.809565266136	16097.265802887196	55635.39240297101	116854.91668317867	111579.32523070679	44067.64271420975	9014.089364360143	8752.781751414132	12377.188567390976	7471.218646258192	25589.657840134365	75495.89463079406	13890.692534858712	120674.35376513806	5356.755032042633	616.2926767729837	1958.8223623799506	1984.8415951747631	6460.7259893074215	14133.472468552189	35511.91031686105	17643.31259756695	76357.3171289112	44284.93245047689	128203.33901389611	150491.35389161465	124909.62344096506	102037.23628915542	4095.510643185279	5483.963759078148	3986.807177678254	54396.199196805086	79574.65753314129	58351.03150345832	4669.482148372283	43345.63136624768	26196.652085224076	16906.6827845658	52993.90197873564	6498.065831831174	665.2718533452831	10603.104180384951	2625.898502005793	28347.800297613787	641.4226774740505	22792.03376951174	8370.139192180273	58882.63232604518	8549.261165440534	22804.312588900368	118604.48540303276	645.360775119842	957.5506071636277	7546.043012708179	615.1660071608126	9840.203843726984	298.0296056865658	35885.24838372477	350.89763529598474	3051.9358737301777	4341.694740614009	518.6201603707307	392.6404771058244	14394.987602277597	41920.122798473254	35357.91267806775
PWY-6397	3615.366440559054	882.2815852456855	663.9481994425297	18.717054094610805	146.15076362604006	271.5754051645875	1790.0670515493603	2128.798780508352	154.47103911251224	906.9075954022724	34.9076466201653	5993.654339945379	3236.811587333032	3922.9861837661524	14941.652886341008	2900.3216172492735	365.382595536378	69.19188017264645	3424.874752395731	855.128526038009	167.21325291973758	2615.7659759891526	445.32181123131267	5945.489863855273	2661.9166604676857	4943.36005647681	7886.171965120288	28496.789025076687	10431.56330926712	1180.1360838187713	0.0	0.0	1477.9017840635872	6032.713740763004	12750.2117605028	338.73809086237304	2026.1862834891042	8.173618515343225	22250.509245883237	16800.367629606488	712.6753070157451	3.9261066968539264	7927.842846169065	124.97231738428927	8679.848236557633	181.47420526281994	6071.885785553442	1279.370452534974	18632.13000290597	66.23184635134972	367.6157109281594	3211.2713140656906	140.35120088616895	166.78346549561175	803.3617695692394	13.988498336566957	537.4027733701971	27.58023005587884	740.1956838516227	11.572380412526151	390.3121376063618	694.3195181256584	24.745210145000392	19.663399685009995	1226.6121528600818	581.2687181295995	14.935607866796879
PWY-6404	13752.331463631059	3421.127682478739	2537.2572114642894	74.81896275618345	577.2470842076297	1074.3930219198287	7003.4474344872915	8066.847429844874	597.4522236867426	3484.1008698406454	137.56901098764143	21180.80837126969	12267.022678269792	14210.150253385795	51637.299656618605	10448.363307492988	1408.7180122481595	269.495886383985	12374.063029504696	3217.550611918136	630.4224517864096	9911.448563953732	1670.785937183146	21809.544095064415	10181.54526672872	18553.60874542658	28948.928961662165	83433.26837045813	37581.23065378898	4162.862347453589	0.0	0.0	5711.560183023551	22319.551089873203	38974.539265943116	1316.1452303772362	7880.1569410196935	32.68912220992028	70355.8101027448	54809.40437146031	2710.6666277841127	15.683754247863193	25011.08260446722	436.8289667292976	25838.321605120862	675.1663413326029	20238.245491759077	4743.730815414894	54658.25106904578	263.9181866065698	1446.1591441415965	12363.390135129124	525.2929182499188	623.8314448959367	2994.5051571027066	54.42613589645767	2091.5354616987725	106.38731078889809	2872.538314262617	45.95080185614806	1510.0651472159511	2500.8805728338843	95.22221314266142	74.59572852859256	4650.188232296767	2288.4883840588996	57.56307901714714
PWY-6421	13003.516408825108	1254.3203489214316	1448.5948425307795	10310.2654409791	1784.7887457621387	3892.2171785949513	65948.92327288	4190.479569499243	554.9741464107633	3568.552097987214	120.31146079559605	31403.683374486925	23808.353290659725	1236.4572961481392	84152.49146969027	7662.32531642104	1911.4595259644414	211.47636644575664	8010.457163981844	1675.1251644911836	220.94613382633628	10131.448802075369	544.8980979888673	71062.23008622762	47084.64375927152	99389.6060178393	50956.61900886532	36078.07334578117	36113.52653121551	1041.3632310426467	0.0	242.6967651655047	23385.69290369647	39284.50656901103	23225.905666250725	2116.793963549644	71344.76608369392	16591.62740705015	90428.76189139669	85906.55183801931	1060.1966338066677	214.6357746911397	7481.582158713074	0.0	2881.07473527951	0.0	12907.72230117046	574.8980426161837	28149.011316348555	3221.4016413316212	12968.198514876225	111696.30102004824	119.31671920457383	187.1687556259064	828.5417047464991	18.52832512315271	5108.727725943088	81.54551788202508	17164.56970872158	71.53689330805823	1067.0510247912612	813.3643234731281	28.89739399672037	36.53788191653786	4368.601671265311	8174.909795339368	0.0
PWY-6435	235649.64913239324	1633.9206313171346	41414.17114644089	71908.74212694445	147075.41041892924	66337.97005914326	158768.90417693174	13418.846881592666	97274.20499624424	24915.023953403714	14324.332182147358	66409.25297207745	199328.27604950784	1451.8680023772085	213023.8368291962	7637.833019363	2170.6761046118518	216.58485828699196	6904.076772849811	7886.283317637247	21793.572659874346	35639.324535231295	39971.2949364597	125839.51713170447	76569.47391794696	284473.67590612755	207540.78057007623	33311.73439906435	81272.02736268779	3937.871522682759	2329.5602369655758	7921.6308503742475	95083.7093684162	232617.55798663254	40431.66011663138	2673.060853222019	131465.98300033587	232509.00394013379	158162.90714916142	111742.37294187154	2202.606616492356	320.67456976838724	10127.581846993031	2593.6454932021747	1804.9887412873843	442.72328231563	26676.13074491715	4690.938305263553	45871.3828719892	103497.66110926712	53454.38946159464	347658.5317731884	840.2550390858742	753.5779519602738	29829.79465623532	106.92724926829919	30888.134828052876	144.86625775451807	91951.42524902898	257.29011438764195	3518.327830185391	1960.1805985260182	191.27337737601113	2128.80901665544	48485.18999765453	107504.58433317118	59195.77192854388
PWY-6467	158046.28000000003	328.31999999999994	27858.719999999998	31220.39	93808.13	41058.22	68259.59999999999	8015.48	67813.26999999999	18857.9	10020.539999999999	28648.42	134967.04	1889.07	155278.80000000002	2938.96	981.1999999999999	29.430000000000003	793.49	6202.49	15157.539999999999	21909.470000000005	24732.26	33971.81	21117.2	90630.91999999998	72611.75	20308.419999999995	88719.49	2018.8500000000001	4846.429999999999	6608.360000000001	50902.48000000001	135022.41	23629.109999999997	143.71	63491.44000000002	140995.81	97584.87999999999	32646.659999999996	1134.86	60.75999999999999	2751.46	2343.0	1744.16	249.00000000000006	11387.79	3047.3599999999997	36400.94	61707.06999999999	27135.210000000003	143843.91999999998	514.0	485.8600000000001	20097.06	60.0	17397.13	40.75	51656.880000000005	34.56999999999999	2704.42	754.0	83.57000000000001	1456.0	45564.8	127420.79000000001	40366.53
PWY-6470	220174.9157245669	321842.9248918692	264611.1884574264	423707.3419651946	417038.4217950232	391747.3013338128	304094.4880003225	346530.25352928817	262726.2477406728	244799.0596088236	185424.42849578182	185894.27543523104	375511.5942993074	186440.18259860502	389971.37596747593	39215.563443742176	79257.9974637441	180351.99369619795	74692.97891898401	151489.02947160744	156147.28271729493	301933.42684399366	147308.8053898265	282581.3829541154	294085.3506443505	315295.76081431494	330100.88197645673	252881.45644868194	159152.12301294456	102743.7897976836	0.0	5650.469091455427	220500.03198148546	242717.50852108083	164389.78370716335	70692.64628239676	306415.16848712973	323246.00885389507	280598.04767796193	180584.2702541748	238701.17552575754	64459.35346114463	168076.45434005937	23680.746743458458	88572.36265607776	23068.61683248537	106381.5317871791	112444.23866220577	135217.12528312576	204126.553743864	84006.72875277119	305387.1535964543	9345.43219957154	33248.94069892385	109926.50299492489	20338.586906888384	174894.58634961437	12954.159216276576	91899.03702295451	148928.3462317882	42247.564483575065	55552.575506714966	76817.02721853703	10098.289819319636	79187.50881192624	137027.8035190764	219550.2817348296
PWY-6471	135942.31810604822	341572.29155686457	270512.92148494575	412717.07929808163	404974.110432479	393399.2529482181	258670.0872706493	282199.452342083	207990.78015476483	128380.06567122176	53756.1521269957	133831.0461336225	378424.50375744724	27220.907054807005	280205.7863085503	18268.293450833768	15367.78277386033	13930.289766669805	36614.088135460406	143321.5687720766	128450.84798808055	257306.2629232688	126407.80322708446	257930.05556019145	248867.21823168025	274497.8400323916	343628.85736677365	157207.4602588951	144275.55548515875	29745.215003025787	0.0	6077.813466810253	177279.09567120185	210571.00297941975	154923.97422153677	50111.06043238795	289046.91896503256	297915.45209819777	206799.91596624066	140078.44517049918	58086.61549501339	9820.573904030105	146824.16345237356	6074.898768620777	53363.314341434874	5354.802200156025	80765.35717010057	28804.450857469616	81399.48854004359	211137.86048490508	10348.690622232798	263558.7336073893	4120.719424429825	19144.404005020926	79757.21303476	12367.223918643775	71154.88455840031	6281.4083469973375	22815.678767583348	789.5456679271383	11087.948362662493	22555.72967145159	43085.06878177274	1969.8626185057128	47749.66476199966	94028.76800990233	196165.31555362794
PWY-6478	41697.372255835355	703.0447100527372	1848.8085864912011	14087.636346261166	860.223180611515	266.0422385292118	12169.267803441538	9839.676157530606	59.90594902143351	3230.7962960820446	331.001431857061	9247.93869323023	7646.918954547877	7896.45796454843	11136.95885123785	1341.2671409421891	329.71791512065687	110.34264901343501	498.1950563727183	3793.1423125554143	10086.826860561492	18458.426397318126	1925.2864652869607	4293.132860845971	4780.609211151685	7461.044492173832	5151.708133434906	9344.65634630972	37981.43880290292	1193.9259780678353	0.0	557.1903122706526	5698.419602246982	14498.907732677157	11480.101083386735	410.69213769084064	1218.9326944227973	187.91118391081216	5821.712921333615	11119.359809313797	1219.4638900562052	57.718068799504536	3774.810783965426	272.5745332371268	2388.588638085682	42.67986798679868	4929.214505206172	522.4350229555444	23515.995598290592	1649.9006545488596	140.6994171043807	2965.201127278013	106.18369847138281	56.173617736437336	560.5667761829073	91.86775635339609	1741.488048254342	19.903413821815157	374.4042484734348	50.6713746160059	1026.5091664472586	324.5797216840703	26.903278547839847	27.290430230872396	3414.3827505217637	6735.062458055296	18714.31357884122
PWY-6486	1067.7169354875734	325.18596991773603	56.07287110247597	0.0	108.9057832578448	12.27662608817983	416.2645228364322	264.84214084140666	37.83853177431706	230.61173355531452	0.0	3197.3883042702428	677.4964823978149	97.74542906996395	4544.337526561404	7.482757026916751	45.8553581213016	0.0	21.84754188986857	189.43396155362132	60.81906189838554	292.9385523627531	158.54334440482515	2692.7151552327396	2116.5270335385417	1190.7747852616696	1702.8030691724198	4704.699735230466	10708.680696208898	174.0670948008267	0.0	541.3782045513232	814.4751068263748	1040.2723782132268	523.4646138520837	9.759627494374993	310.95810978482905	0.0	3515.67424163289	10513.149287786526	68.35217504305959	4.838151581554735	378.45256305345333	0.0	419.11793656318076	46.29258517034068	47.26110514987541	539.21975106221	3590.154909945443	14.99777164267338	88.96819368366721	257.51527689122946	17.74048625792812	27.551681250364325	514.3996981152364	0.0	64.55296296241873	0.0	76.37421859259871	9.272534576544528	556.4667097313895	60.02019023001114	0.0	0.0	83.1774002241728	851.4232153260344	4.153498871331829
PWY-6501	165302.27311817004	446.81666825054197	10163.886708569351	265.80916368744704	499.79053662323486	288.2117874634337	4040.9729438124837	1464.307646954821	109.51106074302847	1572.8775667542554	260.9096230352269	17848.085407332735	6600.59337426114	535.9137867015622	19560.21072133013	1745.2691973265212	95.05253933984122	17.65909090909091	318.6327866307285	758.5580622761354	93.08424068767907	1542.5744293424336	459.3194324044213	12277.565158141337	7386.580479587916	42943.89141797888	27548.07297265562	10077.985691910068	32490.71612809422	339.18087372635244	0.0	1255.707871554419	28259.401116944522	70855.73630768275	12423.604997384133	207.54844249727074	6441.421321282066	65625.14095387809	20331.998448849114	32266.752268510663	276.19758396053385	72.26902990709408	950.0601761334077	564.0585967617579	576.1263474896934	162.10526315789474	4803.264496755385	1540.3520695983145	18963.43030937364	57135.77518194571	3926.205887382692	60006.097973419186	91.43700340522135	191.98871167147277	1986.3795155110106	12.444444444444443	5312.233263899911	29.813664596273295	2519.1026861678206	65.35422966491295	1305.3075405458203	294.4358988880501	7.344479099549033	16.656584432296878	1891.09750826025	8848.80381295004	12.701821668264621
PWY-6505	3503.2411196518897	47.740084408899776	682.0159293405277	0.0	7.8897881080407615	151.15729943373566	1207.49185932983	900.1931496684605	172.47857350129772	935.8496106094699	0.0	3780.267340435433	2660.9281193339552	150.7587792743285	9893.238100123775	998.6635413975242	26.463516788817127	0.0	253.22911016382744	261.67381943967837	175.37262260263228	578.1904627922221	901.9252089381256	4473.417832759497	3793.921857634658	1553.4469518609073	3110.6601233031224	15568.285509472416	14863.706876582453	0.0	0.0	0.0	2395.6780055041772	4320.493054547721	7760.197898944961	30.04873653910845	3269.7495522298523	35.756451814144846	6889.103502434801	13601.319626539398	0.0	4.044467483446207	261.4174126600794	0.0	3148.1276148885718	0.0	600.3973192264418	439.17823267746957	14666.384688708216	121.0180579361655	169.4186434264811	3989.558952440356	83.36620848668315	74.32031028522468	262.4070003414549	0.0	24.156173903815226	0.0	315.48987552034913	8.86595752341023	122.24259639233581	199.29201749366044	11.44857169817169	0.0	2595.9677756537926	3161.017171357259	0.0
PWY-6527	121525.46374353133	202094.91842330364	107120.79494429637	55378.81223588203	59104.92223102718	174924.3244954229	169953.2346006555	304714.40513527096	210889.76960977932	174741.46834785855	154890.96141962364	112111.30891729717	123964.086946999	162595.6502826937	221652.67356862334	40671.99423177885	88486.254035829	117512.09271351715	63582.12553971348	78767.09413465248	41706.327222312146	208187.99958506704	43117.01445112722	167778.9377650865	167445.27368912572	191168.18531536238	203413.37894305805	126864.38549265453	173826.05924094372	59226.88968162152	432.43	3482.8805588976325	86040.725729268	128771.96534665726	80348.85443721231	61318.15212042565	147220.5338544299	83366.7676287244	119769.81860301536	153530.89193920762	150884.580669839	81573.40718823884	147564.80976999158	55225.68109321869	110820.35421091995	37066.741466502666	112389.11720857861	102859.81351028981	111434.63340995564	92626.8033872651	97255.60098915573	190835.19146285852	66301.21499579636	91810.36935680854	82275.2763548583	77948.24736492735	135274.17665905578	65868.03219849593	105354.88972497873	88877.02535220828	175952.6696763808	80887.97503603269	39652.60524276656	71130.98265419452	99222.43765268102	63553.324243315066	66820.820999264
PWY-6531	41882.219780864376	638.465331876282	17395.68550756336	5807.138816448074	1099.1343939101853	4742.376338150651	23108.226322805072	7481.925969635559	241.1399799120338	4308.2802853711255	668.5485645995155	37850.712587103175	17275.101916196458	9951.949999542565	55066.20263244131	4447.903696161658	960.8933657278131	144.13205375853528	2565.798772969171	1999.8886997681836	287.216970691926	5953.275873234489	1060.1689900334402	52641.46554692134	33148.84386977575	57617.55075885348	40482.07897552154	60541.24019737279	34238.94107372383	2570.600776488182	0.0	1467.0850202463164	33390.86850405401	42075.27952960012	21965.51713008433	3502.611121229221	41162.11478252861	91607.0182948219	33962.22388301378	64560.68051094398	1460.3750351377714	75.80466413036277	4862.8831531240385	579.6034832921132	10791.869710253446	467.6581646244393	13722.767015331983	2582.024975352682	48349.79451953232	71210.81252302855	9571.994866726822	148528.3251702137	575.1723241333017	570.339105936547	4572.666391815125	21.93989657525505	12387.686917051718	95.14386293786364	11284.733796025985	104.82623523957707	2357.29789216099	959.3383026096701	0.0	36.10699062618815	10625.939613648847	18359.06221534488	5.999839771423887
PWY-6562	176088.4845122699	749.7388133514228	11803.94077261011	27135.22674896794	27869.744242328296	14327.447476414574	27241.511433747757	3785.875894963177	18273.337114783655	7960.730419334438	2619.0163752942603	23053.76520567663	67764.57665773631	3153.719434789298	80049.50501298184	4980.355407841456	62.95600732548084	59.9325102291779	5451.975539777964	2223.2602104157777	705.5466983491109	6878.878945937397	5166.612068057174	36807.97433482386	16510.007990923918	102917.85947509014	85918.05087147687	5029.323197093479	23678.048089823646	292.9249503152035	0.0	984.6327062483567	44542.78971926261	115209.78565864383	11397.261983641347	291.4879885224039	33280.63986943123	73869.99442812779	24621.567993206285	16308.912308594994	2120.9316913869507	205.41051131141253	2277.1694340630306	339.3655252239111	410.0148072416927	185.9212022143756	11892.126561467481	881.8984144588431	20607.969607947336	92692.69087576789	17393.64054691751	148550.01318724855	415.73500929399904	447.26437014919134	1996.4180697873685	19.672389210646706	7360.206102104139	32.28086793855894	21307.42069030652	245.39081301532283	389.58596009537365	973.8769048510089	123.54614698853482	191.94138973354052	12189.618853138823	18990.553581415275	2404.02734565618
PWY-6565	203879.83062082005	73.09300274103266	14132.153866036706	29518.100523729518	29301.35130267734	15226.997642094968	28772.064446704408	1649.3072185642868	19147.370974987625	9391.654723370231	2710.6895182361914	27379.405202894905	72760.0034291833	8.99396286707127	90311.81900685493	89.53462834840414	0.0	0.0	1135.941684575302	2581.4835061628155	435.55576611809875	7067.963337593491	5299.770853874053	44788.87054224845	19893.100109594994	119917.77859726029	93957.02276675178	635.3219254136541	7576.883442373494	243.76111197616092	0.0	816.5069097765181	53131.37082819531	133095.311637482	2773.850558283654	37.29446906810949	39179.1534805915	90203.99256249638	3199.286235997523	1133.4267245007563	0.0	0.0	505.39549645184763	396.69743631745973	232.36585259012315	228.7549297279169	13258.399704699203	933.4626053685414	17866.41658519901	97859.69835681975	19164.36104604251	160362.18784453676	491.5616699311968	532.7710088138411	2518.3031574634097	12.631928374589851	9045.99389563863	0.0	22517.70909878976	0.0	57.17150590852493	1015.0811610454376	123.57025329487028	195.99725055938785	1147.616695953328	10734.635235832528	20.942863161922258
PWY-6581	26.785054905944378	0.0	0.0	0.0	0.0	0.0	80.02998500749624	0.0	0.0	0.0	0.0	40.7462431061958	0.0	0.0	0.0	0.0	0.0	0.0	0.0	0.0	0.0	0.0	0.0	13.83406113537118	0.0	0.0	0.0	15.643434054817927	214.55284197433932	0.0	0.0	0.0	0.0	37.83465273608438	0.0	0.0	0.0	0.0	45.83948067276482	347.72054945271674	0.0	0.0	0.0	0.0	0.0	0.0	0.0	0.0	4.214455405777395	0.0	0.0	45.42711676567772	0.0	0.0	1.321553318265872	0.0	0.0	0.0	0.0	0.0	38.430481800652714	0.0	0.0	0.0	0.0	0.0	0.0
PWY-6588	45076.16913999585	1204.7625220469342	2269.7544058121593	3454.631541464302	1340.262740165943	460.92891169683253	26160.007620119286	58188.97330202753	206.88993768831418	4181.733332078493	1117.1464928154296	14164.845797159982	13321.115827006717	489.1584884603251	27358.36533888315	341.67897910219386	1852.34131560625	378.8065064905924	971.4970209076268	6533.348948830782	12943.529494496215	30533.065310483824	2021.060148270916	10370.803578896714	8799.345362843284	25290.253936976478	31533.931644361677	29309.679358375954	47853.10879490491	4872.184852165111	679.1985638190968	1355.7620926981435	8357.567844923686	15014.499737888738	36064.21577571608	409.11551203446237	669.0153951564994	264.21159468664627	10370.560184335176	25172.873452970092	871.9963951944313	125.97321502912048	3480.434718842697	7176.198841627777	18146.43684334617	0.0	11225.120061152273	4195.425126363713	40639.199126288484	1599.056975279637	735.2306210472331	4687.217913650125	124.97558310545537	185.8712125324172	1472.9111659126395	1447.0118036388358	877.6116918891767	79.99359576184975	620.5510174062334	583.176398247854	2085.485134303142	671.0994832550098	100032.86695250121	24.658894607235197	4224.248845608	5608.894202917192	21659.350853405846
PWY-6595	350732.1167052212	26688.681930376315	69356.84713246279	204807.57204129334	264476.9122335284	219849.19952513702	200146.9661856064	132624.16637103082	195132.48826467502	93502.25215321594	73052.36918596848	139268.29349915584	227518.082811454	41482.5052306136	372687.3991940459	25399.74933236358	8060.714666502013	1492.5050048667433	26268.54487699385	37297.84824563841	56664.45721724406	105145.1468831311	99985.25423118954	214451.5092288092	185643.068996915	281651.85629305505	318289.39595458086	115504.81268593975	204063.99864091323	29406.127743577774	823.7515416369843	6318.943058992786	206238.56903686316	266021.16134016414	118745.94562130577	31090.75711345536	183398.16408069333	344970.94533862016	236081.25491635824	196494.38829047486	10490.336056399288	4119.644777200874	39088.41825334831	15351.67208172582	38326.66739280341	2100.007312829723	56040.75633433037	31939.413927178837	114033.0249597222	114286.91553692221	122534.17378854212	280870.2102397963	13562.198508314763	5222.980686901263	45370.18464813878	5859.084721020381	120508.75457926918	1232.5701055458676	165317.37806316925	45423.1026712683	32991.54952735994	28111.004145707437	107430.00278771232	12685.039045957437	97195.40454117321	103141.84643746428	96140.66904341672
PWY-6606	475753.86809257447	52144.34973881221	93961.98543655999	343584.22569694975	315318.6434682792	301428.0832230456	243177.31478816335	146616.51058662077	259116.93730849744	218455.98191285066	130692.0878985055	145145.79488545444	278406.00520222075	45653.63829115472	451633.07121844456	39828.743727525856	265336.2561017943	166708.7269352875	275853.64164004585	43191.442160369275	77622.69083569618	127359.69660275633	108818.67007376516	271366.8523473697	194354.35030686666	367748.3107870621	419742.19884418184	133768.72829164116	243524.18088494975	292323.00403336575	6983.697394996563	9602.05489957351	210856.65121814658	342984.82831204456	159860.9995813386	35058.74259517725	224035.83197984393	375874.4341792437	254663.54212929562	248102.33693132244	20134.624493411164	135415.62428893885	110850.45798393074	29954.13125237513	166561.41825353223	9525.86392721038	85831.68764181208	123123.68877959487	139675.90493267195	181596.99655193742	129441.03604707957	357680.9808935189	166278.0717878099	70546.0741471639	51569.31383815238	105656.32528446332	157888.88870438497	281387.60282434337	194242.80866850496	105047.7161952341	36830.28857393864	140332.57555826163	145623.4731077378	147633.0981484727	154132.1016244468	120990.75873439969	167121.43944328744
PWY-6607	475753.86809257447	21424.593698380704	65044.47470088914	180447.34017098544	278235.4540778568	203515.36836083664	243177.31478816335	146616.51058662077	259116.93730849744	74012.9833968782	61215.86831428463	140167.65392425732	262654.3682353914	45653.63829115472	451633.07121844456	22453.122655538733	5434.038612023844	998.3476032861654	18181.509801583714	36442.452876615935	51208.73932825816	127359.69660275633	101426.16757996623	271366.8523473697	194354.35030686666	367748.3107870621	419742.19884418184	133768.72829164116	243524.18088494975	20325.87136984939	843.0486331606168	7268.513215317084	208520.42121141104	342984.82831204456	159860.9995813386	29365.12510424343	224035.83197984393	354548.5616482676	254663.54212929562	248102.33693132244	8501.157745398199	2777.195900350407	29537.922199623215	29954.13125237513	27850.380330406584	1512.268188262445	85831.68764181208	23524.94108879391	139675.90493267195	181596.99655193742	129441.03604707957	323197.31245379266	9301.441032734914	3567.9386869529585	44006.89690893231	3979.931494923078	107074.3309411305	823.0376179064905	194242.80866850496	34917.559059437015	36830.28857393864	20161.525636312203	145623.4731077378	8718.040713871478	84212.47074865836	111549.43922992486	83748.27958281302
PWY-6608	317471.4818829114	18114.27898011879	58367.43222600723	179396.49616813206	315318.6434682792	187986.28249404198	184123.61321771238	104907.41226373627	179134.0827396776	70753.53832936526	56566.33964083723	120892.53427499945	278406.00520222075	43281.80200829045	384911.7464774996	20392.01761845993	5426.348712232819	997.5541022734043	18133.891670560417	29474.001907965703	44670.65083303125	85952.94245888713	88336.14775887973	195213.34096795888	158602.76212503735	288852.93348549405	302115.69170931616	109773.97716850702	223816.90519589462	20167.105035490964	6983.697394996563	9602.05489957351	182466.79228678936	256025.26912552022	110427.84867897218	23218.472255749748	183173.41543698334	325913.04075273086	230379.25376757153	189642.7625742854	7146.258622203763	2769.5945601643334	27828.680101783317	11452.115647068742	27327.55981818013	1423.6360977031582	47525.92129350085	23058.497779264173	96828.88492094573	113098.94149632128	107939.33777433343	357680.9808935189	9229.6239221705	3528.9727718200234	35391.12424719135	3952.9638943925083	97843.42351472897	822.9179183678717	158956.3264417777	32760.889588716007	36465.782725676334	19809.95472674147	101579.38640551767	8657.598113050799	80425.9464226628	120990.75873439969	83712.01079666973
PWY-6609	530702.8952335118	286579.66932397435	472199.47875133663	719834.5145797413	707873.3159697141	590890.0709362765	505728.0173800181	733248.4921119849	530203.5626850997	635892.6073574575	429942.219113181	359791.14287462924	742143.0756798629	320997.303008704	758474.7915773542	211788.6249419346	644499.3079391615	501789.97928317776	694915.2099948423	265005.2813996094	307454.2046437502	563186.7682269522	329445.30870999594	512029.2782757746	522178.71905017836	535714.8550034898	487980.3680817919	426730.109464957	332897.8738996581	812146.7868170618	1038.5119907563608	9482.52909335142	391240.8500222386	440487.890059672	215298.37450421252	262983.9019495276	445062.8081222681	545288.2571960503	462783.9015034164	303706.50975651696	388332.7778162185	399439.8043104054	366650.78960969934	162261.3807965454	432916.2122740624	98888.17549027219	216873.7503014619	345893.83611941844	231389.0391083241	347680.48936262797	366352.588285789	538192.5088081207	505440.6129284875	272221.12900534354	228570.50124206886	367450.4129721447	339255.5176510583	656123.0290274977	436835.33282572974	375083.08903590194	274740.6140172613	391661.0702724508	293260.8603485735	418073.53047281975	382354.69570704474	238693.8769209056	396956.3642783855
PWY-6612	344113.573082064	183917.19981710915	211010.59621627143	385166.0808325326	373284.7592007616	293157.29692272097	259965.82951947002	150273.7533920013	219521.31368558118	241734.04882935746	152263.31777656235	185610.3132663045	346437.0520131469	115997.58516963615	435457.31424690626	71920.03605688317	148035.19753533555	143317.20909588414	104157.55035415734	81224.91296590795	133340.14736266123	195309.7897211839	156119.30106932545	274230.5095506349	248304.84079551735	336436.6966946129	349750.78272796783	292728.65077389363	273678.9735201022	251813.32728266282	2717.047517894389	10538.734598206007	211762.01555817202	329087.49710898526	163991.6886443098	129474.9294862105	276333.6597388569	350251.8062416259	334363.50383986917	227399.58712715795	127177.58244856256	120145.76849896827	151769.57548248602	113793.71250726283	153054.5738377478	42899.78281099953	117089.69032983406	115173.76803168087	172898.28922072207	198122.2328525875	172150.12135646344	399336.97397951194	169603.88329801624	109515.86893908886	108639.54237347111	136247.94842393714	134761.16297984304	114935.86483691333	213686.22385223652	149242.77233374494	139753.93798876143	125382.82513919464	91824.26897685157	127487.93227221859	178675.77220536236	186004.96506553245	187272.03120382907
PWY-6628	444598.5585461105	126009.55387406024	256966.54073489204	384247.6080028334	386489.9787794818	348963.0670018803	300969.30685758794	318208.18962139956	287740.2460056687	271902.5272409005	184133.07710476295	231432.75634792037	387195.35426112893	252143.66113361283	478606.0272607567	145203.013519453	181065.55677586305	217246.1806525755	261462.94653816003	123501.7618817833	152654.2786178839	276619.9189433275	170442.7311553542	309630.8698547484	304505.2056831381	347620.3684753733	340585.0650205085	260069.88977847598	277287.1823135185	294437.9324999597	2818.2763032475627	10223.590577502857	255595.7962634401	301752.6347013697	170471.39879820409	128493.15581367098	293131.9544878009	394729.28543125786	342290.356110575	250117.31188390346	212714.96814099225	168306.78622230457	218008.87443183587	52485.67379680362	142691.6586794592	41682.37383621836	142499.99592327198	136023.48431942638	207624.3040333275	245596.98836763066	189028.8626038543	423311.5622451568	191475.44495590433	115455.4860862248	120422.58303446062	149612.1497902729	211817.20937845466	140937.27741052106	228406.16592565554	189532.49971948666	148532.14850345397	140984.13856496627	133218.8013003518	147288.21497402902	196661.3480700445	193847.6469875581	231136.8027293556
PWY-6629	0.0	0.0	0.0	0.0	0.0	0.0	0.0	0.0	0.0	0.0	0.0	0.0	0.0	0.0	71.4902199176923	0.0	0.0	0.0	0.0	0.0	0.0	0.0	0.0	77.980415542939	45.49142164050883	97.47629491757031	38.996007466776476	0.0	0.0	0.0	0.0	0.0	0.0	0.0	0.0	0.0	0.0	0.0	0.0	0.0	0.0	0.0	0.0	0.0	0.0	0.0	0.0	0.0	0.0	0.0	0.0	0.0	0.0	0.0	0.0	0.0	0.0	0.0	0.0	0.0	0.0	0.0	0.0	0.0	0.0	0.0	0.0
PWY-6630	416962.51468439377	127647.1464852186	250834.86886236904	384357.9698075832	383300.0703060071	343213.61470012635	300098.86983634246	318024.63246658246	287604.16850210517	270607.5035704263	183975.2826857849	232529.46970896327	382316.53317977284	242347.11709061172	464682.68193421443	146700.9740313085	180631.96315668465	218258.58648346522	264883.69846168545	121879.30229965378	144853.00296777504	273274.5248673029	169633.79299070296	305873.6424754512	299614.3881325666	346446.2449527157	341617.99902639154	264065.6794115209	280493.3163255549	290290.3137234898	2742.303950554349	9946.867917936324	253271.51991288498	294951.14433736826	169818.3962441598	128501.37248106633	289070.8337147206	383085.4083053123	335144.1638513705	253239.6192251418	214431.20521058023	170015.96493754638	208125.7398037365	51959.84428445106	148474.46963073642	40497.51160014614	137210.11187041903	126888.65085399314	207578.8247372289	239105.5522456666	188751.7302433792	419112.566046332	191506.91324274582	115420.41329806893	119547.65520336827	149497.17819587048	211723.77230443034	140798.95183974443	229266.28194288095	189521.07338401713	148426.4980427371	141000.77373863157	133244.60180034259	147223.18744219022	196398.6744615987	190551.5495823043	219012.4485595222
PWY-6641	4047.5219854646257	71.50928860055718	566.2246404890615	734.6466717180007	1085.0924997364505	1020.3878413025556	2336.499346412835	250.92188159877446	119.92799868245986	890.1078125175366	0.0	1757.2228539105208	1818.6615652864357	369.2460432644372	6186.133772928548	455.22614490657674	17.999723340685144	0.0	165.32150712224967	771.2629808189449	493.3978640155757	540.4449663266039	635.2222349466396	2628.7797236193005	1411.0228755018948	1718.8594948397983	1581.776147545902	6291.875440827817	23354.79769785186	393.104811631275	0.0	612.0018779795026	2516.6714142568912	5031.9194097337795	5835.439518753822	34.32905590764987	3710.3687956363215	3539.581767180178	5828.470304577946	5920.992134050376	98.00290364088423	16.96936930734091	206.6991816307897	99.73204465373024	413.86709108854905	0.0	10862.970306477975	0.0	5707.287775522339	248.6048129180191	457.2761631474841	1832.2840045537484	135.57755742788927	169.6720197140536	1019.3042528260252	13.845900627734048	296.8640667925735	4.951435304866334	254.6220442753598	9.807571447847984	800.3135746106007	226.54754569753587	0.0	39.77659013093095	1469.7603076580783	7359.558524305171	106.92274256093417
PWY-6644	27.891489736588433	0.0	47.06275222772371	19.16113348717657	0.0	0.0	138.39454160543596	0.0	0.0	0.0	0.0	33.951592703266	20.100874498344382	0.0	37.95402490961937	0.0	0.0	0.0	0.0	0.0	0.0	17.150036202337166	0.0	901.7184170531567	654.9414588890932	396.2967528409683	398.25460300649365	11.766878014231441	0.0	0.0	0.0	0.0	0.0	85.96163686220214	0.0	0.0	69.4090673776306	0.0	105.87534509748454	271.69262064535104	17.653591820658715	0.0	0.0	0.0	0.0	0.0	0.0	0.0	73.98404166991843	4.144762316179913	0.0	0.0	0.0	0.0	0.0	0.0	0.0	0.0	0.0	0.0	0.0	0.0	0.0	0.0	8.846030649849382	0.0	0.0
PWY-6654	0.0	0.0	0.0	0.0	0.0	0.0	0.0	0.0	0.0	0.0	0.0	81.97194071321849	0.0	0.0	11.999707049015077	0.0	0.0	0.0	0.0	0.0	0.0	0.0	0.0	0.0	0.0	0.0	0.0	0.0	19.9991343279828	0.0	0.0	0.0	0.0	0.0	0.0	0.0	0.0	0.0	31.996917848910076	455.32787010497987	0.0	0.0	0.0	0.0	0.0	0.0	0.0	0.0	0.0	0.0	0.0	7.999901085589838	0.0	0.0	0.0	0.0	0.0	0.0	0.0	0.0	97.95453950393072	0.0	0.0	0.0	0.0	0.0	0.0
PWY-6662	79.76209237926615	0.0	21.90448539220218	83.12484872179984	0.0	9.988827136159216	23.997503303164958	23.94743561779435	0.0	0.0	0.0	45.29569088591698	33.97218849414233	0.0	119.93935384498344	0.0	0.0	0.0	0.0	0.0	0.0	0.0	0.0	0.0	0.0	5.999905575598334	0.0	141.83060872984876	0.0	0.0	0.0	0.0	207.2888570723538	0.0	0.0	0.0	18.9986079160486	0.0	31.996441933259515	383.238867036044	0.0	0.0	248.19937534356876	0.0	361.43879871442414	0.0	0.0	0.0	1126.180475562436	0.0	0.0	0.0	0.0	0.0	0.0	0.0	0.0	0.0	0.0	0.0	78.53463128219114	37.02170972798402	0.0	0.0	9.998966316004818	0.0	3.9688544769995007
PWY-6672	4184.983238517933	129.44072259820857	278.92235720398315	517.0943566958357	995.19330556592	413.6358647055716	6534.179936886743	224.27084158421883	55.48442728724434	1243.9270525947136	0.0	2323.5170708775595	9203.246699923224	187.5053083887349	7806.179074258321	382.5507586096273	30.15749587608155	0.0	46.186160468128435	210.79167033630668	153.68681575655302	552.8342895960635	251.3483579667034	3867.485886477119	2094.2197554776135	2295.561738937542	2129.9045829696956	5629.007809619027	14748.934507028936	1076.1848019386653	6623.336590591819	3597.084325717811	22292.869299130867	37969.72264110783	7995.329650783857	80.49123835082668	3956.1033955951893	18233.43881822748	4216.284587545902	6584.770274850079	317.7438533731325	57.51962276657228	98.18992840060957	3226.7735205956	125.55900699698901	0.0	2967.8264167191355	1616.4772788543069	1797.383815836558	100.96705950789355	6985.0225961168735	6960.463090192412	26.45617713729551	58.73920595202898	337.00296476227606	15.41417187163472	539.0450165684008	31.70619627466058	3594.387168616196	17.48598686728895	302.0631768620828	63.38436846101035	0.0	31.29679593290612	19131.06872627224	14685.672856844772	18.157014370565566
PWY-6676	4337.569053700372	0.0	238.6778802884492	0.0	193.81979615709028	15.928462028367411	883.4476457258363	161.61549941184725	0.0	1685.7285097653569	0.0	2160.4564540382685	576.8668961709647	629.707044328108	3314.4448703469798	289.91113956797966	21.222456154529162	0.0	29.932538241876703	259.18777141753964	19.987425732622178	228.72558934279652	145.67984835946538	894.211637327095	897.0551018539614	616.7112391769564	637.6117360219017	1864.1457264359685	17016.702117152123	276.18144491237587	0.0	0.0	936.7441962901783	972.0135048258869	1896.476769907324	0.0	204.40494052455358	71.63833006325174	3549.418184083463	5859.285537604473	302.1853678045673	9.762289535006724	817.7760572794087	0.0	0.0	0.0	0.0	0.0	3668.667369651768	7.999607921144084	41.507991689607906	986.146162456294	0.0	3.9898642622514022	197.45188095666492	0.0	57.81979563361361	0.0	91.77419555678013	0.0	631.772521189734	17.96297905085347	0.0	0.0	809.7642052853781	949.0990151281746	0.0
PWY-6690	4441.678716794476	106.06440778519894	7376.4170897291815	16.48631663384669	610.6755424008658	229.13583034836603	10687.643966102729	1441.7498076823285	337.77687191589786	1791.2081211453963	37.61970920840065	6541.460712340761	4579.8894885838945	14.657668046554422	9326.432005050547	188.80654571553399	508.0334709457098	18.538186424794524	298.51118043683846	322.97530605162603	78.95405384157505	1914.3116461801987	456.48283546637816	5681.872712384315	4550.638076425355	1769.462206249947	4474.052266195485	25581.050557734703	9268.72518253134	939.8187810267674	0.0	408.30932062506923	3156.098982922172	10465.114250442131	8573.11776868802	378.33848103386117	4161.645593868555	722.5085240827254	10786.127645503293	11997.261983322365	179.81696340202174	5.493300332849706	1676.5678224185115	204.7496022158053	1865.7920248585353	47.65520155497339	1062.9363816494283	67.49241150147017	17087.88097308174	375.45432830657074	494.4420527659132	10565.53180880685	176.05074927236726	229.91293818596915	719.5824627362733	0.0	4617.793158090078	24.96872443824279	800.188700940439	23.11721404303511	384.8839443157948	300.4725857789088	0.0	22.149153219995732	3795.253824910451	15423.202789522491	234.16868729164145
PWY-6700	290545.186613348	146723.63646471294	240324.0372759439	353902.46401160955	365752.3946424454	361413.0192148256	265267.305012948	351420.655109598	280760.6339223555	294070.2491692503	197454.23099238196	159111.33811938614	400897.44813063415	264613.83896050917	390496.3084746061	124277.3624312654	277546.22733610705	239111.52659607242	323776.6503519029	140730.50830368104	164192.25167116453	281665.1336364358	171122.5072614856	217281.91883254552	236752.44626861883	231413.71555044953	271685.6447777623	242361.1813777026	151959.64116646367	358755.7889681821	4846.93	10166.765276960614	195788.07010167648	260627.708707968	130690.65556114864	127146.37131757583	237860.00456604452	301846.9611758269	259873.89702457024	110909.72491561994	203844.05374519053	188909.3695129962	170141.72841825435	117001.20158816189	194819.0890510934	48172.79969425612	119931.46944493789	152531.62444397926	145362.17877513712	187854.57628223603	170338.31478039184	246589.60001679094	224646.36432077346	125867.57170531624	116874.8895173865	165517.11017623503	161476.15570646315	280251.90979482204	208752.28860770198	173649.57453718488	137188.4045453179	173307.4728761447	139790.62951292616	184204.4283634071	196079.7138254701	181924.62687721424	221566.86183451407
PWY-6703	232261.92907433855	7726.041447478575	41287.67632881293	45793.55277759609	114260.99875045888	52635.67315427994	96777.81255183075	25955.96774441062	89369.02309894546	29783.023009952998	16683.177933738116	42401.462782481976	160684.0644395437	58664.92312898341	183249.5684009823	3671.8921168228994	1605.7772839582606	2688.3919829148713	4094.6683387612884	12253.126371811812	30721.547853438355	47884.85688267928	57103.76547381585	54599.39377513129	31797.769495111617	117314.20919463392	94779.84613885367	43089.58112296579	127107.04530322214	5578.66567134007	5501.969426247009	7693.94086194716	73030.5304305485	196712.90332050074	60823.00942863272	1411.695625582125	91323.18870545583	167957.5289101024	123013.65601948657	39981.46883854426	4037.1539334691383	1824.7918592559704	45702.48374039282	9136.63148191492	14398.32130575311	1674.2980567126926	37165.89631849884	6632.824402933342	90419.52457114527	177251.72249694195	35588.27224710372	252422.85807918332	1005.5002833989245	999.5981391030854	32983.847332049525	1051.744428179015	36117.3801470652	88.22978614842044	66608.90571150981	702.342217132994	4853.593323869851	6385.893603766458	18660.970015719602	2060.0223918763786	47947.539324260295	136252.3079162161	65303.619421467905
PWY-6731	135787.38942728037	212888.62022110447	170605.51839901778	83443.68264419855	78186.73136795952	171958.34207493212	184668.3756719305	349293.09280699183	199287.363310126	188763.16079686533	143315.98224756838	98398.52435726585	199217.43407785808	177806.54344369879	181189.4517261424	34903.0153309884	103758.98518823298	112899.28612270039	50124.762303862095	110519.93124244822	109706.81557089387	255748.46235704262	83834.473253351	150840.60432775144	143939.35941841034	108082.2142936259	113566.61222653768	228864.8037351221	70685.79199812585	195406.31655616994	0.0	3210.945744614446	53352.60431263349	98471.12527386345	48951.21431169075	98655.46061301694	137574.5807288307	80446.73750084676	99721.75963663559	68967.14337191646	186611.83363545354	99547.87050243668	80101.92958214802	50705.6586421023	78129.56236656594	29348.14909153645	88279.85072889128	73877.80257325199	52326.051826750605	41374.85798160295	118970.22980313473	24328.283156882935	138245.31062379002	98335.25690590485	103744.81059133886	117227.23232794362	88563.64789585747	78132.71941860308	127971.64705415713	132007.81358356876	139164.93723454874	86517.05560940581	44509.81034088876	97292.03562582216	110547.51804127339	73166.93747111372	154220.28051500116
PWY-6748	1688.4870168448226	26.80204111841026	779.3885253245741	3.9995014225110728	280.8859498961711	47.97274517520407	15820.167631870667	2169.395023945893	15.998450359583455	5621.878304901939	0.0	3363.9118357366965	3179.7555098033827	276.70101797706815	8606.846637383704	1507.4986183224682	0.0	3.9785265349550256	310.957149698934	980.9183966783523	47.18842827312484	1245.243587575148	144.0559439344724	4585.516105243785	3872.3341847457764	6901.850353606531	9502.531341845715	1299.3777641185916	20078.11602045336	78.64645716423735	0.0	964.8582884373236	1385.1893799511151	1401.0114135945466	5524.583384966116	32.69397218094165	27781.424668497206	6766.702361271411	29739.809880730612	8761.476792969832	218.6875223020482	17.588684266292244	280.7944250743429	0.0	234.91883891023994	0.0	230.64320607949435	834.0380742535181	2897.4715713449805	37.947852772259196	254.08728596900204	1914.5544165885406	0.0	12.17123886902039	98.71101196504094	0.0	213.11237756329757	8.741180746428004	561.6041264123198	0.0	202.27795360721174	178.79575338641453	0.0	0.0	2918.815071534429	41004.65210254167	27.46795390649159
PWY-6749	42728.802778989615	7047.995349726587	1995.0182839663798	46611.59733013838	694.9399055113513	96.98705374319586	26427.51318590352	59562.12476132707	50.65614640335078	3447.193332568001	1067.5273699110464	16640.481798750945	23338.046254555502	27963.937128881556	12512.867278718542	103072.12133153732	9.1998833570842	78695.29904249747	126506.74236327234	8580.912187241145	14885.038933623598	29688.677593550685	1954.4307756962403	5860.141406124999	18110.15236025156	6263.509452984334	8286.196060720853	1944.738982725986	16169.549721515004	3113.279390474756	0.0	0.0	7072.072194931795	18744.4579899416	20046.4675281922	35528.24894762541	2537.258904511405	187.94737104132793	10517.527992135105	4458.717572480749	88046.75175774397	43234.12009084454	653.6503134906279	357.4797443957209	14173.933429161352	0.0	9509.254884209342	61.5900611541868	66742.24380070831	1412.0413124182264	51.99391478717821	1179.9898866674612	20.799266522275783	21.998427646898097	79.47602893080361	1399.3702652761258	2983.1008581848737	87.98948094903733	52.334891244218205	537.3985887228754	121.9591424266374	322.62375183792295	94619.04149317133	190.72356555829214	4065.0003569905834	5321.651298795031	23040.92358374042
PWY-6803	22318.085725023808	289.5508517958795	29356.15944050052	60533.00006410782	160923.82832860542	68250.9395849935	97884.29866691119	9591.545382753377	107829.34242420497	25291.318173443546	15990.235943986316	23950.392086896314	208316.7527131097	19.138980777136442	149558.00065145615	1642.4342413540437	109.75558493101185	48.834938250012854	952.1130155644225	6613.409435407043	18313.945795514766	30219.796394631714	43331.421012724735	52795.79269691003	28222.247219568424	153561.10982784285	115176.93160617283	243.42609078150804	37130.49871570966	1074.030302776082	856.5499772646776	1847.4502112115526	51792.14809573857	136662.4321018525	4947.066520742453	13.412810413890512	68067.24028275252	156199.83215819456	100676.30569633849	750.2311340357113	183.47505798978986	28.843708597147003	481.05824571094377	141.55863940813379	35.99241278389712	43.64694983624016	13544.082561878497	675.5036949030119	380.5488967067097	25858.769168558327	42681.92181909533	176515.69885226988	722.8000165105047	475.54444445925026	26723.460458859845	59.93997856377278	20460.406432100215	1.4989566717364693	85420.91915974546	21.115198121071458	1326.459779087776	910.81136336664	160.7711387322733	2374.161278909977	43458.85764190982	130393.57584286439	55376.56215748559
PWY-6808	1572.4865040774619	25.382810337728422	290.3465040214193	0.0	0.0	68.81055531549356	283.9868697339203	58.12094584550035	0.0	244.24882904689755	33.658976598123495	1522.615680588412	902.3181052300367	0.0	4634.8617198270595	22.450013563617254	70.48055956538829	0.0	0.0	89.14705899110766	7.234942184595432	416.75100951403675	263.5914880828674	2997.013846295181	1295.9478440346309	437.78590594484666	1360.1082503233458	8632.164265603988	1419.5770204324217	89.89213390221832	0.0	0.0	666.3169771930478	2332.1594153223277	4724.2996575771085	60.58106507096943	361.64313493966426	9.999787556147611	261.6206906973147	4866.694538890263	288.0117078608236	0.0	356.65531461758894	0.0	9861.274512604237	0.0	0.0	209.7077969470399	13268.481476652556	13.9014715667319	29.107159655344486	1314.1779385993214	15.862741688603327	21.5243475571208	242.3000821067754	0.0	0.0	0.0	60.75163800648637	117.97287301126228	35.72414389225327	215.55869266722794	0.0	0.0	109.56532525732236	112.25302371024237	0.0
PWY-6823	303823.14914821927	71811.69093189087	89862.27576314281	163938.7448130199	117070.44194145544	69708.28664759999	174128.79393175835	104434.39392342967	205996.56338380874	279258.80674985173	166461.45052524548	170928.40664378792	199083.1709551817	208018.19304350755	357188.61181475694	214492.30869439637	344391.47340675525	293809.5410430851	479522.10311072256	35363.474553073385	108330.64844168915	89861.7763001957	174881.75388061508	218128.40170434723	197131.35184559325	282126.33953684353	214686.1361750894	182796.7051104644	258816.28050694504	430354.0592178043	5538.858667204961	8084.185700993513	199850.65664777186	238285.20233715037	97531.79032451069	102563.10017335747	142671.43750077116	191343.42890538592	276833.9529517192	212704.65772898155	142049.8057181022	243193.69857829416	163683.3942138718	120113.97766887973	233343.88600647403	47011.200830641974	83136.12197995772	162303.63711945742	134821.763479784	175884.17241857515	206291.5832831522	401346.83366233035	273195.18621714436	142230.3266415902	91750.98302004286	194462.7279582606	208375.31162653305	361425.828285302	251578.382785794	213596.66616509194	139235.21723144536	213924.76520302385	130091.92353924784	227604.57274168188	209533.18988943324	99898.58021737203	136137.68937221344
PWY-6837	31578.64527156522	334.8077251580235	3488.0034474714407	13727.207999622031	3394.39162827965	6697.3576559525645	59659.22400699911	5847.0190759652	1045.4943110374547	5556.937166485083	336.89237178586615	25462.79888347849	39155.65043935614	228.20732419600296	85623.85810136174	375.0986772039484	120.75168945363266	31.118310508127475	600.2785277353257	2943.068115240354	475.2102184847909	13153.85281199575	1457.8685107575925	36128.13018275321	19411.156865490215	89171.14796528044	64774.35353685437	8762.882088141303	27437.02288166263	1282.956959616541	0.0	677.4277821994497	29902.419210912714	57208.7528937989	13265.950897600334	90.6762977374798	39843.75577903458	27909.057764332425	57992.173086742885	16050.238388368287	486.4754566499384	55.4529520123551	760.4238343127497	197.3254292722813	284.0962277228741	164.61043142305215	8848.029512938354	1424.3873421434955	13298.887073220594	6465.548702990875	16626.327653022294	120956.75301350413	309.97402597402595	350.10745325771353	2291.1721989438793	46.31178707224335	8251.935619879827	27.69186602870813	24475.305010865315	25.461477109586856	163.04583966978058	626.6752170070437	74.14556285178236	77.86096256684492	7856.280264560743	15605.678481615025	101.86907430347883
PWY-6857	446.4268308583539	0.0	0.0	0.0	149.89998591612098	23.99468415395591	113.94306578603893	0.0	0.0	351.61116929748687	0.0	385.80344218631217	272.7142831191061	14.988696029990413	950.339719750033	0.0	0.0	0.0	0.0	0.0	0.0	20.99694120194667	17.995038710122188	633.2909239806595	104.87825132079321	161.89641091654974	293.6424130320225	227.6433859574849	305.5893027731187	0.0	0.0	0.0	77.95799061695952	230.8203067528434	0.0	0.0	254.37028270784867	0.0	71.97775941822852	657.5011258876617	71.95696879928578	0.0	0.0	0.0	0.0	0.0	0.0	0.0	248.60198310603639	0.0	0.0	0.0	0.0	0.0	0.0	0.0	0.0	0.0	0.0	0.0	0.0	0.0	0.0	0.0	0.0	0.0	0.0
PWY-6859	330322.70893001184	286503.2027938477	219503.26326785094	112322.09765523051	159925.82582153153	293623.1572367795	255097.65801348852	315516.8127654818	192962.21793231304	154073.41412806048	95331.47543852731	131811.77968219802	264589.00291925285	49316.97336794991	292070.22169160657	23175.317562577173	69483.64641721112	86881.94756002017	37303.32787706473	133289.3143029405	114939.61741204193	258956.76024758336	138116.5271171608	243483.08173253085	195643.39769773852	295195.1137785557	316465.9472466358	116897.63425522092	148029.1899949088	184969.98062533414	1581.9380506362377	7787.388128665042	150008.49141414094	256426.62339381262	111178.10864001929	64827.50885993792	259623.53152282798	293404.41869056894	213320.27332930744	182430.91339962787	166999.5389510528	54458.28655289236	100085.8927741152	2857.843185898539	32638.77200544486	10263.50298284782	82536.7525874325	51717.42933871411	121705.56419999248	200324.29336850598	96216.25067141418	337372.3342349332	109916.6517597768	42351.314806438226	96037.06219804587	76920.15892573423	72260.87834698349	39902.69115967562	109707.28403862442	104108.06153122016	34885.89845004734	47880.591445592814	14064.588060002594	58131.87977210175	65172.72419678068	157274.63073048033	179781.91400035183
PWY-6873	260.7218564622403	0.0	71.96118002753896	0.0	0.0	0.0	819.6864540926816	31.970864062038025	0.0	47.96830043317617	0.0	1099.0313088448372	1075.1579691431941	0.0	1894.3544991456865	0.0	0.0	0.0	0.0	0.0	0.0	660.1335440630739	0.0	378.5272788447244	358.7319726373247	3057.110914391966	4882.777367855177	311.21887499439646	825.4294519057623	125.98942023236083	0.0	0.0	273.2719194495083	97.58361436153187	0.0	4.633193435179058	1591.7218779201216	0.0	1965.43660892387	590.6993751747942	0.0	0.0	0.0	0.0	140.44699666185898	0.0	237.41860818265002	0.0	202.58970299028633	0.0	0.0	215.94346437171737	19.0740759155677	3.1961276321641097	0.0	0.0	19.1926016203431	0.0	0.0	0.0	0.0	4.793874442449088	0.0	0.0	2501.4480569439297	1910.6429991299365	0.0
PWY-6891	133662.2876623625	14856.572158061243	68095.38793239863	119312.8178590164	126995.70955804912	54724.00184012782	99988.40996417346	49896.99570553573	164886.77898182525	184423.9024212599	113833.01163225275	83347.6916091028	210602.4649934986	46191.04491937875	194938.99304234606	112523.70067564367	235035.70054866187	182766.39924655514	306223.3796140778	19294.726360179036	100945.11897347376	68063.28065864641	120686.01153437629	95472.19605577175	125984.67843032812	135897.91585279242	110858.12618156146	52087.80560631896	22379.871367943644	250555.6431342999	0.0	0.0	119355.90417693963	119037.38404857734	54251.13988806198	70161.71964118247	65140.59543930953	136528.64055405764	129064.08163469117	16200.379646256062	76975.58601468362	150216.39613315216	93180.59645736672	9051.693009838336	142498.2352700441	25806.979491883656	39120.078224044046	109772.22690918273	36933.16181554214	140891.22483883196	111169.25998553276	225862.89659130847	151698.81194788232	72759.45884487817	71706.78212183548	102244.4503891609	130133.12082099197	0.0	156195.8504783362	96472.37903954979	19338.671607041855	135045.94513125194	30556.857001439883	140408.1989290494	130877.79670116848	72521.31949634242	107215.10245618245
PWY-6895	219393.24765164213	6755.302009892451	55994.17031892426	83555.1004254683	143355.84070054113	70747.4153737695	165277.15635937118	29003.961879518087	123527.42142253065	50978.57788267523	24028.14140072156	106926.76594543003	232348.5401576774	40036.821311291766	271246.8131360993	22906.6777459704	7165.178507345021	1503.583041979013	21049.12643530399	15468.724841870371	34122.25409649438	60898.56750880758	59798.074889254814	155540.62804525852	127100.1174581831	227830.4935189344	181981.2563565933	102456.17516638135	80266.51088571103	11237.841397000762	3739.6030901724766	5475.989521910261	124189.68786802095	190062.01729452665	78218.3538253249	6162.245538237949	135320.91950803844	202896.8663185329	208101.8649703812	59077.01398793048	7411.419991091948	689.2332237669658	30394.096567030287	5610.159471834528	27664.612382393858	1241.462164252345	45641.98205232849	16782.34491385332	86255.53435675969	116276.79091085677	77305.89392809804	299850.0792926018	2012.6301268485715	2031.720866094975	43056.28884136273	269.1634748946533	50038.31152837424	296.1251418831433	124270.42847451165	582.848779813169	10162.74514213418	9898.86757404824	14829.71602259273	3709.7064629684933	78797.13361426274	128999.13035328432	76728.42754506152
PWY-6897	256325.94035795386	212206.95813109606	271688.908451073	425567.8350513125	347109.67406043224	395396.74605308945	328962.93237735546	427165.17806372937	281965.9984017026	369157.25627326313	245461.2542590798	188388.31074748083	349702.8235665243	195121.36266970064	356353.91618481895	159447.48674346384	355497.8684696572	309441.33064439974	418300.7612151281	143481.53151813883	191846.5009447542	307603.1751299945	197769.6341482712	288561.4371408813	304002.9855378671	288910.6657076446	277649.50643773645	145038.63559002124	242482.14296180042	448004.90504998545	5889.6374185799295	9510.543367319424	214329.62943219216	230202.64121393743	146883.94318854777	158244.33691090916	275469.6062230382	317223.9888708992	294433.90906355623	194634.8511612125	262895.6048986632	239300.62890760484	194711.51847587805	55358.53551532846	233868.00128185662	50843.967557153184	86245.6683671514	171891.4567501535	156222.11269338228	111615.69913093337	196056.88586740213	348951.2533051098	282341.8982300869	151621.04291174214	105073.58538010878	207081.87393734948	191426.27609565892	355653.4823777843	222455.40753926118	208788.3545771047	172144.2940385026	220772.7575536538	152919.48634124178	231020.8262932455	228971.2172949021	167913.04612204424	231664.05505387532
PWY-6901	336132.9682313854	202111.98108244702	181792.41083047242	106668.30027140166	150113.08106316827	249148.90963629977	253234.7035553717	319147.35865082947	236070.6877143365	160301.1084124043	130998.74672525279	156743.40039878277	269298.6331171015	86099.43761586837	342770.27887496946	46168.0713479097	36773.683762986766	112709.11278345886	59941.33184521863	106839.50871212357	115671.88458621397	251235.24829687754	88448.82806370479	240452.0755955946	221182.83671798417	254591.28221767332	249405.07092523496	211368.4127907764	269348.7486163775	42574.40691346165	1933.3635101408254	7007.394878577585	176510.07200542802	260109.4570178014	121510.46244095382	46374.32756853219	219754.33436329765	300644.14440461714	208321.60664669424	205573.58530574667	159607.8724966532	34688.358248870754	75580.04259136983	5186.7898954905095	66508.45985461974	5872.4457682035245	91507.61583346114	51270.58564243916	167595.33626030592	161879.09021598182	62193.239007043354	287166.7511494275	5378.613846934954	7275.198965665794	100767.11244678442	6533.553832959412	84152.40557478182	2842.515476263209	69356.15978010424	1434.6196341687848	20533.493002719133	9930.039076257028	21215.97629370256	316.72639549158947	58958.026984920376	134485.28803033667	186359.66938748778
PWY-6902	338784.5702889438	133247.62914520167	81375.87087626492	16745.477307761375	40369.24970766482	113649.56080630918	30442.322217606827	19454.606226282365	47011.32791672165	14184.064502527717	2773.860680532226	61089.83756213795	33168.70321247873	30186.930641638402	69233.74445738342	4786.4648701683955	1920.8161174229347	1265.0339400562468	2223.386626142103	4485.9912419139455	10792.66560506873	45846.463667897624	10746.372252745574	115957.28160139041	56666.7351611572	313781.2917850009	414836.29804022564	170030.24020718818	137894.33894239497	6574.077622652597	1260.3261432625463	2476.862966394028	101353.48692937547	191528.81265841724	59130.15690016997	26850.48917345817	35261.22205872815	221222.16614620583	35571.7255992248	77121.02829962771	13150.57060804148	850.797255977488	12071.467941810268	573.75013915155	19104.042608611297	1351.4416946751792	29478.199576510382	11918.11477028437	99916.63874078577	145110.03338547528	11289.010796714789	159170.91353639556	12961.000456757462	6290.063757616797	83859.41018187623	1297.113140300783	25083.930564320108	1461.1419504399107	8914.787707525857	19697.99385341734	2924.582607164955	1870.3797206770466	3712.3229453514177	7442.426099630359	9150.99713494758	58288.00498658409	12518.148479526451
PWY-6906	10375.433826139879	183.2820289740997	451.436425282608	375.8645046878175	616.6257406367553	255.7586033787588	8315.241928315116	2546.788395938507	23.99859226878907	1314.983812441738	0.0	6983.512435526475	7083.128440714838	461.45968326448883	23375.971159120145	147.75385826938	37.2654135395011	33.82576190527791	253.87089295782283	2255.308889146245	676.5463465638004	3293.5629619495176	401.51691335361926	7064.320519120902	6027.610566010284	12373.57479023832	20039.639248406784	12202.478124803909	31162.18896101846	848.988581993635	788.4730910644869	3692.034894438243	7428.27687914914	3642.477794994397	15573.921179644118	115.94738002912557	16057.426315800218	2872.87955220903	27735.64367145385	29238.479573422075	529.0715050212771	79.97982137630068	495.28416723978063	4032.003636786888	1821.4164698384864	65.94922827206652	5488.090026475413	1975.049020358971	12620.298118613318	6795.239339182738	359.57616151856615	8745.56591283931	115.97000249904865	109.95177179273256	305.5690075380874	17.999022787155806	481.16925524972515	59.993556403023796	687.1913168622891	21.998549831070303	2080.70374008188	226.8516975079287	16.498903805014592	7.9998248232562466	14871.888693246428	10108.38117790484	290.449990853219
PWY-6915	19.671460016114786	0.0	0.0	0.0	0.0	1.0425508892833426	7.162220555957382	0.0	0.0	0.0	0.0	0.0	0.0	0.0	74.67282460172981	0.0	0.0	0.0	0.0	0.0	0.0	0.0	0.0	45.018344822025526	0.0	0.0	50.16259705888156	214.4782934196663	146.91289480097612	0.0	0.0	0.0	0.0	0.0	0.0	0.0	0.0	0.0	0.0	114.14866679838072	0.0	0.0	0.0	0.0	0.0	0.0	0.0	0.0	0.0	0.0	0.0	0.0	0.0	0.0	0.0	0.0	0.0	0.0	0.0	0.0	9.132604228717529	0.0	0.0	0.0	8.895612708018154	0.0	0.0
PWY-6919	17.819599109131406	0.0	0.0	0.0	0.0	10.666666666666666	6.122846667671136	0.0	0.0	0.0	0.0	0.0	0.0	0.0	63.50515463917525	0.0	0.0	0.0	0.0	0.0	0.0	0.0	0.0	188.11143188128642	30.04580152671756	0.0	107.78635797494323	503.38926441351896	104.87455197132617	0.0	0.0	0.0	0.0	0.0	0.0	0.0	0.0	0.0	0.0	90.77104874446087	0.0	0.0	0.0	0.0	0.0	0.0	0.0	0.0	0.0	0.0	0.0	0.0	0.0	0.0	0.0	0.0	0.0	0.0	0.0	0.0	0.0	0.0	0.0	0.0	11.617021276595745	0.0	0.0
PWY-6920	59.96512659032044	0.0	0.0	0.0	0.0	0.0	145.43259074969635	10.496661920457752	0.0	0.0	0.0	148.3754339129513	28.493938054944362	0.0	104.97600024948696	0.0	0.0	0.0	0.0	0.0	179.87797901394325	7.498941329214733	0.0	25.49835141976994	19.49848924308985	37.49756508337696	14.999394792016576	0.0	760.8722110799558	0.0	0.0	0.0	770.6264702687296	0.0	0.0	0.0	14.249407583099146	0.0	37.496904250431385	47.99578044153841	0.0	0.0	0.0	0.0	0.0	0.0	0.0	0.0	420.0246530843068	0.0	19.494374806962448	497.79279779710697	0.0	0.0	0.0	0.0	55.40263615028266	0.0	2.999901721596992	0.0	31.410825256054242	0.0	0.0	0.0	0.0	1996.7652254069533	0.0
PWY-6922	54843.45436762057	4269.091057726844	13611.13432188408	94982.08863747651	173200.0790166968	87955.78144041872	67488.91100298286	15966.925786357871	103355.11118050745	35500.540162842284	26187.074255524036	49342.06694089363	181085.52013979963	23379.923159014048	203055.68249286248	8688.749511032409	7025.134259413598	679.3677048797456	7673.41078484293	8694.341503208618	12296.54559418232	18371.16469210157	51145.658626265984	84186.87378414793	61827.91878287169	184527.20423130077	152705.01865985995	59165.3013182876	101836.00867275076	8051.72376782251	6036.138325599497	6968.372568944237	59802.352439309725	117296.53152896032	52991.94829276243	2537.019417794315	87376.54983419026	153956.64925316634	125175.01922076581	83321.97894757194	4750.520549745142	540.1656330927877	18695.161627691406	6356.771585918256	7151.3401690744295	1048.739219525921	28392.60118812558	15422.824100257989	71729.40206156365	103317.93682454126	54228.57560826781	210675.98470262322	1802.3816203952672	1510.4686655654343	17328.867169404883	335.2238734475793	37410.55809815755	152.795069255397	94889.79531494148	226.3325701960458	6479.615902434701	3205.363825319667	403.1081274452147	4323.117514217103	70843.68278318126	68869.94151273152	8971.272752973971
PWY-6928	0.0	0.0	0.0	0.0	0.0	0.0	23.829991167852775	0.0	0.0	0.0	0.0	0.0	0.0	0.0	0.0	0.0	0.0	0.0	0.0	0.0	0.0	0.0	0.0	0.0	0.0	0.0	0.0	0.0	0.0	0.0	0.0	0.0	0.0	0.0	0.0	0.0	0.0	0.0	17.94416869340694	0.0	0.0	0.0	0.0	0.0	0.0	0.0	0.0	0.0	0.0	0.0	0.0	0.0	0.0	0.0	0.0	0.0	0.0	0.0	0.0	0.0	0.0	0.0	0.0	0.0	0.0	0.0	0.0
PWY-6936	300910.2387556428	143454.51271018447	124377.64252184551	336874.08470065193	360571.0796828463	276362.2437833948	301769.11570104124	322497.46837288194	247034.0083102538	107930.82762418367	97538.86234890061	140223.5727426202	317902.55341712513	71835.82705347273	419351.08260225377	28803.717689794637	22138.81671272497	71858.55510338327	39708.9887788299	77983.76545969633	51777.96513961596	240264.18727661567	102534.63554494763	245832.23659585917	176667.02111120473	310314.41165332054	253136.8231533529	304851.7199977071	228528.61526747196	37751.51823638331	15804.816779486153	15583.680436870418	166257.23150178016	307204.23310452804	130488.40208108819	12849.710972646591	248829.30861473057	369022.59286509384	320171.1331407615	205067.12765130645	179223.70715402096	17766.684532904932	105732.89682657833	17765.51685942797	67745.09813361544	7413.718265797204	101243.66680000839	55411.98311006733	176519.0867612648	289113.10703282134	69428.46349338269	445812.14310928923	3055.7026795543743	10742.817739661554	80425.93240013559	1928.1171127458913	60369.88242321138	2912.2955375788038	113876.89158729548	956.7025275875745	13425.52311683458	19024.182089404643	16751.43513664452	3406.3236779337003	103603.78581468342	199382.7640129422	88076.84712265398
PWY-6942	23.371674631228924	0.0	0.0	0.0	0.0	0.0	34.97693340901481	0.0	0.0	0.0	0.0	0.0	0.0	0.0	618.1732577049048	0.0	0.0	0.0	3.71325949009581	0.0	0.0	0.0	212.0913690320835	614.7132369580617	391.3019898602601	139.48000763544798	65.03014136598244	412.3637275288532	0.0	85.06196783028976	0.0	0.0	0.0	156.7702702892774	0.0	41.67177859785726	0.0	0.0	47.98697725257986	302.24850254773975	0.0	0.0	0.0	0.0	0.0	0.0	0.0	0.0	27.5129349396359	0.0	0.0	0.0	0.0	0.0	0.0	0.0	13.890416793169225	0.0	0.0	125.4098806532469	132.16848201166985	0.0	0.0	0.0	0.0	0.0	0.0
PWY-6944	17.780230084980165	0.0	0.0	0.0	0.0	0.0	443.0213560925798	0.0	0.0	0.0	0.0	158.2474766914865	43.02329700705649	0.0	349.3147408943837	0.0	0.0	0.0	0.0	0.0	0.0	16.657765999212447	0.0	57.794811182551484	49.243715128415325	78.69604122068944	0.0	0.0	2482.3942248177073	0.0	0.0	0.0	193.83622379174312	0.0	0.0	0.0	54.431191041108356	0.0	35.569069980576096	127.05077033801146	0.0	0.0	0.0	0.0	0.0	0.0	0.0	0.0	0.0	0.0	0.0	0.0	0.0	0.0	0.0	0.0	40.94394834627393	0.0	11.742781686667465	0.0	0.0	0.0	0.0	0.0	0.0	4390.157298976402	0.0
PWY-6946	17364.293186527633	801.3681208438694	1484.6823943939253	112.71474727515259	560.5284158225437	1568.4250512206975	12036.033276719349	5730.958082015312	464.11473706965563	3339.495220303287	96.27175521028272	20584.61321691567	11803.925127323515	492.4483872727751	73436.94047876644	6999.044337815437	1097.3109259263001	78.32931417408348	7109.369765108276	1043.020272888785	173.03856799590633	5926.862534156424	659.1427981044861	39021.524981533425	20020.54172790825	56954.81954957868	48130.7607873916	40583.84772973944	43836.67673016424	1808.0157775271746	0.0	0.0	7442.555251548221	26395.019718669868	21196.448233488903	1065.8466978764657	14146.901219597365	190.48778128742964	79435.0839426753	80281.70915559569	894.203005674218	105.62347436230951	3492.767204659984	217.04290608029893	4495.870907347338	163.65734433996667	6435.628891340036	1640.9710801924598	42432.884989363454	612.7825157998317	2264.269962558018	21200.474594400446	360.1317367806165	315.81066621572654	1682.0925091143395	50.28378567417184	856.9198340087172	53.32815697407148	4491.234122457737	59.5763487552093	1506.9283524312903	632.8077351314761	0.0	48.364353766956796	3127.607525439759	4759.4031885363365	46.26994280884862
PWY-6947	0.0	0.0	0.0	0.0	0.0	0.0	23.829991167852775	0.0	0.0	0.0	0.0	0.0	0.0	0.0	0.0	0.0	0.0	0.0	0.0	0.0	0.0	0.0	0.0	0.0	0.0	0.0	0.0	0.0	0.0	0.0	0.0	0.0	0.0	0.0	0.0	0.0	0.0	0.0	17.94416869340694	0.0	0.0	0.0	0.0	0.0	0.0	0.0	0.0	0.0	0.0	0.0	0.0	0.0	0.0	0.0	0.0	0.0	0.0	0.0	0.0	0.0	0.0	0.0	0.0	0.0	0.0	0.0	0.0
PWY-6948	15086.931582261965	1141.672219627236	1202.3385791786177	11882.574867692003	1804.5851207319313	4786.182021886963	64884.33338761935	5288.461142879053	708.2060215578801	3176.8154079636447	199.23908042334227	27305.357430382035	12062.068847133813	337.3568201724618	77870.10541608506	6131.483021675082	2219.3511178089184	122.44458968230191	6131.020846403309	772.6232132649585	127.48100201332964	5134.7744155026685	482.84423696487755	72959.57219356696	46722.09246546313	96237.292433544	42716.217466629896	32258.969308856784	36892.351043632996	1440.2044046513809	0.0	0.0	25662.38067062078	41713.342656523666	16656.5923392795	2683.0050349757994	73564.84058138689	20829.317098769672	74065.91782611795	75087.1281524792	700.3303663384027	224.00991058184718	2974.1722670588256	178.3095723014257	3190.49599337458	240.59322931001628	11481.403519177004	1492.3941670751483	35051.4455861198	4160.485069763423	15459.860407152884	139727.94291726136	317.114616919965	245.8734836325802	1368.098417762286	61.6235133996565	5928.120598771334	85.68010308254536	20494.83131645322	69.94354262864758	1601.8852921340088	461.6754905905016	0.0	44.18150747329124	2381.932524980429	7043.502997920711	44.116037547237326
PWY-6956	0.0	0.0	0.0	0.0	0.0	0.0	49.66563616745481	0.0	0.0	0.0	0.0	0.0	0.0	0.0	0.0	0.0	0.0	0.0	0.0	0.0	0.0	0.0	0.0	0.0	0.0	0.0	0.0	0.0	0.0	0.0	0.0	0.0	0.0	0.0	0.0	0.0	0.0	0.0	0.0	0.0	0.0	0.0	0.0	0.0	0.0	0.0	0.0	0.0	0.0	0.0	0.0	0.0	0.0	0.0	0.0	0.0	0.0	0.0	0.0	0.0	0.0	0.0	0.0	0.0	0.0	0.0	0.0
PWY-6957	4973.1731156355645	255.61889533932268	1621.265630816674	601.7429489140691	1533.485001965747	820.7076304444987	4573.788477389032	382.98761092660715	268.94480086479047	863.1475119463114	0.0	5313.990567632875	3407.8478140339785	0.0	17101.783039122554	424.01110043050426	46.887451218289854	0.0	229.76558168739922	561.5978364421275	223.41910830885345	1300.6426253364318	419.93402523761165	4483.70449181037	3508.4442939764485	2384.306046204818	5140.458195130282	10471.103980593662	18406.990914648846	487.22240476868706	0.0	1701.643847543426	2177.7995047208933	5635.573242062128	8929.414372291674	126.91279964445484	1262.6844367740716	286.74924453145127	10447.941102149913	10923.2657901184	469.586796415426	96.98001259232208	462.56317791481285	0.0	473.0052776197982	0.0	1720.469721155174	1145.1911170417338	7072.521589518206	213.37310852813732	90.81444221277962	2117.348537981526	57.98747450927859	127.77371307676216	338.72449329071344	19.937087545573913	507.8371185032594	15.64223322901502	236.9855627745195	17.599280337934267	129.1307702219236	196.39541988134192	0.0	15.639971233559205	634.1579932831937	3109.5016566837944	0.0
PWY-6961	6275.414130595798	88.21393635859796	5664.828565439289	5483.134375913126	3351.7401075624875	489.2649260941354	310.29452802694664	5807.867489835076	6603.996362856216	9233.51517345067	10.60542170157352	1012.0840606646703	966.3748289792163	242.8849702510684	394.368878257139	67.15034445291977	0.0	0.0	0.0	0.0	230.40655178927602	2779.8802380638003	421.7393196556211	102.00703372603874	414.35435347754964	17.457608219210346	24.973838027146222	574.9191496782767	5954.0237432990025	254.10675065817782	0.0	0.0	243.27864201398955	2261.2541757148397	4732.084854274168	0.0	3852.187738495102	34213.11900697091	498.0260688392824	229.5273173567536	0.0	0.0	273.4138764598777	0.0	483.72018077544783	0.0	1178.188744649296	0.0	4193.75693550341	62.23271489363305	0.0	804.4173527153401	0.0	36.97843716271617	327.3903691138616	0.0	317.3676705854998	0.0	12.127170781836474	0.0	7.402899923244558	43.49122598079767	55.635883788886844	0.0	289.9173847531057	1948.7891151822084	2671.1487065182273
PWY-6962	2146.3489654827604	0.0	62.08047458292553	0.0	0.0	26.622825481173226	2683.830451509099	798.3268167263107	4.426970028432405	185.14960668536534	0.0	2112.731165454567	2135.931324676838	64.71645340179944	7783.051760564402	265.868104344855	38.15975875221487	0.0	31.134113309552575	27.01443999843849	81.47367153651933	1009.3606431857285	93.06902309093029	2367.896694561522	1568.12268445514	636.7364954051357	1726.5214049049107	1179.8008751671603	11030.14726697373	0.0	0.0	631.8147730579235	435.1803288023053	1114.2460014007181	1325.161029561472	0.0	428.14706457979395	689.4092635020041	3334.848538885761	11406.28067229606	266.1752517954856	30.66744429796406	196.2652446309863	0.0	9.008903836415165	0.0	0.0	0.0	4396.62165272734	9.465860351291894	85.31727906398255	486.00131292231566	0.0	25.868107149035364	100.6292255812815	0.0	293.46478285516525	4.115012962526515	75.58164724361197	6.315789473684211	462.03616467657105	4.832285011218452	0.0	0.0	6990.454842626927	3420.03838307291	0.0
PWY-6969	150212.55200724458	21597.949111466784	56510.94711718418	369907.62964364124	393589.6243144165	187722.82431921054	197300.1131148486	46815.338688830234	147658.29826304928	57430.64583461762	27903.57116017844	118504.23609489505	269270.6274388145	48475.90122229471	421554.6374740419	24472.897262800863	8826.622738506063	3162.329722874435	17942.12509945551	22856.962911170733	46542.81628820119	80662.92598203539	123083.87707175832	197327.4107009439	137217.94967092294	260379.70601914672	234552.55045673472	166181.006268825	318582.88907775044	12910.12570068725	7487.044057698333	9952.401903583566	117391.41831316166	125563.50665214067	126306.89752009117	7278.07511400695	201328.0641625947	312132.93029519374	298763.07300602505	232153.88170296256	13152.038652470272	1476.3161789734422	43158.89992805497	5253.252191621424	32664.699693666746	2723.5196123610485	66957.75318612668	23039.96999771462	174931.29246330707	108511.41014386126	82904.80491894716	63369.22365476148	2931.6305600951846	2478.0033764725517	54801.612461170225	734.3065901669532	58699.40941767275	246.52751679275286	137906.10683924862	793.0897205872565	12930.652090653663	19530.060495357287	22386.53939071989	3845.132357561447	88609.0639997931	117305.13529238619	84535.67471439694
PWY-6975	23.452917001610814	0.0	0.0	0.0	0.0	0.0	0.0	0.0	0.0	0.0	0.0	0.0	0.0	0.0	73.76096979501895	0.0	0.0	0.0	0.0	0.0	0.0	2.397258091679146	0.0	173.86176113697152	49.3131278044405	0.0	0.0	0.0	0.0	0.0	0.0	0.0	0.0	0.0	0.0	0.0	0.0	0.0	0.0	97.72558030983866	0.0	0.0	0.0	0.0	0.0	0.0	0.0	0.0	0.0	0.0	0.0	0.0	0.0	0.0	0.0	0.0	0.0	0.0	0.0	0.0	0.0	0.0	0.0	0.0	0.0	0.0	0.0
PWY-6977	0.0	0.0	0.0	0.0	0.0	0.0	0.0	0.0	0.0	0.0	0.0	0.0	0.0	0.0	0.0	0.0	0.0	0.0	0.0	0.0	0.0	0.0	0.0	33.79987987768046	0.0	0.0	0.0	0.0	0.0	0.0	0.0	0.0	0.0	0.0	0.0	0.0	0.0	0.0	0.0	0.0	0.0	0.0	0.0	0.0	0.0	0.0	0.0	0.0	0.0	0.0	0.0	0.0	0.0	0.0	0.0	0.0	0.0	0.0	0.0	0.0	0.0	0.0	0.0	0.0	0.0	0.0	0.0
PWY-6992	3157.556978159453	236.06049566885045	270.1657032193516	51.76353935493314	228.1686551449181	79.51726683173383	3215.343224507575	1260.89058673489	0.0	892.0907498254938	34.283278121041306	2736.850140531614	1383.3695560602341	64.90089877426993	8411.870821901786	621.0651345403105	0.0	71.75587899624233	88.33257014815146	653.7841488535574	96.09813518182257	838.6035989801433	22.350083089713234	1731.509246132288	1347.2508024465562	1973.066887302029	2745.269079495776	9523.020751293723	41123.64943871315	81.97647142794003	0.0	0.0	638.2025216278039	2376.244674669971	6504.554911361987	51.47182592102529	1510.466717184465	569.0947361403901	5699.047441029446	19073.16758078698	548.2924573041264	0.0	1105.7547290635484	0.0	588.496563387689	133.69093975099855	2724.002067278946	443.00136740605524	8311.694182390034	29.84344152991775	285.9035558950545	6900.2086755724695	119.19951852768968	232.65772335379813	910.7633539515028	49.14304977752644	1310.7149547642316	0.0	346.64390564476935	0.0	1525.4096105715223	270.7066834204829	0.0	0.0	3613.377421977523	2183.2863597333994	0.0
PWY-6993	0.0	0.0	0.0	0.0	0.0	0.0	0.0	0.0	0.0	0.0	0.0	0.0	0.0	0.0	0.0	0.0	0.0	0.0	0.0	0.0	0.0	0.0	0.0	0.0	0.0	0.0	0.0	0.0	0.0	0.0	0.0	0.0	31.462420814886066	0.0	0.0	0.0	0.0	0.0	0.0	21.333956164112156	0.0	0.0	0.0	0.0	0.0	0.0	0.0	0.0	0.0	0.0	0.0	17.259269301049873	0.0	0.0	0.0	0.0	0.0	0.0	0.0	0.0	0.0	0.0	0.0	0.0	0.0	157.97176718298962	0.0
PWY-7009	11.99619579281611	43.53439461096171	6026.919702620795	0.0	0.0	0.0	0.0	0.0	0.0	32.96567723305345	0.0	0.0	0.0	0.0	0.0	0.0	0.0	0.0	0.0	0.0	0.0	1114.6121230177582	196.5116706293991	5.998952266277556	4.499328475070633	0.0	0.0	43.484569614737175	91.4380299359793	0.0	0.0	0.0	0.0	0.0	0.0	0.0	0.0	607.002387509385	0.0	31.49269660889748	0.0	0.0	0.0	0.0	0.0	0.0	0.0	0.0	25.49410115899394	0.0	0.0	0.0	0.0	0.0	0.0	0.0	0.0	0.0	0.0	0.0	0.0	0.0	0.0	0.0	286.35533976021907	286.69819669570546	263.6284665373587
PWY-7013	98213.34134499283	428970.4919642604	114614.36160972773	333100.1138873116	2233.987195320589	17119.077416010005	18697.840161983557	312802.4273264664	107668.39115357846	642916.4029602519	356174.103103945	97689.89542708478	24593.887629422534	48077.779752379305	304373.7105536409	383855.33806477283	858667.4068582078	680425.5935014066	1058327.910318294	19434.249755651897	239538.9738399387	134898.10830895204	337701.6672864114	172440.64078185832	83629.52575014338	24800.26105514859	54147.69637674566	134318.5864417684	120635.65468781674	1133098.716938833	2507.775587567961	1333.0392854432662	78646.59674097419	125144.86813909418	44283.323001811135	202786.4542163616	495.3164138369936	52434.621844771464	148097.30601207662	35173.77698205466	347431.22544490243	548826.9592649586	151371.4723528748	13277.316997828573	488279.0184223119	81174.20637756726	60985.88841444832	367250.46337549255	111277.46429657578	490.01540131587865	390496.02332021116	1780.6741588477214	682078.9455090169	286306.9367856933	134072.9180640473	460659.6379265889	36860.32084183376	893245.9470404903	463087.8575622222	393931.3383796807	65056.62313111698	484235.19398973166	285254.9540559132	538181.872637907	382639.71867399634	41680.328718353485	157751.45367284826
PWY-702	254212.5955344326	138814.15459473475	141390.81858383951	311560.0195695961	337931.1504176002	283895.67815393506	291189.615391985	314116.84023448784	245161.12953626263	192566.2581830878	119077.4156004329	163094.55843866616	329800.3407416937	136355.08649198525	359622.8822819856	75041.22025023526	131024.16747210558	147665.2527684427	187953.12242814212	85174.09429282644	101104.74777589864	239222.75262918018	143543.9228461846	248947.5749715858	232919.6389263524	311427.8756929167	261212.0431374569	279558.0573569037	260047.76466491423	218670.77374153666	11109.275953340828	11837.840331985126	178356.9447043124	267582.58147309953	128161.33941250666	90228.157578563	255097.28270952724	304029.9905277466	272282.10109086643	223985.77692927755	172148.94931076202	123190.26168837308	147568.23966213493	22374.074208646758	125246.96240644103	28959.283304615034	97385.47863852818	97154.37408039202	156560.1449244588	216945.11968315474	132401.19973046554	412048.71169328666	140279.36923762225	75888.42499888148	72838.80880325002	104009.03145559979	145765.80785288237	101938.53542412013	162572.3886622558	122268.67017387762	52796.07062488286	104481.13744872496	72460.09855241633	107859.19299243043	143433.08706652524	164889.41578515476	161172.7225383866
PWY-7024	0.0	0.0	0.0	0.0	0.0	0.0	0.0	0.0	0.0	0.0	0.0	0.0	0.0	0.0	0.0	0.0	0.0	0.0	0.0	0.0	0.0	0.0	0.0	0.0	0.0	0.0	0.0	0.0	0.0	0.0	0.0	0.0	0.0	0.0	0.0	0.0	0.0	0.0	11.4746264930044	0.0	0.0	0.0	0.0	0.0	0.0	0.0	0.0	0.0	0.0	0.0	0.0	0.0	0.0	0.0	0.0	0.0	0.0	0.0	0.0	0.0	48.727767345545914	0.0	0.0	0.0	0.0	0.0	0.0
PWY-7039	1773.1346619295657	30.63503065849107	295.58600292711145	0.0	85.03722851912767	120.6549133275426	1880.3967826468204	1225.1378190576017	0.0	321.4083277574615	4.666652509597994	1596.7000750534032	1341.200164092947	26.35436815010402	4049.18356939706	251.4117799490877	0.0	0.0	53.33209458099409	332.7211011822821	21.983286761872268	789.359236650154	129.11730124036364	2416.573562553207	1654.4102917751272	1373.2421134436358	3368.8142081864635	3733.709082679618	7013.96469243572	72.90033536156797	0.0	254.85063123453585	615.7171552479995	1300.6739886018981	4615.108599027417	0.0	816.8454507643072	263.452409450274	3440.3153009507455	5756.689107614716	65.99805492520724	0.0	205.22616918003035	0.0	1107.4694837614063	0.0	0.0	155.09240923757685	3243.190878182305	6.992771688622049	52.882253949297	489.8805136608982	5.632653061224491	14.59123926920537	227.23102845046384	0.0	266.5936269799449	2.7906941883927625	102.65964081129076	5.803706245710364	168.26002729141814	35.50750854420548	0.0	0.0	3390.4045342007485	3875.8062140237553	0.0
PWY-7052	60507.68048416146	47203.099431659444	11019.462222333086	34524.02803744107	1127.2197342062018	1691.6240125657555	20729.322644622844	52149.643194306205	21154.379840827885	79488.65926015598	49231.54660832102	45535.5660080171	16386.811854850344	32087.248154665314	35995.35158784518	51797.41865967685	61329.78331285541	82572.99758523011	101954.5053756471	8358.646602428833	45722.299860988394	28907.61211992586	49857.834600105445	34261.161363707055	40559.66456595973	10202.883661424687	15371.49007008892	24855.93644320252	116268.02134736459	133284.90741954732	0.5998612812984071	1003.5465800555545	17613.96125947882	25952.675901505863	26228.636714011307	60305.64493678954	7823.848150354979	10390.849091893875	34930.19661554709	70059.02681475326	37285.43683846263	77980.51963853014	31227.81017037422	39318.606654052084	50138.63862638247	20521.998173272394	13541.97787433287	38490.018764256434	60725.33499844443	1512.2635269840514	84986.66235304603	30237.114858203946	103830.48445126858	69248.59167796528	20120.70820241772	87757.70070637582	36008.29876097419	49997.48511475294	89728.25722199772	92562.34960452927	112884.43433471868	62997.859537610784	101205.2963328188	72145.73431730444	80062.9192797134	51721.76083158269	44972.64119871547
PWY-7072	2159.1376989128826	132.40598642906969	119.7632583792957	21.714285714285715	254.0275053276851	270.3192333309294	1084.8232418612997	117.204957580758	17.454545454545457	725.7618642954137	0.0	1558.3753280229478	1168.0046944967364	223.043007141454	6325.664379219665	200.72331938060904	964.4076672423242	5.384615384615384	192.55041190539464	166.5235326598889	141.7253612171233	235.47333468199096	141.56322202111247	1370.6110779726107	960.8282319930211	807.3383269444181	1454.6605883413106	15366.339350293969	44585.61074363103	1343.5383828751185	5044.571428571428	3014.587012920547	1022.2930536669642	1512.0763037382144	9175.777857692241	123.77628635346754	163.4480863297869	33.526827750699994	3070.4978241464805	10575.38920368969	261.23400525854515	34.26894231365213	858.7692077166397	2412.5714285714284	305.7523541094958	7.448275862068964	2171.029855753103	1235.5247402530606	16158.067595898223	54.40956651718984	135.3937399512961	2475.5380182792655	47.58184406136328	58.06602519802244	433.5867628035148	10.285714285714285	763.6755273194417	22.857142857142858	67.12655117718408	16.6824644549763	1359.0331877341487	184.66724346772799	3.8957613814756673	4.571428571428571	183.51517946535165	81.93145916670274	14.551181102362207
PWY-7084	11.961277872612964	0.0	0.0	0.0	0.0	0.0	7.99801231944403	0.0	0.0	0.0	0.0	45.57191050556674	5.995670712807573	0.0	19.980749070156484	0.0	530.7268358680909	0.0	203.79557648168552	0.0	0.0	0.0	0.0	0.0	61.09657856299058	0.0	11.98968633688756	0.0	729.2771955697822	0.0	0.0	0.0	0.0	0.0	0.0	0.0	29.983314792646173	0.0	297.95678658746453	212.7743563493023	0.0	0.0	0.0	0.0	0.0	0.0	0.0	0.0	15.965236749250453	0.0	9.869283296706351	0.0	0.0	0.0	15.143727122441003	0.0	0.0	0.0	0.0	0.0	0.0	14.917335648335861	0.0	0.0	0.0	31.98322324137258	0.0
PWY-7090	26634.705776830113	478.13452107488865	1614.5667495753407	3150.535333691524	801.4450658451605	179.74397451755084	14905.516597123822	36899.39453907665	2375.7146872765315	5465.572737985992	6138.6272044534835	8526.276292513787	10504.60802816362	3278.4559863795935	15242.51178585322	1248.8950639207749	32.87072895683811	59.05616175053159	179.85312176826696	4000.767788523401	8343.04613586944	19870.43041837649	1609.9495398471597	5048.584502926178	7672.6672098618665	5652.329490066431	7820.6004836311695	2085.6558437709186	8249.298881304274	1551.6450384701675	0.0	656.6214295281461	5231.455325759221	8930.965640793018	13824.325648301585	171.39294945945477	2615.930479913818	438.83089690399163	6514.894718454892	5563.927422584947	503.9957169116196	141.1923985982219	425.12698852852617	405.41104131214104	6329.714081067019	0.0	6839.681463631258	75.74586268672525	23753.156644311384	1152.758532180526	447.9174426254347	6936.88213590481	309.0335852634713	89.88308646199138	356.52655881609155	985.9321105825907	1453.7418324926757	40.41296939788237	748.0596232466844	496.59408824792496	676.4067828806212	133.78202648589	67266.93655597485	35.94074592904564	11067.915628462399	5379.192437422846	14692.74024501251
PWY-7094	515870.64380129904	5614.087034628441	80704.47672635579	421470.09516087576	515598.74804743094	229381.64111920865	316114.40368149086	41292.91442779396	182259.521664967	59483.49796505645	30121.569276802744	169429.21136177727	421494.10681999504	34101.017684764505	528939.131981708	29301.42514432118	6819.449668457769	946.09206505106	26432.529945860606	21718.364598063785	42517.732638654445	80820.99526842548	121525.83681537856	273998.9907686278	172883.15652005683	547719.8398035135	431040.2846334914	218550.36586826356	482025.04359769495	12473.712654699859	3580.194433311824	14930.711793196979	203781.5870796484	517234.4010825929	185265.00687659247	7612.235008547911	303348.0714599465	558400.0676203101	428415.60622874735	361865.98876607843	7985.408909467515	718.4102846331456	25961.922641106165	4221.312748716178	41845.937666248996	1594.7486692950413	61341.351536798145	13198.855243155193	226462.10687489054	360714.91745685687	110925.70110956219	811837.4998557369	2862.1607455957674	2681.6450180979696	56339.40804492813	456.92174654169753	71081.37108489375	424.9386225075605	190064.15459244914	883.0828100192184	14058.574775048806	16696.018522698014	14234.473697285961	4882.252136516602	128415.36722662565	271688.5405554933	103042.5208706703
PWY-7097	361.8043069923751	67.54218767548426	14.812144113049598	0.0	6.497341778161269	0.0	496.6266406481457	48.51259872934071	0.0	0.0	0.0	551.7234505728047	546.436519243739	5757.12576576768	1479.4378549683104	0.0	19.564309289827875	0.0	0.0	201.57417629083218	0.0	57.201261212543386	65.29155928127649	713.2825782211265	619.495150667193	563.5532988281612	295.53524565703776	419.3305066338011	2198.0041667031314	0.0	0.0	0.0	618.0538657957338	305.60417858909165	706.3090358476194	0.0	377.7136477595317	0.0	2861.39621632611	3815.068326124564	0.0	0.0	0.0	0.0	0.0	0.0	0.0	0.0	523.6759405331853	0.0	0.0	178.3281691268458	0.0	0.0	16.939866960646146	0.0	57.1383552635247	0.0	78.40695116935942	0.0	104.19307021755014	0.0	0.0	0.0	0.0	0.0	0.0
PWY-7098	87.74532991173959	0.0	51.627522896773264	0.0	0.0	8.058081882040833	478.41485462892024	0.0	0.0	381.45473102316606	0.0	348.3706668570695	378.64048994886997	0.0	306.93111892596266	0.0	16.070815829511947	0.0	0.0	58.2703428003547	0.0	0.0	0.0	337.73718683964955	381.87527037610715	831.0140562843212	351.35117441198685	303.7183382758044	7779.402570736622	0.0	0.0	0.0	895.768033424332	143.50887276575762	0.0	0.0	634.8639118126495	790.7234561465762	3563.0346643634434	210.450939935301	0.0	0.0	0.0	0.0	32.85676149421324	29.076923076923077	0.0	0.0	111.60539278538565	0.0	119.87248740744282	1758.029416015897	0.0	0.0	28.39068776011106	0.0	130.21116521330572	0.0	180.75875365495602	0.0	483.92049815613507	0.0	0.0	0.0	1212.771273103676	7345.580480347472	0.0
PWY-7106	19.040270074752833	0.0	0.0	0.0	0.0	0.0	0.0	0.0	0.0	0.0	0.0	0.0	0.0	0.0	60.003435442313204	0.0	0.0	0.0	0.0	0.0	3.80952380952381	1.931034482758621	36.0655737704918	158.05565217391305	45.34028683181226	0.0	0.0	0.0	0.0	0.0	0.0	0.0	0.0	0.0	0.0	15.77142857142857	0.0	0.0	0.0	80.35963777490298	0.0	0.0	0.0	0.0	0.0	0.0	0.0	0.0	0.0	0.0	0.0	0.0	0.0	0.0	0.0	0.0	0.0	0.0	0.0	0.0	0.0	0.0	0.0	0.0	0.0	0.0	0.0
PWY-7111	432281.08771302947	126241.85991207295	94526.4484550054	391914.90294700774	409361.53220664477	227493.95470851375	253128.69163102692	198558.3587232948	233134.04573988693	148731.28688650328	87194.6792158905	218545.3087670226	297631.74202538916	231889.98139059904	435794.2454800842	158200.61611176498	81956.19962665325	119225.62341809324	155257.27173466276	34461.184021374815	103267.48983553585	155388.78740273754	155772.64078562928	269682.2863499526	242703.70405503054	363570.8219021652	297190.6568687174	308777.16753069795	367515.3633618076	182366.71092782283	10042.627943979634	14349.053748544267	232868.49105723572	351769.37602669856	169563.66088551388	111845.45671841221	258399.49956995714	400433.33361792006	354719.51321803377	283374.2088292144	115949.60573701227	114887.86661854493	204690.1507153337	66350.50212114234	85725.59539415894	32927.42896895381	157553.11891096103	82066.92597966232	230054.6781279141	254435.99228843488	188045.38147285584	501322.5657015238	133507.1131970607	97228.86093813361	98547.31567446359	114636.62731915846	205005.0978409341	61324.17906837199	232181.45041086842	179734.41099909073	144916.69058781868	92414.83322426463	145324.45858201085	94701.5138781955	172596.6407993757	188427.48154173497	155101.28736558996
PWY-7115	220796.16155749527	54522.69096054306	100379.05554884401	206276.6035791849	180731.20538314534	186906.20263906883	171315.23062303622	68376.20482613645	147392.08795715592	128815.80288512455	101969.41593301333	123987.97430068694	284360.96357224724	65866.01069228328	298172.2376248935	56242.03719816522	30699.809917876224	67503.48869595763	52984.744725276716	33998.04686233702	57681.75074095439	120576.27179238723	71548.51715452631	202305.70664124118	159224.87603155957	270903.9534498798	258784.38204636922	171016.67123145578	238077.4664059031	34060.44437227298	1567.7623162053337	7208.835264854778	139394.4166093285	234565.9310277994	107480.08640754952	33702.86869603471	171483.2803084437	240970.53781862074	214033.5305834388	184860.5640558689	27805.580962665466	72964.13925002617	106158.49933495602	3605.4875570279214	69261.6582320737	8756.645536487991	79802.3101015691	49286.95956366938	137775.6876693128	116431.34880465691	107919.24645493577	408855.35340800416	3038.207176659222	3784.3382307037978	56636.58926754794	5193.546772134204	64268.24287567258	2271.155874000596	149623.74855042677	1421.2205186120777	14661.360029660325	10821.263877294237	640.708040573313	4761.827701421679	85455.43128562292	153811.55363955713	116195.70115606062
PWY-7117	313276.86138010427	47293.50319934163	72468.7903979157	101809.48539495327	169752.82066806048	87624.1141278814	144160.86566804672	45130.764591912215	152017.47304634698	134769.99142825042	106415.42821875852	98583.94917242715	198587.58171639702	60563.572017184924	241598.1401305595	34616.4315756028	71850.85754969857	50828.061725394546	37951.87180202659	17829.80502734607	49472.1756152737	100029.29000011622	75099.30400387732	127065.89541843659	92717.33802948428	178680.60864956153	152219.43192333714	124636.8800322792	198139.00602295273	44527.581408929764	7176.723032648352	9019.764129501102	113144.9790494231	222179.70602208347	66321.09653687883	41695.75086102695	129797.81186029364	258625.0576659487	162017.74809548302	124147.96062375857	19205.419349579606	62299.59283636609	116955.23746339927	23338.56276463452	100238.99470329931	22590.321222206796	73851.33912033949	99343.0762306675	107551.0892871369	132264.72263903622	101888.33161659857	299604.1411272851	54612.2855136479	78697.4264526935	63005.442923023395	69042.01226816389	67504.24620047053	60351.523950438284	131204.500102451	39458.214748382474	29398.128830391805	78535.45797709482	33940.78915696728	70350.13078620587	130338.54145264247	156633.99287195285	92613.5320698573
PWY-7118	258410.01582335	4166.803238811432	51607.37747699057	286831.96027522994	322926.3129088892	169904.0790121383	249188.8693448476	32922.44083311762	114091.26270503274	38718.11238580444	19137.96962457092	115176.37779392906	248473.33684225712	31300.50800729852	344948.06925985595	20676.30697541588	6221.183324937888	922.8667332487798	20887.806454149417	14569.734465797497	24313.848765377177	58363.83163396299	85692.75763669536	230422.75068859995	152359.24478247404	388684.10156039364	285816.1903344119	116744.25459865725	243576.63587600063	7004.859942973102	6256.258152466761	7677.626777397581	131560.29059107538	284266.4456295617	105155.08806290873	6578.604392694372	245925.5075157352	328382.38169788267	275082.985833809	222546.2125483709	5381.940470572607	778.4981353440212	11851.562730998114	4452.738819394096	19014.581301084207	719.4118144663161	41736.67528090552	7857.945316723502	120643.27379730507	224586.12497483537	74530.68596610472	497405.81270000833	1563.8782080484057	1646.9441790245949	35237.796121029045	307.34837980316144	42282.296441904255	322.23262308454457	120377.24237685434	508.964986572897	8660.492249815687	10099.730330697768	11028.364783599047	2573.204990878159	70766.13031851608	140736.28396579807	55886.79444708947
PWY-7128	0.0	0.0	0.0	0.0	0.0	0.0	0.0	0.0	0.0	0.0	0.0	0.0	0.0	0.0	0.0	0.0	0.0	0.0	0.0	0.0	0.0	0.0	0.0	0.0	0.0	0.0	0.0	0.0	0.0	0.0	0.0	0.0	54.070368599822174	0.0	0.0	0.0	0.0	0.0	0.0	40.94914800516137	0.0	0.0	0.0	0.0	0.0	0.0	0.0	0.0	0.0	0.0	0.0	26.99085183179316	0.0	0.0	0.0	0.0	0.0	0.0	0.0	0.0	0.0	0.0	0.0	0.0	0.0	13.74720049830661	0.0
PWY-7136	0.0	0.0	0.0	0.0	0.0	0.0	3.2727272727272725	0.0	0.0	0.0	0.0	0.0	0.0	0.0	15.121951219512194	0.0	0.0	0.0	0.0	0.0	0.0	0.0	0.0	0.0	0.0	0.0	0.0	0.0	0.0	0.0	0.0	0.0	0.0	0.0	0.0	0.0	0.0	0.0	0.0	0.0	0.0	0.0	0.0	0.0	0.0	0.0	0.0	0.0	0.0	0.0	0.0	0.0	0.0	0.0	0.0	0.0	0.0	0.0	0.0	0.0	0.0	0.0	0.0	0.0	0.0	0.0	0.0
PWY-7153	0.0	0.0	0.0	0.0	0.0	0.0	12.410168120634918	0.0	0.0	0.0	0.0	0.0	115.7735586195483	155.35972718120158	230.5261411142826	33.938192726175465	0.0	0.0	0.0	0.0	0.0	0.0	0.0	0.0	0.0	0.0	0.0	452.88508727035287	510.76017256902725	0.0	0.0	0.0	93.94234083065375	0.0	0.0	0.0	0.0	0.0	479.31790468252154	429.2558945207409	0.0	0.0	0.0	0.0	0.0	0.0	0.0	0.0	0.0	0.0	0.0	61.54767583032369	0.0	0.0	0.0	0.0	0.0	0.0	0.0	0.0	0.0	0.0	0.0	0.0	0.0	0.0	0.0
PWY-7159	2311.6815873539363	60.4604467342857	0.0	143.79733125272932	222.99094508099162	155.07733956047096	1256.0402862384774	44.87341796115192	0.0	1721.9419782820094	0.0	1642.381794499575	3281.5712550037356	7978.13113629409	2982.7171902275472	5104.787158428381	0.0	86.34432587405561	1676.2786346335631	62.398946137756646	0.0	427.8178903585943	35.85118080554373	1018.0988432633707	1398.8118870124276	718.7577544674275	647.374606462452	5104.137451258197	47225.53899965107	0.0	0.0	0.0	1674.8618119775783	1726.266784321122	3454.775816479005	144.6966199327991	46.16143475390215	0.0	2220.5171560638	22902.19669153276	2394.877738509869	184.081252654357	1114.8657570038233	0.0	265.29643595620007	0.0	0.0	0.0	13153.890283303925	20.99631417841992	492.5470777159054	6665.297696397075	0.0	11.87457811592164	358.7880367523249	0.0	3914.20050923943	0.0	284.96148150768875	8.423272035420567	2585.848028250844	339.71428454908164	0.0	0.0	233.31763289586038	80.89550510904785	0.0
PWY-7198	0.0	0.0	0.0	0.0	0.0	0.0	0.0	0.0	0.0	0.0	0.0	0.0	0.0	0.0	10.496888186311127	0.0	0.0	0.0	0.0	0.0	0.0	0.0	0.0	0.0	0.0	0.0	0.0	76.12985125562089	0.0	0.0	0.0	0.0	0.0	0.0	0.0	0.0	0.0	0.0	0.0	0.0	0.0	0.0	0.0	0.0	0.0	0.0	0.0	0.0	0.0	0.0	0.0	0.0	0.0	0.0	0.0	0.0	0.0	0.0	0.0	17.387943502001868	0.0	0.0	0.0	0.0	0.0	0.0	0.0
PWY-7199	109472.02250618253	74095.27069190775	74403.25500451175	295770.0475174427	212500.28782734709	115385.64986357909	14368.542259126583	69080.38357240445	143832.81928399246	238586.89855001264	129881.61882714416	88495.22454516083	20224.53837935704	22997.158205908017	99137.91152425707	36196.581768673444	333501.2285893124	200395.26443731622	319666.8860870569	12647.471672568821	92628.43747514971	41390.59744471527	161830.883989304	79657.29837065529	124298.3215206067	26555.31316542077	25578.831578212394	126664.41966671497	4062.6442132646075	449172.0593999342	0.0	0.0	119285.83555966789	91964.42592849923	54783.14430198796	76957.40955225425	43867.330135110926	152020.2378399729	70908.69135400483	8594.74506783401	28210.309611281526	179103.94462419988	120349.24269546218	101908.19381833874	197330.80637242703	38305.56575215753	41512.25329393678	136995.0647575385	56296.678560947315	115798.22067369528	154147.12332218027	122369.14964849579	276637.6654307429	110729.29561932391	56208.10174188532	184345.4806579142	164225.9187365647	350899.8854254458	173755.54872706105	215489.58486854046	177366.79121096927	194732.33000979217	70350.80699842214	214164.7031562069	148591.07970784893	18861.36239773305	87377.06973196036
PWY-7208	329269.18679486896	237506.3535274496	122423.7567447745	346534.7645790297	373078.63688899705	333481.70029530866	313557.3217807437	359853.2516311269	258046.59760129554	180028.4361209019	136130.60240887743	158958.01378246682	334622.24212218856	173165.54065301415	438553.2596984393	123372.68383446532	84724.64988959844	143613.58655386098	140418.16181943327	102142.7356239612	109841.96659763627	272420.2458226046	135862.3736943239	263537.1710624347	196861.17525992868	311971.02832369006	279232.4179303444	241135.36955079305	294231.6941702426	168781.95832079466	5501.792779612044	10659.334085512863	157542.95569791875	303154.16689699807	136274.4008575645	110042.84448620515	282138.90988875716	352490.80545227963	310224.36781762226	237759.04673520537	223667.29512154288	105162.2764981218	132245.96964135978	66559.7418116868	88929.01442591619	31838.178183521835	94377.33513680928	78648.31590304068	176971.25889744723	219479.33777558262	149649.60479869862	386569.4167779309	118943.78959008501	90398.18543076949	104207.01373014301	103614.67810534137	97058.31182593212	58012.49435845871	186287.10777245552	123447.52281891037	46148.5535586296	82783.26189641711	121861.88093415729	84126.07713722606	151338.9007958617	204508.41648931938	182524.35242991926
PWY-7209	0.0	0.0	0.0	0.0	0.0	0.0	7.499487925162796	0.0	0.0	0.0	0.0	0.0	0.0	0.0	34.99555744914208	14.994659320540721	0.0	0.0	0.0	0.0	0.0	0.0	0.0	192.28836177842854	34.99468586844022	0.0	22.497118592783178	9.99949731639835	0.0	0.0	0.0	0.0	0.0	0.0	0.0	0.0	77.40589882573448	0.0	7.499747040937818	44.99114362388474	0.0	0.0	0.0	0.0	0.0	0.0	0.0	0.0	17.497737921521384	0.0	0.0	0.0	0.0	0.0	0.0	0.0	0.0	0.0	0.0	0.0	0.0	0.0	0.0	0.0	0.0	0.0	0.0
PWY-722	156104.2556807278	138.02068053168225	9618.330489724378	180.2324055529366	267.8721837394954	184.8949101560751	677.6807436695424	171.03825616258297	25.40497317375155	852.9282573296235	239.53676102888346	12614.370829353953	4006.4259761853205	147.7945288345239	2756.2962008815102	195.82467144892422	16.3125	0.0	43.74836709724531	223.48202980738546	129.79436009193603	324.3233658201639	231.3386907365809	4171.947930597235	1237.728121112568	2696.967111910811	1368.608185385141	5474.212413015505	13254.409951604452	950.6508598922302	5881.777509251567	3337.111414205796	22462.366520068612	60966.78487739267	10996.631055676995	95.50172936051142	3466.8742468259456	57920.80944979884	7068.498911995683	3208.1372701787345	209.77194780624734	38.996036988110966	437.71448210311974	3004.805552063165	311.5559993503117	182.23520818115412	4181.760026199005	1875.2217923592466	11704.419748089544	52726.44910087368	2872.747510542594	44506.64492820969	74.30392316699026	210.84212647971336	1610.9992590330592	18.294857142857143	4842.463556854543	27.58064516129032	1288.0727937758807	18.655521458012544	341.2111391863876	102.12040012991058	0.0	11.992930780559647	913.1272727578877	5333.323031301286	17.424038058133284
PWY-7220	329548.23806018464	382497.7161352477	310398.38011238526	374456.0174715004	399556.66396605835	333907.91237061744	327361.8063843373	454239.3689600517	362189.465325336	500636.99143630866	312042.6517481077	220549.44489028776	334623.7087755009	234662.63798494494	469211.7463819945	158674.46486008712	579658.1188082262	421017.01155016787	610115.9493887953	170959.7341738749	245349.87878464247	368668.76310454734	260340.84031822265	272332.90670887206	337848.4710291525	327408.55999218626	272172.2034508844	278384.7352760385	307797.36005719303	758713.242410853	6257.555241243986	11534.744340390198	265601.76431664836	307326.83301508304	135492.27811195067	196899.36340057963	286467.8889893376	384772.71994925366	321858.0581893125	248915.10026527886	261166.2669881272	347627.7950845329	295292.85816507536	144097.2196677962	361476.10466055	80269.10060131062	172433.8806407877	289442.29206319706	182736.3090374369	233559.39760371202	282454.73399344325	423685.5122185005	466020.8572883529	222785.82811732238	165609.3141023266	324687.04938037414	300645.14508619934	601015.6556427634	317060.77789956937	356184.4846885383	314691.09606058284	337500.5459681971	179728.0876096402	372809.3663034671	290774.49555553705	225099.81938552985	298774.1439574898
PWY-7221	372346.3194011423	290293.6436386557	261326.41218079705	391194.01458114374	390960.5514471222	402227.9523578466	429042.57051012694	399571.6012648255	330185.02085622353	323606.50229039614	217965.94036696778	254815.31416268344	481591.33356431784	285996.39466500323	588804.798874334	164993.8933838759	289213.96541799844	264681.1595128941	363765.00712041097	154353.05494800504	166459.12978136464	331346.14113170357	174333.09019801268	373495.27921829536	344391.6233236554	441418.7040664163	454980.8855251559	323551.5926800601	358426.4603219137	367064.3236260371	5944.360266109756	13721.705983471787	277478.7541391518	392303.2535380519	199052.26227130255	134891.96712144848	378933.0936704493	380661.44968559174	432732.7683425809	318754.0533921672	259711.60920877662	206539.75078407026	206507.99889103702	126763.747750352	226004.39600809853	53383.75257655348	167288.3707380003	174140.5528114575	209329.7532902673	206599.2605727837	210869.6791916292	468812.90011181176	230712.54385608147	136564.04743913942	137727.5227553939	173500.68544118298	194366.52727739353	286135.8129171437	262748.61525870167	184943.78880954592	143115.9223668203	182808.4421736373	145408.78315253695	191716.03796087773	223936.14881929115	215071.902815758	212532.31137041136
PWY-7222	329548.23806018464	382497.7161352477	310398.38011238526	374456.0174715004	399556.66396605835	333907.91237061744	327361.8063843373	454239.3689600517	362189.465325336	500636.99143630866	312042.6517481077	220549.44489028776	334623.7087755009	234662.63798494494	469211.7463819945	158674.46486008712	579658.1188082262	421017.01155016787	610115.9493887953	170959.7341738749	245349.87878464247	368668.76310454734	260340.84031822265	272332.90670887206	337848.4710291525	327408.55999218626	272172.2034508844	278384.7352760385	307797.36005719303	758713.242410853	6257.555241243986	11534.744340390198	265601.76431664836	307326.83301508304	135492.27811195067	196899.36340057963	286467.8889893376	384772.71994925366	321858.0581893125	248915.10026527886	261166.2669881272	347627.7950845329	295292.85816507536	144097.2196677962	361476.10466055	80269.10060131062	172433.8806407877	289442.29206319706	182736.3090374369	233559.39760371202	282454.73399344325	423685.5122185005	466020.8572883529	222785.82811732238	165609.3141023266	324687.04938037414	300645.14508619934	601015.6556427634	317060.77789956937	356184.4846885383	314691.09606058284	337500.5459681971	179728.0876096402	372809.3663034671	290774.49555553705	225099.81938552985	298774.1439574898
PWY-7228	353954.1606607605	258005.1827490735	151833.8537842977	384171.94692342053	399186.4326438937	370535.8875199795	372354.95584268094	393533.922282903	299491.20133115334	241276.4814988521	177002.05819756788	193328.028548627	398879.3873176023	189597.07494005046	523941.9656443127	145777.82634789633	142987.8236178568	199691.75297714642	217731.39290995273	117776.96767308054	136501.22171422286	306742.3737719812	161563.61771460815	316554.4477373684	244253.85032482055	381620.74550060957	342664.75934920757	277556.3078001859	340479.42143692065	248092.1035965228	6342.278157285951	12799.483881938837	194935.027427603	347461.6043689881	162307.81947109138	122307.42031038685	327808.4059995786	388718.47271412075	373477.1604410418	287666.36092394433	248730.7391082872	147482.0382599954	161417.7396044813	80733.76330048405	129809.63832475418	41266.54980367462	116696.63285011472	115853.6719078763	198966.62383405556	221791.10196915996	183746.6034878536	453144.09190693835	169063.0162992109	116308.5076223643	122912.73224848714	138346.29947238136	122065.78329809626	105377.75246453448	230763.99397531108	148636.3387469347	60518.503172487624	123447.26372179197	133826.22511126712	126798.69105856528	190397.3443928201	221759.3961570009	201293.20138735784
PWY-7229	289543.60873234435	296092.6018575904	192107.57969046838	289321.49095739465	204052.5393756461	348269.15917135397	268325.94350518513	390203.97953714675	295167.3037763538	294725.5792885939	204881.2678509655	191256.99580306103	367674.7228343625	211867.01350160796	371443.9180764007	148923.57913987426	209680.23573302358	244554.57166468474	291822.70424601354	130092.41329701604	167106.06223114394	309461.2648947249	179859.93318806347	271054.2767318565	263927.3101160348	199767.56064306846	290181.2907666623	271402.6550923115	130438.1287205577	340271.1415153825	822.8057088327788	7006.291312511241	205806.63599218143	227850.01062200416	138887.15206567204	145653.7956826384	224789.43790882494	224849.70209973273	262718.3457034713	108160.21151053213	240307.15055177905	188988.81845002365	185098.35687435194	100880.38275982326	175050.06369836794	50029.65390927397	127068.74835897112	147581.4033571504	142196.4319045084	63793.761139312584	202675.48841370115	33194.53303804118	226166.74292149046	140086.49548637052	124450.55615930846	177200.56876218173	152383.9939793158	166750.72877487607	245078.0564952026	189170.66735904038	96780.86037464913	163561.3131261639	148893.5367580001	172276.50157475495	216116.65186426145	130809.42480724283	233162.31227397016
PWY-7234	294832.14032189717	223736.79373679426	231671.356108043	357755.1420080788	391923.87368352996	397509.94069061306	300654.6972705934	333061.68397936417	251477.66902525412	173367.9571942159	128083.29306520007	155295.03517740866	406658.3797603477	57730.09579570398	440151.141981428	37702.26959973213	37281.85892013807	91931.22031977306	49730.14051013493	125394.42128434454	115780.58654598407	281260.9878345128	121635.08381458047	272308.3389983115	228932.61939951812	330253.0206025217	370926.0751827757	237874.6164275566	272941.14228335547	53393.33368920871	1131.050802485256	9964.791354564515	193432.11873281916	290417.2512481475	154201.06410221907	42179.5873787877	276954.67441510386	332489.74552688404	299045.79359313246	213711.92985965646	180874.13991385285	26013.42756311215	114668.24983790149	57745.91962460381	98862.91259506589	21888.157048787438	103854.91372527457	77475.85656567854	153214.8347935645	140984.90780727268	86774.94403933735	319779.4196264745	5597.21957275446	23181.486132218462	94334.66249809337	8270.555334739953	85663.47344234887	10159.617880481726	135412.66900893068	20494.936791535256	29784.248382695576	25566.55656504798	53670.71197611397	5304.891897379367	112641.75473324722	193330.84854181283	211770.245957231
PWY-7237	478232.3099999999	206152.41000000003	155897.7	252160.45000000004	280506.68999999994	240006.97000000003	206112.57	259899.03	114174.50000000001	64564.33000000001	61431.990000000005	100863.18	184535.96	35951.2	294851.64	15377.729999999996	9919.38	38721.2	17166.9	89877.84	35696.74	193041.93	72226.11	172477.71999999997	101649.84	300158.14	187221.57	112173.22999999998	214425.34999999998	13538.26	0.0	5630.34	128220.94999999998	309148.73	80834.81	43557.07	206037.91	305912.49	225634.41	224291.07	126887.35000000003	8826.0	51205.59	2917.0	33382.01	4078.71	34867.740000000005	28553.379999999997	140601.25	347214.53	53839.619999999995	522760.71999999986	1531.07	4643.25	43432.84	2307.5	29132.74	1392.0	84865.95000000001	6163.0	111036.01999999999	12623.26	130135.35000000002	1745.6299999999999	35420.72	86070.55	69915.20999999999
PWY-7238	320861.35937914986	117446.22617104363	99175.65039671722	104181.95671161286	9920.427959428911	9504.905725445726	82048.0826359647	176496.7558796983	187535.08404219174	242915.15754240655	150102.13968718512	160990.29775531744	105358.61475916309	227403.05071805793	138855.0129830419	164134.74696723433	284169.60964105796	252818.30932779636	359656.60676026106	47947.134945214995	136595.93081949232	142104.29374557335	122523.36030350471	108867.67768157482	189205.1563032038	79522.29366203364	77257.29842373558	138385.12960925986	173799.89881304835	400632.9833893868	5054.183614906599	5812.112701668777	176186.88734623377	124425.65401395842	78381.47238754132	124228.84699953346	19676.86516954969	162303.46966743094	88116.4006401239	102132.25663523324	181686.51518956554	215624.5345275122	225955.33956224675	50175.27472160332	175833.71775683414	43605.50298199278	133965.72382379332	154132.66813722477	100358.70828732107	77275.26359006291	173126.5396273325	77302.30736489924	256857.04452788332	132031.9354714696	106728.62659442743	185204.35906186546	229084.89126913715	288233.27117605973	183893.485250089	243812.78771656178	182940.9316757683	176731.3217799158	171739.85931786976	199723.05965509513	158816.02356011156	39999.126958639994	151925.72166010604
PWY-724	400840.90543487354	200774.17685998333	200585.71423501248	373652.0848686822	392171.92158647266	295254.6255999489	327414.65574781556	352362.0242343113	299561.550802676	229391.23066712043	160145.7605448514	210759.5187678867	384753.00916994095	257254.7336246	450196.0147152611	129778.46438953395	141034.06210738813	178798.88076899815	210807.86330833356	111093.58054281084	143842.18924717524	270444.0640606082	157286.8283192993	288258.44392750465	276382.8609270534	356549.6341710625	287524.9485088137	259334.89916660043	307038.3114054881	234602.61631032353	7420.670681968304	11792.012653141395	223381.73185720647	342870.7151333864	144172.41216895924	116351.15192587717	287021.78630468616	389066.01707965176	334960.181330528	249585.8429740581	201542.31173587067	141295.61218910594	176293.1413420263	85887.49988915707	127513.21791798758	35340.24826657961	128612.50139594762	105464.00330661068	200979.16268888966	248824.3344905467	169473.2714363172	419618.3888613842	154472.45671689985	100641.26499996678	99320.67940640854	121612.9960400475	187491.6035775465	108572.16915996165	209061.43976332518	166553.037798121	146022.74498337694	115962.36225883664	144123.5247622807	118670.92819422073	177559.70276276994	202288.9003409602	196604.36956682638
PWY-7254	243436.76932252166	3535.3568677088056	52312.64145506045	398037.02027206897	366662.2554407692	184028.34018336126	166706.4673147949	20350.93862027532	98062.48422803274	37780.471139737376	4342.790328423134	75903.65701113892	109356.43496860648	26367.723937933148	252323.5055778573	9944.32997395092	4685.358326561954	1879.8023199566649	11592.45422237892	6836.458334913393	15350.036028442313	35734.30009737363	76070.43448835213	121031.82542370938	96082.51357903294	189709.39676287063	95543.45694408187	42542.83938342312	71709.68839192895	1976.5727300732124	1186.7319163674726	4113.533619775149	111137.99515254301	124642.09851384089	74535.47066870578	2527.924166115766	169421.84802895927	311428.1415059083	245361.3368271601	92273.16606431446	1891.7143404915475	543.1298180001398	21178.617093220095	680.010585497584	18510.697759053033	910.0837135413989	39967.938652094126	6050.432567386807	106157.83347794226	107943.36959893869	59307.71531114589	68262.40140133734	1049.7224128988057	1412.9026334298424	39736.72750891827	652.0741813004744	51775.97434213258	236.69243088492973	90667.39223882904	353.56471182560404	2986.4715573915696	13809.186611567295	18597.32344675238	1563.6579346852047	97045.60023546404	112993.70521939477	17221.53153350295
PWY-7255	11065.752773688639	283.74390838671513	1010.0630572167781	33.588089033746634	313.5149265305308	358.09211846117046	2928.917452198424	2029.3384651954004	226.17141990557008	1703.4298287971799	54.48669222012684	7439.323571648317	4058.327281022127	4729.9324810708995	26641.48391463741	3329.671213072069	498.7295223541663	34.84839239491981	3602.84776057063	1007.9379148113482	153.55887701590638	2245.0411603840867	828.988685172675	11719.933677829868	6660.497820149049	43559.33554138737	52275.41215163704	48075.906486620195	67038.69864204963	1928.1382829672027	0.0	0.0	1848.8998471261743	9927.096397215262	18401.52429825139	588.1739708944025	3006.622770755544	17.55528206537182	24243.942648879187	31964.335003136606	1325.7089795335019	44.809101051821024	3809.6762931622634	154.46451079829797	9837.06318895247	76.76671480352206	1733.1520924335377	1286.5984419298284	29957.127411365607	181.9714216479974	552.9594870952784	4482.393481812985	265.8072641353943	196.82884005391998	1722.1439936053578	0.0	681.855956519282	26.9973385129012	1125.4201100258078	174.16957396755808	1030.6507526027249	908.163372710983	27.802783822254266	17.99919529192127	1504.630977154179	658.6083582300747	17.58106218743632
PWY-7268	33204.63245738526	1013.6401286712569	4159.051689350056	24746.529817345086	3921.0207539470475	10158.423074364053	119988.67028575324	10063.922505968256	1055.8738844615334	7375.684161762789	548.1827080356613	61810.03470567402	52562.52715468173	9700.55059934864	156507.06877557712	10959.860809057862	4367.179624676735	334.63988233917013	10997.869256969752	4453.112455796105	350.26905048031347	19022.127501821837	1445.8521917237072	121788.5091736257	87791.09990356777	191053.54533050084	144830.01146089	64280.29802264875	81815.64660104121	1988.1876353239809	0.0	426.40145966683747	50141.35580779428	77298.666447533	44927.49410694589	4986.100861625882	125616.07725476194	42223.456243134606	136810.54065693816	136743.07236722278	2960.018477632956	504.5910247691279	4542.149429979779	0.0	4158.989823577999	186.37869627691123	24469.63446872241	1463.013764834828	45966.31707238504	9014.571927993778	30056.166023796963	210912.48349047126	209.74047537012206	182.8945676172936	1519.7894605227302	0.0	11707.073020527312	224.13515642125495	39656.32008189112	342.8103870524491	3900.452864101686	1490.4802950686794	17.51790294573446	74.94149203828522	7907.983788958099	29926.576466437247	14.999019466772745
PWY-7269	22819.167859440902	676.7470433649216	2792.308218726626	16986.403444333773	2622.4762009508313	6854.19971619519	92266.65401302348	6786.2477701128555	704.8998891978107	5042.375146964346	366.32025994698176	48885.95779970985	36856.100298653706	6703.454004554494	116639.12544164047	8643.169627015206	3021.193102057443	223.55672877691723	8399.152746372634	3007.079433724332	233.83288130262972	13059.063226650205	968.503965267292	96694.7490395288	68655.15149366591	156615.98542113602	115597.93242703838	46652.21652625817	58236.86665992062	1332.5307466362126	0.0	287.4817340583274	37982.15978067041	56591.199311514734	33451.90265601015	3501.0510981107104	99787.95172565988	29421.364689352748	107449.70751777393	105755.78019566108	1987.5571103606626	338.04101413587244	3089.2343136187687	0.0	2909.2543433598166	125.83671948085929	17698.22208205202	993.8352116638397	33581.394490925515	6076.927029160669	22021.21417639898	167850.8910613928	139.95652045634887	122.26074121295815	1020.6215269658074	0.0	8371.854906445202	149.95988877531767	28646.363227965114	228.87645424410925	2630.5087535658563	1009.1757099539855	11.679550308937138	49.993250468889926	5405.559452127641	20898.373551569708	9.99976662741184
PWY-7282	303235.96260244795	31372.74244084324	137095.58410130648	172516.61954972096	290125.7754195504	187053.03975948796	237819.94124646208	91219.64824655205	214161.64788097388	123257.79602717597	63928.050253591115	158293.28215731072	325257.2169931652	72721.4866355262	379235.0738196993	49669.14208800726	27653.787580909622	1007.2313457096748	57361.96410297965	42211.452262496554	80103.75303743426	141745.02949326014	115495.71974918428	250425.1265334905	204271.948774997	306354.04850039503	306459.4839686716	219993.76413205458	221005.29392786443	43942.82670886822	5107.501779027875	8951.697800289052	178031.25394792206	226667.4513098075	135478.5071800998	26443.91868251194	225082.49358594042	315409.1385120331	267627.6319086517	203116.66618682042	35067.62975398771	2204.7040390550505	77038.70766718252	15502.835270940697	102224.95946704777	3280.333680309922	64879.73747947944	44254.77794711273	174429.55545916437	171525.55350422097	121646.9605074041	317992.12104238564	6607.729909504796	6036.800454947722	85516.24451491846	771.5260797299977	99678.51754891555	1099.0163932585444	179426.003361088	4418.633887545199	38618.16719003072	14585.424944671606	1198.1042367696666	11271.80018269292	152106.3031510314	170434.2043164605	154061.82716699963
PWY-7294	11724.16659331785	665.9963815690019	9376.850758596162	2973.169095537626	4184.002566905469	969.2336454139045	9082.22627031833	4419.190685194547	10644.013393040672	3189.9104687694103	63.922900799378155	8792.588708561949	7625.435910095911	18629.22091867348	33674.064063176425	2590.6466270731157	174.2510053634227	185.96469274663355	1917.4437379855995	2304.1927589826832	1840.791724905309	10902.38724924394	3791.8664303789456	13287.224551016661	8141.372039092708	14746.205325984607	18091.333274343295	37104.14180015133	90236.57625579277	2858.6899663585527	6257.183201712966	5899.357371631663	6102.858562379983	5957.925383245839	30961.899144361396	341.9833997717058	12350.404597414506	1094.1080691735394	32557.23341135156	47359.3077295535	1232.108233083464	248.18821808370893	2557.9485775150906	3166.1311818602744	2577.401486083783	0.0	6684.299134076437	2786.295630288904	23134.893926420023	376.6081770208103	699.1773880734585	19943.238893792164	145.2160628644766	175.7937975636969	14702.465620644394	43.84763362673811	3677.55388379923	0.0	987.4199345228299	64.97172181285252	3176.437648372174	736.7382441644723	22.46993665481353	0.0	6346.796527875181	13080.543623449183	4101.884944481318
PWY-7295	12931.128827182196	59.5027122138747	1657.977704328388	202.46862552394742	158.38825661551792	46.019378965314054	1949.5860032257644	2754.3829212713736	4.120979585081071	647.786870148543	59.26217166350486	11569.101171857594	5748.725248764974	56.38375007066858	5656.395522437001	19.970267493371566	0.0	0.0	99.1399553484238	233.1224998767659	63.77594542581248	639.5896495268438	243.9534784965854	5790.796995759925	1959.9242857431543	2063.294323311331	3342.722568397826	1764.6016085764622	23302.00317867467	65.92775532148917	0.0	978.9284104034806	10977.786852790729	15129.89264086303	8089.149299563518	31.662074352872693	2425.263504813581	103.68204691026575	8485.628006045721	12866.407276008402	124.55658981008297	9.560975242626439	333.5294236962948	369.9933715958298	738.6816384421867	49.69799823609589	3170.3809586343727	963.3063190243827	18296.727216948406	3883.9213286399727	2592.1353686863667	43634.99307525692	61.46033271760247	234.47042930421293	1440.866710409163	10.536112716876405	1226.05113665802	0.0	2374.600393974296	9.479532253533417	2497.4370818286206	109.62214245569841	0.0	7.072037156676656	3425.5086545353497	8319.812405538023	0.0
PWY-7315	13867.81664347865	7993.846760081767	33369.560083315715	43272.769072434414	10674.36414735424	4619.037242427118	20459.113098084767	10552.937197583104	23625.056431409823	15636.51405978427	394.3834783689444	6307.914092714272	7455.7693756747385	63205.58241150351	7333.135089693428	105190.56187016644	279.2692222149767	67996.49940172565	97415.12976726388	5788.635654743095	23076.89859678362	35721.553195694396	31065.68003238643	3878.4396227267307	8384.295265791201	3875.423123163062	5740.822059648127	9105.774132243314	18546.235885913018	1258.728658650755	794.0197068962905	236.45475980305582	3141.382287193732	7436.783595972218	10550.430443404832	153.21996001455696	11798.308268274735	99030.35760141196	7858.8143536895095	15909.568568424143	93987.35462187896	43357.13296790736	6982.134021538394	61.98284176279657	11623.374526438281	0.0	38332.79873500846	452.0189953583621	18265.68148351086	852.844341676459	302.5883459018529	3393.2601463218125	105.78142596027851	223.25781658526765	29374.020880177133	43.97448560128598	4655.707727664578	37.472583586171496	294.82328775323646	39.115586887213524	606.9798567734772	23.99241625150046	5.479885685458481	0.0	6045.391054887381	36476.4733319169	58785.53488233997
PWY-7316	11014.421596234613	430.54988462436165	3251.7535274113884	316.8310404234027	2644.6091508575632	354.7161287678626	1846.2728378461943	3579.3377292224855	331.6646631447602	2109.663441854937	2999.241715010822	2579.515025515821	1440.0161724070801	38714.16953729584	5180.663844378577	1497.437387706317	0.0	186.51907314978564	2098.27911336601	1668.936793062853	462.1977103711301	9722.042260612167	2879.1339115397254	3281.0431798725685	8537.368202623398	321.76168483014004	1571.6082247419208	8610.20372193188	13227.1216728733	861.4520345289252	0.0	0.0	2093.439037354885	1878.1861219893756	5025.444207587627	147.81383574632474	13150.526147274526	708.6638290580566	15880.093565590725	4220.108821265636	235.87325792256703	316.6898756833051	287.1379375854032	205.8107025909087	41.99026808516309	43.96612703440159	6485.818844193731	478.0966536181564	6005.640165160236	191.76960597618796	281.28148376876044	8647.056747663502	195.25399917828864	41.9836832860203	647.3689624867291	245.2045816945349	594.0054816615524	7.998751530504935	385.36611195288566	461.57744827550874	177.0309183698934	5.999525903361602	13.719283469036222	0.0	15954.653290029513	9590.459384113145	11202.427948389091
PWY-7323	179533.90443252848	94038.59436128373	42778.16818198893	132957.79879034747	126778.01220142853	85970.0945227994	143514.33779451554	144406.21388388582	75372.9792225298	152167.60535218372	94331.79247988986	105209.136373676	79443.58008887623	144338.36336797412	153185.34557760163	78033.22389328787	119738.54553360926	136286.79342603745	175178.00739140058	28680.58248746394	87952.27166001784	94335.00016006082	87080.40888903204	104609.78150126192	112363.23838197262	119097.62749983143	74389.47233295244	140757.2617464929	284637.0184166259	220739.17848253596	6623.652825198563	9146.796677759317	59644.06342585009	105702.20638884143	76199.2708753271	137177.84786645413	116885.52321517152	156438.65979239513	156483.2934764907	181474.17487586453	60843.418489799806	132418.0062570982	74535.38403806297	54918.1054994616	101226.34198645045	30215.07222921183	77694.9578272393	71021.02691223008	150263.2832569725	19538.81410995473	137787.67919004333	74004.94277317198	160542.91160294152	102782.279718548	41850.62011912464	129819.91123950973	92728.2810822172	99614.4570140154	153151.69633062443	140067.4839212997	140487.86297579232	105383.1951302087	142407.05836861927	117628.00738947216	140319.369525793	67957.23405679206	100046.20430214157
PWY-7328	32428.622719115134	784.7717580635937	10647.088671972964	62594.438027681565	8021.6977341979655	21476.776814067736	20457.512776608273	9042.554650650432	1290.4326629804991	9185.245785140625	5652.2259017358465	24436.86054343629	83374.70640039063	34423.410436742044	132218.60037769526	121758.56335229991	1717.6404978000437	80816.8848280391	128341.10274787714	8415.30673598345	3687.6394131731877	24289.289769431354	8895.540190937561	51024.31835234985	24789.54498937272	51660.72176097547	110008.53231697189	37724.57569343386	128662.45674929362	3658.5512485338895	0.0	5279.146016145736	32460.152981514715	70034.80191859073	38640.23282321326	296.28420599219453	42786.95706168259	29305.074907547176	36444.89586139858	58846.24330089369	100804.91640704956	51207.056799062506	7715.665882730212	974.1833982785714	2463.803821669002	57.95046924447103	47256.91156583183	4569.474112000412	52629.18466743322	8409.178201606888	14885.952029973309	55623.99578108764	953.8710916739846	615.9598852385606	3816.1845083157054	35.99558993215443	5945.20209942359	101.48080254145917	17451.90796480167	59.989225542447514	3515.0714510078988	822.9589351102023	826.9723200064433	394.9192309177988	26956.838611684656	59021.71671318597	19683.119631897593
PWY-7332	83.95435756395818	536.156148130427	39.965081157402814	15.998609219665068	0.0	3.999054475567764	49.970921991692414	29.996323318123864	15.987758791348961	0.0	0.0	306.7006252594662	91.83782811191466	0.0	71.97960113864521	43.97586756834607	0.0	1170.781237568814	0.0	0.0	0.0	9813.860263659908	63.97171504993028	19.997003277449128	636.0425977585151	0.0	25.987890223004694	388.0639533887172	149.72025522714966	255.84692650769463	0.0	0.0	141.62344691609633	63.92711552910731	0.0	0.0	0.0	0.0	668.6842192224366	1883.5237379403625	0.0	71.97580373889193	0.0	0.0	0.0	0.0	0.0	0.0	46009.34233070879	0.0	0.0	0.0	0.0	0.0	0.0	0.0	0.0	0.0	19.9978668280871	0.0	31.917738075043903	0.0	0.0	0.0	307.4842275414761	0.0	119.84034665728217
PWY-7337	119.70783696563832	0.0	0.0	0.0	0.0	0.0	290.25568137690215	20.961310996975246	0.0	0.0	0.0	295.4217984100602	56.94781652623938	0.0	209.7282445264151	0.0	0.0	0.0	0.0	0.0	261.1815100846427	14.990013688204396	0.0	50.973150023903095	38.97260146307902	44.98918464353703	29.992915833719195	0.0	1497.9556736749832	0.0	0.0	0.0	107.77368043260662	0.0	0.0	0.0	28.491591764479345	0.0	17.997605189379417	68.91956078190076	0.0	0.0	0.0	0.0	0.0	0.0	0.0	0.0	0.0	0.0	0.0	0.0	0.0	0.0	0.0	0.0	110.11412854726713	0.0	5.999110022087526	0.0	2.9863282019969146	0.0	0.0	0.0	0.0	3555.813357834539	0.0
PWY-7338	119.70783696563832	0.0	0.0	0.0	0.0	0.0	290.25568137690215	20.961310996975246	0.0	0.0	0.0	295.4217984100602	56.94781652623938	0.0	209.7282445264151	0.0	0.0	0.0	0.0	0.0	261.1815100846427	14.990013688204396	0.0	50.973150023903095	38.97260146307902	44.98918464353703	29.992915833719195	0.0	1497.9556736749832	0.0	0.0	0.0	107.77368043260662	0.0	0.0	0.0	28.491591764479345	0.0	17.997605189379417	68.91956078190076	0.0	0.0	0.0	0.0	0.0	0.0	0.0	0.0	0.0	0.0	0.0	0.0	0.0	0.0	0.0	0.0	110.11412854726713	0.0	5.999110022087526	0.0	2.9863282019969146	0.0	0.0	0.0	0.0	3555.813357834539	0.0
PWY-7340	139.79456235573625	0.0	0.0	0.0	0.0	0.0	338.59722237627375	24.45222651725497	0.0	0.0	0.0	344.364245983109	66.460133856114	0.0	244.67552031430992	0.0	0.0	0.0	0.0	0.0	369.89754688113663	17.490203446865095	0.0	59.45766591676143	45.454740627113026	52.4858575550029	34.99122112850766	0.0	1731.7073546051972	0.0	0.0	0.0	125.78095525878129	0.0	0.0	0.0	33.237823054514635	0.0	20.996610523814635	80.33909642802706	0.0	0.0	0.0	0.0	0.0	0.0	0.0	0.0	0.0	0.0	0.0	0.0	0.0	0.0	0.0	0.0	128.70805318974078	0.0	6.999227226456137	0.0	3.4709936265281467	0.0	0.0	0.0	0.0	4365.726181223704	0.0
PWY-7345	360943.8272756363	305528.04246370035	225998.64298007038	404812.4487990841	330482.06954818545	230351.59744350176	309030.29066094226	284237.84399833775	276463.8166832499	278587.11302017263	182586.56800005212	214861.98412855208	380615.6913240153	204222.1145637057	451906.39223493973	95226.09748711216	114645.47975821806	171547.30197281312	140225.60085159086	120162.56924852145	174693.29045959088	253322.89594692274	191051.80752847466	297561.27672667365	298017.4416276824	342492.67570628686	326295.7243222905	259301.76321768734	306093.10574316647	181965.44891209807	2894.60470898187	10030.864228853843	232032.88712221483	339900.8623263098	164011.93306062993	130149.47252935464	284966.1326025452	383748.7632216857	348727.1167403275	237909.39229403794	201538.92380136874	106341.42215705429	176383.54014926925	111104.27548706013	195683.9408388403	43646.3727080526	142563.1674092962	135910.47564178501	218411.48846792383	198393.63515067103	153596.52815580738	388730.98370882607	26349.70882018531	64289.12995200787	121334.50868313416	41491.91705646709	157468.7910325842	34330.97515077306	200279.2596907718	69451.1247080783	92277.90527052907	58559.66947663008	168835.10692510518	14907.814736141876	195636.87232562914	178423.2753819434	256429.01045828432
PWY-7347	39.170155293702585	0.0	71.45145109980848	0.0	0.0	17.675482784677293	129.5920401266008	31.57054052829574	0.0	0.0	0.0	25.578316634907747	15.99658686516159	22.369161745964227	983.3700490090413	15.448309545645099	0.0	0.0	15.358439104273897	20.431918221358448	0.0	6.631382662387733	8.998311403878265	410.0688029693771	191.58484800240265	331.78866439657526	681.54001467269	161.02892291883245	184.28059850802413	0.0	0.0	0.0	208.05177072810528	332.52868126623486	0.0	2.7706336617726754	89.10844383880519	0.0	1063.349256698288	529.731015856055	0.0	0.0	0.0	0.0	0.0	0.0	0.0	0.0	1293.7143778546806	0.0	108.79766184321834	1233.9883150661065	0.0	0.0	0.0	0.0	7.9872050696111945	0.0	5.143331871903579	0.0	0.0	95.50292428048598	0.0	0.0	59.61989955421169	292.9385382688829	0.0
PWY-7356	170985.39328222824	232551.4834364912	275048.82144725724	369133.05615761934	381966.40295327944	416595.8272449078	260009.63874638727	441063.4238290133	284447.70499656117	315486.67118615285	216421.4403809647	159513.72015287483	356921.7619773274	186349.6294566249	357464.7272607033	141447.54173743824	300334.228419583	263635.65617386956	361666.9640408307	154539.42364823935	171442.80434197286	321111.0027755766	176188.04250294145	240518.93227261293	262261.71898112854	233295.35304763616	302382.3254491184	199820.105416239	90659.23303255295	383372.9535378546	0.9999053005193319	5540.202652105783	187003.83624914847	169471.32358602688	136224.29100995438	137812.4739840021	256687.18142237773	230966.38136545423	227823.89720026098	112632.2978942369	251619.49413507245	208155.51475371528	168248.22982096963	57223.80340576706	201095.87650193027	45512.830248769395	76445.4689047349	148182.81044643404	133725.53199178295	148807.19271593523	162252.94813203285	244221.61139696103	243034.27552920696	132337.68252373138	94116.2267343551	178844.19875924924	159015.11089885977	303770.06679367175	186756.28161110028	183473.77296269865	152289.96339428308	187289.2593724627	137787.83988211802	198314.1286513738	188555.73593513508	124758.21161241805	215184.34760257744
PWY-7357	378135.0171477743	249154.541621046	323259.2559585853	526679.2494129532	485181.7065509034	479515.10665768577	428225.08253517404	503161.8307535961	395657.1118010106	467958.62736542395	315271.96456258267	269010.0751652616	495114.22551945824	233598.67703262888	606387.6236432933	193904.21796968658	419144.97922430444	378289.63670844096	498295.29234244954	162155.64219252826	242887.69880932468	366694.1090852033	278018.55384152796	435585.66768880567	411666.34167588776	441037.3320001005	420917.7644964866	336714.4535952454	260744.4131137334	522839.424841396	6725.139842443224	13318.446536809772	319060.821630451	309829.261503126	219188.28787647243	188660.8704236128	410966.14927386324	439292.60946875426	428269.28681979026	261317.93471303835	342339.07412557036	280781.4215531873	236629.46197519748	63859.29832783424	283314.6181881535	59141.59639674582	125699.10754003935	209492.9067726455	260777.7346214703	250088.68708289193	257499.08089330854	493418.40412215714	324536.3056878549	173837.62279217117	133451.96584339265	237752.1027918522	233256.25005705346	412705.72859562	313272.35235588957	238875.7098962737	208910.08807857535	259512.3597945062	175520.4792668703	266849.9332567057	272823.3439721661	223841.5709353645	317725.32823402056
PWY-7371	5708.473649207222	588.2630675628891	322.4939160795882	24.0	204.61810091333464	60.93	990.3590777631049	441.9873973290792	440.9042004110763	1186.7629453241912	31.22448979591837	1751.166998123617	901.982822233126	217.3971145904012	8216.555888599743	284.48367061173434	53.96727014416646	14.5	45.62700999493583	316.39470975307836	210.34491681458857	482.5685017790922	487.20673007291396	4951.881133504492	2696.4988944565057	29079.74439725798	33436.8378435581	8407.160805251582	42129.1216370382	510.61438755670764	0.0	304.0	647.462667173956	1925.4093729374783	4089.770349578974	150.11600796382538	8018.815947581147	731.36	4368.082381392764	8823.15457837149	601.8153879876984	24.0	2680.529778502596	0.0	199.30931644932966	36.0	900.4	276.99999999999994	11414.43631105789	1095.61	122.22943424371456	2814.6614544519666	47.5	31.0	450.70400049487637	0.0	189.034277120624	0.0	178.72000000000003	213.5	406.4147473688885	153.18454258675078	47.16201117318436	0.0	1406.3189347716077	8207.858577807325	43.33
PWY-7373	7014.359015247257	780.3137071708311	429.71575173734266	31.998940872292618	272.74845033920946	81.23280101907119	1317.156281290965	588.9795863763263	587.2376947350334	1572.884675339448	41.625477283373	2290.940688546878	1200.167882029503	287.28027826097576	10716.97701949531	360.0427104342552	71.82900572228303	19.330859414643186	60.73310851541997	421.3619491125449	279.9281757328011	642.8438954305641	647.2479830912447	6496.698659073785	3551.946908696881	34769.87081229328	39384.67659831341	10997.77059368879	9673.47399719829	668.9126782146782	0.0	372.76955602537	858.2288755492572	2539.5130393556246	5275.2015258018355	199.22124948398357	10470.936428376875	973.4807169386191	5666.6797888676665	10848.07218781032	801.0902810858422	31.968461254157944	3366.5605720019403	0.0	265.0263582495002	47.905743740795295	1171.0397168945162	365.3551196901588	13753.65821407681	1455.6907983798071	157.8554796445063	3709.538489784774	62.08089958742543	41.050839984126284	598.8703346601593	0.0	251.21225231548215	0.0	233.60315200105728	281.76734367732473	530.4782699893361	202.82667246677173	62.841340983284155	0.0	1786.4932999061145	10239.390497036653	57.76223130012215
PWY-7374	6958.272329352985	732.1127058548374	401.61782294204687	29.9966106609776	244.9890878984713	75.8288375188111	1221.4481646834608	538.9808337179749	550.684927338702	1478.8406551095234	38.633972864942244	2095.328978533941	1088.8081386108213	264.00291067502087	9826.235611905195	354.26268452721	64.14419762407476	18.124570409184752	55.15025534216487	378.8254890522489	257.7927250542418	581.5734528600374	604.8880157333123	5914.350766044492	3252.8079454918666	31136.61961893147	36525.593540155125	9979.350085718132	47056.77404543603	636.8955766246396	0.0	363.59249390683857	802.5841643263532	2333.132147676612	4841.155014084523	186.32619753345026	9128.892008102153	897.8937125821523	5210.69861557682	10378.924538627767	734.3879718768859	29.99883689711289	3082.956261813509	0.0	233.49079820078572	39.991671804555985	1120.475769271347	346.05501679098455	12949.907388492331	1316.2306478366086	152.5443803594755	3007.768643683738	59.37183246162678	38.747507800144675	559.3080331598275	0.0	230.49674257211143	0.0	223.330917433923	266.7639250504993	499.78615443682696	189.93867798771691	62.807851283215115	0.0	1749.1554079047057	9377.311506556509	54.15422928147872
PWY-7376	224374.58535350944	3042.8483919275213	27610.15336498614	940.768170601972	2562.013122580875	2624.4960106226945	24587.24704339419	18050.36791432372	836.3293290692178	10784.709977278588	1340.8005663193703	60716.04858148995	36293.87777739228	19518.53281625279	86945.98233630958	25763.970786258786	6099.404862033238	632.3947318504487	33701.639212419184	6767.119107846234	1938.372921283318	18644.434953671807	3987.496806721669	46090.60775560515	34232.91610595939	51971.08091453086	67121.328344419	73764.26771678148	133839.9083812198	12017.591084456379	5480.3304336734855	4375.811230939143	65320.228681887565	102041.49741883326	59302.49685881788	2592.8122659287897	26778.417482982903	123104.51490165127	94438.95658319186	76949.59331062314	6986.427020441106	384.28286676765157	23181.32964369881	10138.72915565476	32220.87701669396	1551.631387611655	29194.723002696745	13724.662094896368	82388.41076140865	63532.68852603421	15264.005383230357	63656.454916540235	1085.5038123506804	1585.5150720017361	10402.50387330189	103.0516398411752	24045.17056623697	276.95505289536203	11946.523914629564	678.5355134740233	9370.870363759215	5241.176873665728	147.40325130780144	134.69009652569707	43991.21073439712	38292.93765416087	111.73545255696034
PWY-7377	220932.8032395545	111050.8253141678	65937.3701401258	194517.42325524287	21179.699691862643	16287.904290017215	41089.49829054164	92530.22655782186	90613.62009731792	227353.49395381697	133469.04805322943	105197.68081339035	82725.34160150762	185164.95265900454	88938.67965624908	129911.52018799324	283007.53815772326	215458.78303213598	333888.96987386164	29677.945910158804	116697.1825133095	70168.98931638102	108035.56059104129	62943.54352433073	112844.14746682358	15633.44681191748	31982.732728510888	56434.004924945824	53090.86372056708	370380.68123709963	1048.8533964605817	777.799672600169	107869.68500369787	83422.4553651175	49734.63076010889	122352.54873059611	30520.608118633398	168719.37395765944	92017.40048372341	22510.289483952565	90126.7048928587	192638.20466583397	114072.23693079772	49214.866763273836	175132.55611891323	41511.500081139944	45339.72741539933	131689.50489195055	72261.41032836742	24628.845203409808	154458.5579445869	32787.09645890272	241152.02473286152	129695.94757597905	67961.46969788759	176875.82932282618	134307.50937447138	293881.5274050441	165675.6068563829	180196.00715471202	30749.26456178287	176390.66806077093	127532.1106050637	195581.21785387775	167378.7494757952	37922.12094643654	98670.80505029466
PWY-7383	75876.24615315226	7357.957743755938	10847.898009452701	40111.00222622761	15824.928002615963	17947.4350846752	187900.10615027015	24235.368753735453	5082.1004893236695	21708.744739951177	1629.8735028656545	96596.89613358787	111732.86846503014	46015.48045369346	250753.89707717975	22944.03057155739	5583.817305667157	915.7992114740676	19096.018571443474	10502.370798708498	2084.027917436993	41482.82602347648	5563.785033026267	163740.26977315889	117140.47721489001	231737.82859008343	182673.5566994931	142865.03498087006	216228.9197315955	8142.787068747243	0.0	5926.731729805648	82299.10730807787	172563.06734181725	81891.16041236943	5784.265764803553	160683.89279104694	102242.3775375058	223497.76482968655	199405.58154497502	7622.043889635914	917.4090117291531	36012.28805864784	449.88715256871126	27248.52040157315	1391.3757895232725	42802.31358520929	14006.39831374196	110393.66557669746	14536.983573696773	39688.184695510245	273893.7826017308	991.2236770994706	1110.3304492295547	9873.312100052315	248.0690709532087	35084.045362960234	227.0454115956217	56261.74011580712	448.5445731557014	7698.443213616322	3645.744648654034	997.9764489458472	204.25642954573684	56557.92997663903	112070.15579581675	706.284663488505
PWY-7392	318002.5443188945	136499.32223192218	118404.01247368188	205733.4013244766	233295.43926651787	180023.01051310886	218954.76539280653	166700.5213084958	197346.8305784165	224143.94125785667	138362.77090239624	163358.29852802228	282595.26589017175	107386.68453285164	343872.43551824545	52748.26817098818	145255.93358560014	152576.7063327212	93129.87505943739	56454.78374074997	140478.26149683373	145943.05701866176	166242.28802819137	226056.84585551027	221123.8291155922	278670.79849698377	249663.7648655019	180095.0066804628	207680.3687400683	294941.23165099893	1635.395741888748	8132.510213240445	175000.72223220978	258823.97740057576	123742.93220522426	102519.55821741115	196663.39940237356	290231.35719103774	261684.07336212086	197572.09886028618	125704.86037560603	108562.49862250441	136702.19733769813	8000.323114628221	75214.93862871059	21977.811026856532	102533.72626059124	94524.8969361183	152440.13027965225	188360.7168334991	150934.69668745718	342084.4747378127	181899.54751046406	80972.11408376311	93495.59898147218	130163.29584219003	119758.67170857343	96150.1696106525	175917.8943939777	155850.26643590463	72709.94536475063	98077.22875280133	35799.945408709886	114035.15773884358	122559.62217912263	134065.5922892518	169488.96318982937
PWY-7399	13598.811840093776	5873.012383253635	3534.4370572503117	5397.0220559774325	2156.6308818930797	1192.228740134376	11038.53326096171	5739.592832595343	985.224490229183	5473.246726941739	490.8571410962623	10797.51821274453	13406.021451146464	65854.91661935092	32556.05987789746	1469.3549378450525	85.9440426537844	14.479257073424751	316.3404732635007	1946.595105139372	502.27976967651676	11184.039202576681	2014.1679883449426	8777.935884153534	7040.321675663237	26686.536317091588	27915.63176425261	21853.035692648817	64526.231884138244	1498.1357814700966	0.0	1916.9206598586018	5701.562091569588	6154.00202098363	27302.68713939954	232.93686364408495	17497.001425687184	29737.052256779978	38785.3269415061	54391.44481738309	742.0680163822315	130.1250837869471	1401.8374886991505	0.0	2266.0722491702263	0.0	7438.740649344878	2836.175646823081	21976.355853304358	430.689064954713	701.0350912987966	5379.51163478743	132.09664799120483	143.54139310000173	1097.480959584803	32.34375000000001	1576.9215391858513	78.87323943661973	698.4598048215169	57.81736638843902	1599.8454846646275	3607.2674585302325	66.7679755885307	75.0183742344069	7294.963074745984	8677.067188679359	718.2469685586209
PWY-7400	375546.49989149044	91436.53002232051	91919.5543161316	244885.496030386	301459.751971513	202391.35930535555	231504.699305497	154459.5058134413	209016.85305164714	112633.25486509637	55844.38762683134	149260.02031094654	282285.9878158429	46004.09438843078	362945.64662437054	83466.06387862384	28150.323104247032	28723.34400856942	66732.13729869877	42692.5068717289	82727.38478557758	159865.78217902614	113466.98894172125	221690.88397210615	183354.30788561588	280872.5943021695	248218.13683853028	207708.8660607466	268364.9464448695	63208.139791218295	5630.0408230059365	9956.799116518687	177597.4230789846	288339.39654420427	118275.30377401692	29916.510368425916	214195.12441647335	328949.10564477154	251219.1933818072	207681.9041136167	81800.26979721957	62313.65779995334	56529.966087876506	19148.153661819342	48202.62829666375	4985.11196691775	101853.04636913899	42570.039983044175	159764.91342885746	223321.59320042	126577.11670329535	370262.8855642554	14419.792555048118	15895.406848260887	75379.34649171546	6255.198399311297	102099.09066965281	3571.569150602879	166603.42879063706	5092.7332897693805	52394.86631087631	21278.1171582386	5442.871654004738	23495.64499651074	114187.91477510611	165435.34046405184	121691.48148815347
PWY-7409	0.0	0.0	0.0	0.0	0.0	0.0	0.0	0.0	0.0	0.0	0.0	0.0	0.0	0.0	0.0	0.0	0.0	0.0	0.0	0.0	0.0	0.0	0.0	0.0	0.0	23.997230843744838	0.0	0.0	0.0	0.0	0.0	0.0	0.0	0.0	0.0	0.0	0.0	0.0	0.0	0.0	0.0	0.0	0.0	0.0	0.0	0.0	0.0	0.0	0.0	0.0	0.0	0.0	0.0	0.0	0.0	0.0	0.0	0.0	0.0	0.0	0.0	0.0	0.0	0.0	0.0	7.999662863862264	0.0
PWY-7413	41.996925810808875	832.0685035935213	23.998539991002545	0.0	0.0	0.0	0.0	0.0	0.0	0.0	0.0	217.81990880535608	0.0	0.0	55.99415740692522	329.6186593257975	0.0	89.96722474582053	49.990772300417	0.0	0.0	20.99910380840325	0.0	97.31389622198559	0.0	0.0	0.0	235.90039262976416	121.97731293219293	205.2951823686462	0.0	0.0	154.90642066733872	123.9691167845559	0.0	0.0	0.0	0.0	0.0	369.70657309075483	105.9744237397924	0.0	1409.887611921901	0.0	97.94703149493492	163.5304036733941	730.1267423726943	319.15294866912103	239.8396563025128	0.0	0.0	0.0	0.0	0.0	129.8944165992993	7.999156148444814	575.6575096354675	0.0	0.0	0.0	0.0	0.0	0.0	0.0	50.64839061736223	0.0	0.0
PWY-7420	13.10344827586207	0.0	0.0	0.0	0.0	0.0	0.0	0.0	0.0	0.0	0.0	22.153846153846153	10.956521739130435	0.0	85.74045801526718	0.0	0.0	0.0	0.0	0.0	0.0	0.0	0.0	0.0	0.0	0.0	5.909090909090909	141.88538681948427	268.06201550387595	0.0	0.0	0.0	12.596685082872929	33.981818181818184	0.0	0.0	0.0	0.0	10.0	19.842794759825328	0.0	0.0	0.0	0.0	0.0	0.0	0.0	0.0	32.08988764044944	0.0	0.0	0.0	0.0	0.0	3.5	0.0	0.0	0.0	0.0	0.0	0.0	0.0	0.0	0.0	0.0	0.0	0.0
PWY-7431	252932.67768620624	2352.44364751478	18857.74559906262	107799.39580137483	222099.43943951896	103199.2068675011	127690.28151981196	50452.705955783116	129542.78399855684	26034.926058685065	28162.30312240433	78894.46333677277	313744.6591244604	10496.231519432175	356058.2858009834	8909.904329678828	3863.944171451455	245.20437590681	11278.224144050968	13120.89638054541	10476.673978374176	47337.547354766626	16447.70992788728	165864.46856091951	107484.96527922423	319059.49203359283	224704.14428029043	101024.51624653398	158825.4336199141	6898.900882592798	15441.968749557307	10693.461239832868	102861.93860215267	211984.00234927595	72370.2217930291	23273.77082496771	147497.4357888188	118200.8218285486	139584.84926661142	136584.105304634	3686.177362529338	508.1266625417715	6932.8913713998445	9117.350705759061	26731.63457354195	662.9632018577188	37712.882367047474	6644.589877170451	96456.25153732004	114132.63221329199	79796.99616263728	401907.5527399992	2448.0643193362125	1336.6225230037776	9518.983215844282	1374.486545949739	19838.33137608749	205.01573812632023	143376.29520497654	3180.1051811760753	4061.536687075731	3764.050779375598	73896.10894539893	4218.849138490946	27084.176726951726	35452.56525552629	25273.65884423614
PWY-7434	0.0	0.0	0.0	0.0	0.0	0.0	8.0	0.0	0.0	0.0	0.0	0.0	23.0	0.0	122.99999999999999	0.0	0.0	0.0	0.0	0.0	0.0	0.0	0.0	0.0	0.0	0.0	0.0	0.0	0.0	0.0	0.0	0.0	0.0	0.0	0.0	0.0	0.0	0.0	0.0	0.0	0.0	0.0	0.0	0.0	0.0	0.0	0.0	0.0	0.0	0.0	0.0	0.0	0.0	0.0	0.0	0.0	0.0	0.0	0.0	0.0	0.0	0.0	0.0	0.0	0.0	0.0	0.0
PWY-7436	220.24703680598878	31.500974658869396	0.0	0.0	0.0	0.0	85.71302517187837	0.0	0.0	0.0	0.0	172.50083051969906	0.0	0.0	575.431309663456	9.447815317546816	0.0	0.0	0.0	0.0	0.0	91.88943319908249	0.0	258.47255495841466	206.39460334000603	68.34571533652077	55.476018570766705	468.46060919908496	425.7026609107243	0.0	0.0	0.0	36.560834298957126	101.10695375151047	177.7913770591261	0.0	0.5957418241104824	0.0	110.35479496870731	543.4777833202853	5.701522842639593	0.0	0.0	0.0	0.0	0.0	0.0	0.0	156.79441512376155	0.0	0.0	0.0	4.430769230769231	0.0	0.0	0.0	0.0	0.0	0.0	0.0	0.0	0.0	0.0	0.0	14.991555724610118	13.169539329363836	0.0
PWY-7446	610.3762715817151	94.70052060505739	7725.767874106564	254.15506329113924	284.55046231381675	21.08384299720305	187.61680664079935	333.2195919181035	27.026205806657796	155.80771624355017	1.6099296914579448	852.1711389656197	236.09199091902383	2.5610032792557966	228.64483826844528	2.2997960135213895	0.0	0.0	0.0	22.52326495776278	139.05837510798312	1252.590394494455	199.72755809910706	445.4587108844539	450.3374328238878	130.7480302313828	186.3994998765442	40.82575094067997	1642.4152564323172	222.6377393896783	0.0	180.74133901676245	30.961117107435282	162.7130073836887	279.2522577381241	5.389529827056508	164.32371694394118	689.1528162103413	471.1616437827242	227.5753936586976	77.1312667696825	0.0	78.42655699601734	36.97037037037037	0.0	0.0	43.69506032374336	137.81749418665368	33.07469549988567	0.0	101.67421307126081	72.17874700198547	9.43601416287304	36.442537001039575	2756.179325930589	9.322033898305085	2257.1773251199497	0.0	48.81510365791715	0.0	13.901222292698815	6.883746709158931	0.0	0.0	233.4756186374946	5274.911705386476	22.368591823491236
PWY-7456	5990.266977288918	8994.34927514473	395.863423313163	283.6088490506263	45.948730451739586	5.126248867382163	1148.5629957659482	704.026550693388	2084.9143742873025	357.1526324172995	34.694732201262006	1145.707897100558	199.19841707411126	24952.65815166384	1606.9156921394904	1339.8473844872533	7.430247375038165	36.97410674836328	41.02271998715243	23.91930180564674	392.4530317769626	57.04160589336711	184.50636086794555	159.4665333555691	1080.9443025200167	1337.737103221423	287.8705529221472	1472.7628891523646	22573.264175961085	0.0	0.0	1000.7034274205706	577.3625875124142	4182.524441432973	1974.5548018299685	102.76778307344141	4011.4827610528228	16.19780995738867	1499.8810203906614	8654.868976083242	338.740472333018	50.25926035108451	1639.0968861314193	0.0	268.31868556367857	0.0	16742.103543116635	976.4825453830568	4786.481846210044	1086.0031227531038	353.7205254730239	4601.36158397778	50.02891771803093	0.0	53.65693929305789	0.0	185.6291354688164	53.99302405049859	787.5324117505955	0.0	541.617071501643	68.27516896200946	169.17642173258955	0.0	906.1519837349089	11172.437549320053	538.0167343568199
PWY-7480	5618.818529525261	21.46994980468425	2019.3114275557282	12.985306473616237	4697.8523835049655	1766.6746460409588	2525.96040514676	1090.1129726350293	747.3245035208864	1349.8791854079832	0.0	2934.6640778468627	4332.432171002322	140.29318410623478	27464.14058939202	805.8320557443454	14.092153195136095	0.0	192.29716731511218	835.9773135422863	1248.6595074079146	958.7302916816594	3029.56621864473	2861.9059502454134	3109.095939570777	936.8858284241574	2265.619152525726	9916.91049322917	18060.37881426123	0.0	0.0	1654.2455676661732	2159.276005923798	4777.534508592368	7610.899008372056	40.70211261093559	3552.7028791746166	1882.8195887669121	27709.46321797087	13169.617598560022	91.13644727231069	2.296806276401338	600.0048654651013	0.0	8625.817481685466	0.0	1023.9835910225152	648.3065908508131	14254.576982278379	60.72496134056786	176.62056363821557	2089.1618860914623	81.96995556809365	56.662169013072	220.61197102505298	0.0	124.78881207306121	0.0	181.60599062197548	22.996661101836395	97.14866229931654	154.94684267126064	81.33158674303294	18.135650181906474	9504.359669466447	7752.961312446491	4596.21380384325
PWY-7485	0.0	0.0	0.0	0.0	0.0	0.0	0.0	0.0	0.0	0.0	0.0	0.0	0.0	0.0	79.5500462328886	0.0	0.0	0.0	0.0	0.0	0.0	0.0	0.0	51.39023737624708	40.03909380962969	0.0	21.99622194609517	8.753625649014294	0.0	0.0	0.0	0.0	0.0	0.0	0.0	0.0	0.0	0.0	0.0	79.11027168731259	0.0	0.0	0.0	0.0	0.0	0.0	0.0	0.0	0.0	0.0	0.0	0.0	0.0	0.0	0.0	0.0	0.0	0.0	0.0	0.0	0.0	0.0	0.0	0.0	0.0	0.0	0.0
PWY-7560	319896.3436319864	118052.98890129507	102104.71563982547	353256.05114599323	306991.8318939954	161074.7855853948	204073.6005411583	144614.06613930166	196418.4318297494	290010.57693471544	177427.77241965174	183674.2894636206	292342.29396281566	259880.86305327737	377731.6573391143	146839.05227724716	325945.3937197323	245937.27579787135	375471.417258532	54837.09344086483	157721.63375467976	127786.66487295736	188209.5130569634	211448.3404908032	229577.96633379997	259359.9935144927	226390.41899766892	240622.17928091565	261891.7554232173	429829.89989933034	5201.747902051244	9276.050210293735	189059.60774039803	259999.86637457114	127650.83321310472	146786.20283690092	181915.7361025902	286878.04822580185	293776.1960924892	199185.7701428883	115209.25135274483	219728.19666027592	165290.6192667511	76430.34705364473	217773.52699716936	51588.16605203222	114693.08532022545	162008.5350562654	173400.62942621546	190305.18030443788	219161.79804834543	344099.96953279775	278556.69340453204	152812.0266751255	91834.03797675272	204911.1539914101	181575.40672367217	333416.3455730931	265316.28103828436	213216.07866521596	162184.7371072978	211652.47318102364	160394.4897463831	226156.7329843095	228274.09548388643	129981.08859993305	166227.6085769253
PWY-7574	31.137874558033005	0.0	0.0	0.0	0.0	0.0	14.98287973901366	0.0	0.0	0.0	0.0	0.0	4.997860722016233	7.40552599971271	31.229825859674566	0.0	0.0	0.0	0.0	0.0	0.0	6.243557627714291	0.0	22.450939442534434	12.48068252392799	11.24401136741232	0.0	0.0	776.1938246115244	0.0	0.0	0.0	0.0	0.0	0.0	0.0	0.0	0.0	77.36745921693709	78.6184845618775	0.0	0.0	0.0	0.0	0.0	0.0	0.0	43.562580533720734	14.989309579743336	0.0	0.0	0.0	0.0	0.0	0.0	0.0	0.0	0.0	0.0	0.0	34.37339194049845	0.0	0.0	0.0	0.0	0.0	0.0
PWY-7579	0.0	7.999666260965154	0.0	0.0	0.0	0.0	0.0	0.0	0.0	0.0	0.0	0.0	43.54384518405253	1661.7344235343385	0.0	3.106574523872747	0.0	0.0	0.0	0.0	0.0	0.0	0.0	0.0	11.99955422544132	0.0	0.0	18.66525782730663	0.0	0.0	0.0	0.0	0.0	0.0	0.0	9.772815589075517	0.0	0.0	17.332539833906015	191.69911669346848	0.0	0.0	0.0	0.0	0.0	0.0	0.0	0.0	19.996962251724835	0.0	0.0	6.666518493006308	0.0	0.0	0.0	0.0	0.0	0.0	0.0	0.0	0.0	0.0	0.0	0.0	0.0	0.0	0.0
PWY-7644	0.0	0.0	0.0	0.0	0.0	0.0	9.492760901694623	0.0	0.0	0.0	0.0	0.0	10.1163870046412	0.0	0.0	0.0	0.0	0.0	0.0	0.0	0.0	0.0	0.0	0.0	64.6491138203053	0.0	0.0	0.0	0.0	0.0	0.0	0.0	0.0	0.0	0.0	0.0	0.0	0.0	0.0	0.0	0.0	0.0	0.0	0.0	0.0	0.0	0.0	0.0	0.0	0.0	0.0	0.0	0.0	0.0	0.0	0.0	0.0	0.0	0.0	0.0	12.191417658953045	0.0	0.0	0.0	0.0	0.0	0.0
PWY-7654	23.991883995381603	0.0	0.0	0.0	0.0	0.0	0.0	0.0	0.0	0.0	0.0	0.0	0.0	0.0	56.99251190858931	0.0	0.0	0.0	0.0	0.0	0.0	0.0	0.0	0.0	8.999204076196442	0.0	0.0	344.46832776711506	0.0	0.0	0.0	0.0	0.0	0.0	0.0	0.0	0.0	0.0	53.99314231317945	62.975330801745635	0.0	0.0	0.0	0.0	0.0	0.0	0.0	0.0	44.99083244763132	11.997422812436472	0.0	0.0	0.0	0.0	0.0	0.0	0.0	0.0	0.0	0.0	0.0	0.0	0.0	0.0	0.0	0.0	0.0
PWY-7663	436650.82244658406	277543.11090455257	322262.17649309826	512629.1078486293	551825.2092170867	582999.7597910186	377655.258074888	498591.1711404776	348047.5541422684	380039.9548183327	253747.9015110489	218461.11529179855	542123.9223565898	227007.34009217675	587170.1944797363	158206.60344733315	338648.25200180063	302615.5115593363	398432.48045108595	188590.5615614885	218809.5052155612	409445.8906683155	238461.92168369255	322726.24707435	311206.7228539651	341228.55293532927	436644.20456491853	285846.0210709531	354217.8990761332	437152.1949844654	863.4563101250778	16278.625425984459	254612.9879680791	342213.9146099818	214685.7056130326	154243.5081461878	365393.7753677416	540465.3276154186	377471.1570744098	226447.66086942304	287067.97425030894	231025.83136811564	204670.68934896277	59481.94451114818	230624.3587276462	51796.49240872914	137227.00375792556	193021.084554943	228618.33026067124	337300.2206914313	207847.55209013564	391218.2415826042	269928.8357161317	153065.5847711788	155745.86905025708	199185.3975780562	186890.94552161294	335664.5082732661	254395.715481171	198539.91801567384	152689.06311373506	212167.23977310196	152044.88697404283	220869.9546629164	262749.4197570422	322324.9560292161	306243.48290257726
PWY-7674	328.7300819384554	0.0	94.3244296315585	0.0	0.0	8.9062103444504	176.22660998515747	76.38281922175878	0.0	229.1468882649701	0.0	47.64267221097623	5.979594571022905	0.0	919.2391909116212	1001.7067771903094	0.0	0.0	85.75097771846826	0.0	0.0	15.99454773965896	0.0	23.416917145527663	410.260519369793	186.46771837785803	38.95809068669963	40.100579374694085	4879.743782689566	0.0	0.0	711.9101873041661	85.42944877829596	251.14409348472836	1089.7601056388592	0.0	1139.3499990530886	0.0	704.2929293387227	166.55281884549132	0.0	0.0	0.0	0.0	0.0	0.0	1217.966061504646	0.0	84.03513508260913	6565.256418484625	97.80267105786477	38.96314046453845	0.0	0.0	0.0	0.0	23.837103234643436	0.0	41.59397402429847	0.0	92.91140947728397	0.0	0.0	0.0	29.966213575852535	140.84311610012415	0.0
PWY-7761	294839.69816604926	134155.16532391479	81253.80934900594	127759.45427416645	156522.23252594486	86636.11821721992	190503.822676909	118894.88193049654	147181.49743867337	156267.6652591306	101239.85280318405	137558.76567694888	246260.99685205382	153955.24767726616	275849.82429787243	59314.41331456285	108282.86457473903	131588.94139430393	170498.92612684646	55555.87719136072	92641.41347914198	102494.86388452073	109297.96950309773	182577.35906123888	167927.2202171154	242623.47493573045	205209.970363896	134560.05571749568	220301.51146471198	203512.29585069412	4846.729987620264	8532.950321127808	129881.36197289867	239057.78981286395	93690.93082137324	116500.56383336218	165955.19909730513	228318.05560465713	236405.14569547007	169740.80088607932	118466.86638967913	118971.2565706804	114382.02486391751	57513.94234853181	95135.82706885031	29187.2459784339	88029.89248076614	71873.18222330848	144003.9547706615	115786.89548293636	138904.95268346733	289903.39780529233	141774.14831174305	90829.77958684776	63987.24044187278	110367.09347922775	95077.76691596638	89479.03283143596	168852.5283990954	119137.27758132096	134065.8638598227	97300.91676067456	69067.01003649658	107536.39781921782	149240.4714988771	121144.5104931185	132306.173522902
PWY-7783	20136.09586342467	290.0539228349374	25700.082133674616	46351.15212905435	3489.662721452358	9876.050652837721	52549.82139454177	9920.565659601938	70300.49914636102	28822.3327065859	18669.33899399969	22192.49781646483	52964.90689953103	19.132839013481842	98567.028905369	1625.232812526918	110.26728067590533	48.85561254121294	954.9826148766683	6449.158699675192	19656.81180263559	27289.569392684043	41208.104113713416	41830.03072082886	25381.971810358773	102253.13291134813	89269.22925956246	243.19016445064355	31928.194563701312	1100.6294749677015	787.6517393934264	1440.7798376585565	44468.28248690679	56738.10001386093	4679.796647674543	13.419400386091159	26416.169109147326	41001.97322089833	69465.60632955405	741.4571536731698	183.07697719998782	28.858316559284024	481.96400643244937	141.79100582953188	35.99774014893256	43.98301486795639	11792.582095080768	680.6332030405292	379.61593959571024	8375.37624913139	43166.417653255754	16116.092468866058	771.1478086870654	502.9828246083687	28157.374536729436	61.99210239828222	20944.898999256253	1.4999978038298867	80722.66021950611	21.138850689843885	1309.1558984325052	924.4324955562977	161.0354902328861	2880.0390498193347	45289.57438476277	39041.317122252796	52938.301466889425
PWY-7784	11222.222180735922	0.0	284.758225275583	0.0	27.054445251651813	243.80767882619665	862.920383945527	1854.2538527781803	0.0	1944.157102063504	59.969568907636905	6119.294841461005	3392.0836831433944	612.8202778748436	23852.137579594495	496.35374064414975	262.49078666351346	0.0	453.71739286367745	142.97710792095492	174.05982984279194	3181.744045380483	375.32178679386726	5575.5397893622485	4911.049700543424	1148.8608882377246	3042.0957653280125	14183.41034971362	1559.418021310357	312.69364978113975	0.0	0.0	1510.1279546847695	2519.551687591682	5146.680143427006	134.65844759040024	66.2759821236155	0.0	4620.061766873573	2696.6755476028875	1274.2361190529266	34.55456930763158	1437.5232948654257	0.0	342.6705659474081	0.0	1128.1432538430306	242.14592443715276	5328.511006358103	31.12949252240532	306.07776296454256	433.5898179604195	30.311000699744053	103.297675247507	407.0673561524332	0.0	584.9983852072314	0.0	232.80580197462416	0.0	1682.3278372894458	166.8525290158201	0.0	0.0	469.07259837172563	78.46217008130131	0.0
PWY-7787	40.99842659041404	0.0	0.0	0.0	0.0	126.4344401933611	262.99913100459634	247.75152393204897	0.0	35.21768647121539	0.0	160.05250934788305	30.382218382503346	0.0	267.24908331926633	0.0	0.0	0.0	30.499863351436915	0.0	0.0	26.455437097209824	0.0	1499.0163094838394	857.8539637141052	904.0437772811081	878.6533730607152	456.71155419538786	2600.113472533796	0.0	0.0	0.0	112.72286802841192	417.9245726952992	0.0	0.0	220.21490097558492	0.0	283.92556617857605	338.75838296329516	47.31574429788771	0.0	49.71516556568859	0.0	0.0	0.0	0.0	0.0	714.0211014279798	4.930841395972541	0.0	216.80371729591693	0.0	0.0	70.46619966182408	0.0	43.922121497349515	0.0	0.0	0.0	124.9749524926212	22.879140190000925	0.0	0.0	34.550096145777765	0.0	0.0
PWY-7790	356308.43429755524	308987.3712310015	263174.7912627933	408252.3205051979	412981.43985403853	415084.70019607054	355014.4646723862	423487.927092323	315181.97593700944	348132.2200757374	233259.70039148128	213837.92040364636	470502.3338258069	302006.9485337843	503875.856279909	148486.4497754027	330869.2254921239	282051.2521847189	389255.26751998044	153947.93248412758	178439.19955634608	328978.14634666295	190173.8053386542	323517.9121376925	307162.61735582934	367115.5939731917	388695.0384379561	295567.5989326042	315248.59377969033	422915.9491155962	6172.581377855318	12750.323665052223	241226.6039066014	326939.0724283656	178072.98742843044	143481.69099131308	323658.7146151785	362641.84251510235	366228.4653680335	251172.47084843603	250260.50775551843	221416.07855705582	200987.41410955027	68668.94593065095	226815.36300147645	50000.01145640754	150747.16427142857	183668.248206985	202120.29624785096	224382.14871253897	206693.23726604815	395146.2344835831	262393.96550919214	144993.3727115808	131029.10660891763	192023.09721255463	177105.593285235	332821.86984492466	256346.91516033336	190653.23969876522	150077.85260656843	203888.75076995278	146067.05148234408	215954.57761782166	229747.96318605877	216824.55580059512	224370.61914185685
PWY-7791	356308.43429755524	333874.5997217637	263174.7912627933	408252.3205051979	412981.43985403853	415084.70019607054	355014.4646723862	423487.927092323	315181.97593700944	348132.2200757374	233259.70039148128	213837.92040364636	470502.3338258069	302006.9485337843	503875.856279909	148486.4497754027	330869.2254921239	282051.2521847189	389255.26751998044	153947.93248412758	178439.19955634608	328978.14634666295	190173.8053386542	323517.9121376925	307162.61735582934	367115.5939731917	386046.3279571696	286027.41843006155	315248.59377969033	422915.9491155962	6172.581377855318	12750.323665052223	241226.6039066014	326939.0724283656	178072.98742843044	143481.69099131308	323658.7146151785	362641.84251510235	366228.4653680335	251172.47084843603	250260.50775551843	221416.07855705582	200987.41410955027	68668.94593065095	226815.36300147645	50000.01145640754	150747.16427142857	183668.248206985	202120.29624785096	224382.14871253897	206693.23726604815	395146.2344835831	262393.96550919214	144993.3727115808	131029.10660891763	192023.09721255463	177105.593285235	332821.86984492466	256346.91516033336	190653.23969876522	150077.85260656843	203888.75076995278	146067.05148234408	215954.57761782166	229747.96318605877	216824.55580059512	224370.61914185685
PWY-7805	17006.0717534542	603.6257322381584	14014.713618746693	4594.46842032575	3161.6984464194416	905.1140481705168	6207.62139555876	6856.3511150168	5684.798178657754	9535.094003634393	468.99059160078724	7683.775173765044	8865.727462062816	784.3220679965933	17086.126626210364	372.25891626338944	32.898346385018144	6.304442177126807	147.7037230655818	1559.415333936504	620.2915659466172	8119.053241760087	1582.8789726434006	5401.229894049836	4024.246861833466	10896.426441154224	13622.222453143777	12757.311183439902	46363.928488278994	1999.9142166660238	6263.825199595046	4859.864364595479	4151.809732529576	5019.606370044515	22057.83173454676	163.0664278387074	10576.229473376383	97290.3268740253	24735.31409532684	35908.860041164226	537.3753851592097	92.298831538472	842.4456295575256	3961.5654196062096	1150.5466201237298	0.0	5510.293132592942	2197.698864339463	19211.989000001868	173.1872138363035	480.45449667535803	3206.3288153116414	147.4007916881453	119.91708070537311	1243.9298487491692	23.500557203382318	1500.4106756681936	74.22137072546923	488.9345316552662	34.67361236246647	1324.9691757069706	541.1317810144349	0.0	26.67742919033207	13403.56237844506	9050.50371660002	3027.006489260995
PWY-7807	21633.655976433154	1039.2358406948456	15857.564851131892	5036.8833377685405	3556.502043942703	1149.0039254491614	7080.20491342052	7812.685394624765	6173.9195399862565	10921.140368447657	677.3153878636571	11174.780779806428	10374.46238946844	46686.65453078784	21800.952446015763	571.124749253319	59.23503040602205	7.481724342621854	179.83585296561407	1908.045885033555	749.2397202275808	13066.807154418095	3152.171877143888	6750.6661950089665	4930.446539064433	14740.070471055746	17199.631446679647	18605.636640315166	53205.41895790669	2358.2078492653677	6662.713659186243	6300.390443318976	6387.045646672109	7054.631594697159	28176.27189741524	223.80029506073075	13054.058590064804	106355.21937234134	28626.989827841317	41832.28297053062	657.1688442645141	110.96263171668413	1034.5897396930152	4528.70834888313	1307.8696616758746	0.0	6412.365949733979	3272.4273553153043	22902.631325369835	599.1699980068114	736.2187745737984	6891.8564909974275	191.09448213690726	186.838792691458	1605.1110320278317	43.29713925525895	1986.1889640358631	92.82980829142315	769.9356486789341	49.004434309264234	1576.519889088709	1721.2486897128715	57.083785551259254	35.90040632273131	15347.116383082697	13425.240687716274	3775.547449214563
PWY-7820	258.20693388172185	0.0	69.8903336382782	0.0	3.599931343422831	0.0	892.9479569885189	152.5355091730809	9.599685751618276	65.52654050619829	0.0	230.01675897715663	452.96487955960595	0.0	760.2221331494338	111.5671117654331	0.0	0.0	0.0	111.40005546412269	12.728216728618928	78.83504074264737	11.191018175331916	483.7264232941651	638.216200226746	1335.0801573568497	924.9724545394785	42.28723767809352	3426.8533042598733	19.104802378193085	0.0	233.4392465695063	1022.3844830256155	99.4440420228018	1567.2466859166623	0.0	388.9110397493864	0.0	4520.344596420387	884.2681984058377	0.0	7.998649308428529	0.0	0.0	0.0	0.0	185.23322046744812	0.0	71.91880900389472	43.0977379771361	36.79068827940136	4949.090659567036	0.0	0.0	0.0	0.0	3.1998350490843843	0.0	13.263318404760218	0.0	294.7701066923858	0.0	0.0	0.0	23.588789225911484	2209.656467785964	13.41420848941339
PWY-7851	317086.5792769835	310997.3883090422	239648.71755684415	373227.0632132921	362367.29009874916	360125.74353814265	309624.0626450404	364559.6667263117	283485.30269373395	301758.5701306194	198487.16028069402	191984.49450840955	413061.5473777488	227268.15620488083	457017.8196248578	164052.10708001986	285314.3375151894	263970.5374797918	365647.3738870044	145864.20648187198	168245.81581526782	289596.0122448292	175307.19727468988	283006.40649044985	280562.14098857006	321724.7008997223	341047.9101126303	278759.4655950019	268983.3267071926	382164.426483259	4846.93	10900.357269294293	214943.99546974676	305953.41857760155	158611.99674935924	134419.89425321305	284833.16016574885	309622.8581884792	330278.0072159861	220258.02571286052	240727.68714412008	207000.23576908757	179490.15979408927	117148.02010937696	206709.04962865205	48577.84744226236	125337.25649018266	156138.25093665638	177632.21751695656	191649.39323959727	189200.16484490357	336519.3501717767	239371.34545399714	130522.91249961818	112353.1596263769	175798.67212989347	167417.31299084667	285198.33164942777	231777.8256360557	188196.5520326463	155671.14707176032	179177.35905564605	151833.91063437564	191767.83509294092	204861.01683227392	185493.05478873875	211783.76662727416
PWY-7854	20456.037392099282	124.30146325166034	586.7398549821917	29.998154133995353	724.994545231043	391.33364740622744	9494.720308598875	3142.0164234561153	23.99598208344041	2336.1475510847868	19.98095002238372	15477.04420259003	9042.86494100711	1835.9420339903927	49559.05461086443	3266.674690228843	2225.6492587957932	57.24209739643297	1532.2053342808908	994.0060378954294	141.3580094089	3539.956408248499	420.50516774934925	26619.239188025418	16758.166498020142	8811.626504694625	13186.285297151988	44342.77675957665	129660.8728519344	2494.0441403740297	0.0	2167.9341522144728	2283.688006550799	11617.367927357922	17801.164795827764	256.90194007991585	3361.6388472054987	1561.41756086313	18859.60661816158	91366.64391815475	1255.8509149183656	108.00152306353351	3132.4284581076	0.0	2256.1351205069072	117.34490238611713	2332.248189687781	887.6023026879657	33126.24138662804	31.99695005482455	449.988028462094	9194.804126006555	152.3752781211372	165.92070056892098	1919.4771132882245	30.985658409387224	2770.3111024377326	15.310901749663525	596.1996393947481	7.899314077150588	3076.181480649269	485.58984546264753	11.989565172022488	0.0	9186.800056780436	26720.74766062821	9.998808932813327
PWY-7855	2120.793252390688	0.0	248.95208431060988	0.0	127.46516199157635	82.2723083738667	4224.699211383752	1380.0995650237742	0.0	409.8835885786739	0.0	3141.734939473817	2990.980429408779	34.93134488585216	10945.517427445542	49.431536881005925	0.0	0.0	95.50565987819192	881.297378519026	132.78747999871834	1525.254287736454	55.132828029986335	2395.136864854581	1896.6455283563785	6194.846522883605	11046.59490096143	6374.709866868052	19018.73617458518	0.0	0.0	0.0	1054.148351310338	1551.8908155134802	3389.6147752597226	15.061497577114059	6295.968971679835	268.5962636610667	13011.794099741473	10131.50985681145	145.29420616255308	12.854499820724277	208.987570068911	0.0	788.45477882152	42.87441860465116	600.0965028588878	60.7958681685691	5526.818425565062	17.618248874989646	53.7044786305818	552.8491087448278	34.84263959390863	7.707174415412492	170.7123492951623	0.0	262.76992086795144	17.28395061728395	107.15009255356165	0.0	301.6503440860555	154.1800596058553	0.0	0.0	5540.580814465485	3863.406781938459	0.0
PWY-7858	47491.28057793137	2147.306431659387	5372.669817423362	13070.802995154208	4847.586529574792	8203.957422115074	33587.42776942424	12529.979112508117	1549.2124843815204	8468.664134093993	363.5822612356954	35644.14948202957	27047.01571721715	1147.9328303696195	136228.9888958087	6229.698307885104	2401.2835317288104	488.7029866802309	2357.5131860425786	5145.547448808753	718.0888023451785	24682.536049119164	2222.826324551948	17283.442430316623	25416.321820106383	26777.404805420894	27871.230583252785	36374.83960111749	94155.41603525769	3884.6345845358437	0.0	1054.5066406457797	42122.540774910376	75684.2686988851	45324.58893177019	3164.239838395229	31997.13158716774	42371.74462460679	86571.5881124881	64606.99243576466	1821.3214140922555	407.8667030741022	20433.858794324202	304.90880881772716	5779.29059103044	593.1972475354322	18700.097265688317	3797.506120286268	50484.66310326662	9800.660962975377	8467.232729113546	105526.07343470369	329.86640093792363	588.6132787230249	3504.0489484221016	101.64190330960822	11818.90787704995	155.25706342597903	6658.226957693402	113.55643555148427	2151.6025034548616	2472.3483297601583	203.55852263690852	106.10337191232517	11782.774072880884	24728.025006293017	152.8684124770821
PWY-7873	11551.9935394202	252.87831704647874	11243.944613533271	210.02011956777474	1856.396371259959	648.3166032307183	4128.839075443802	2658.1345124739832	10581.868779043023	1283.3911103808107	0.0	4943.837922964508	4517.569604976096	307.6563009619366	20529.507903636102	1475.9075774654145	118.42015703231927	23.29485026870689	106.47296231110032	1176.1739041284036	2437.0775768602566	9363.432107007851	869.1789345950548	2897.6181048760777	2598.866579400601	5213.672411651208	6580.3862969421	11087.209688202638	34357.145746305374	1235.6915718838718	4947.756727826365	3127.125323927844	3789.3022598480957	4268.660180448183	14610.757195797296	111.6525455248454	6289.05199339358	2743.7759555099874	19103.917488194784	17356.699380948037	396.87626327692	42.44209422809172	676.3770856387086	2249.385250620009	885.6709957503226	46.66846878269969	3048.95939949194	1330.3487661270747	9739.213606237061	103.30946106992594	541.0581888823119	11040.684705636642	60.507945937917725	101.43214086568769	20291.188176792064	42.78597547859755	3949.4917664412155	23.787452862529992	625.4154595573965	28.631782211314285	1613.8280140469114	169.73029941814372	1.689309507502646	5.538461538461537	2402.508847536492	16424.319393157744	7908.793241602041
PWY-7874	148313.43718075048	260.70340423669614	13936.696627204663	426.6450643301879	1856.396371259959	922.1689651331199	4818.8487940086015	1612.7956617906755	10581.868779043023	1639.7018179783165	219.18364749849	15605.681855186598	6252.585879694573	293.7906425053826	26827.286470656953	1709.3906348269315	113.62577698305617	23.29485026870689	120.3975657863735	1176.1739041284036	2437.0775768602566	9363.432107007851	869.1789345950548	5042.326466683799	3136.5402720520196	6557.789379278568	7575.926683478158	11275.92018937307	30879.14192420821	1078.5280760690143	4947.756727826365	2996.1399325787784	22074.87945891149	56947.84690593208	14610.757195797296	143.26179090096605	8467.56061511798	64228.24584639391	19103.917488194784	17101.74990004607	370.1447955737936	40.70968135759463	744.5971471432133	2319.057680463608	1038.9337225318695	165.18333333333337	4133.062162852074	1639.4613584096394	15217.633970106906	48310.024116035645	3009.0056451543765	47115.26886573765	97.57140440192563	204.31966727624413	20291.188176792064	42.78597547859755	7650.012329400301	20.65610859728507	1774.488948475449	28.631782211314285	1501.3064693357228	191.2476952564325	0.8572511848341232	9.795468462951623	2402.508847536492	16424.319393157744	7908.793241602041
PWY-7883	306798.0786140983	620.7673334403031	66830.88491254202	86841.7465498384	207601.58122656157	89401.74084797266	103004.61735543574	15747.483408387146	161317.9063620874	49574.96852056126	28233.899210357846	62975.02783033485	209455.47019184913	3855.7092122332506	164064.76301583785	4113.860250164081	198.37374437482632	73.2794051812299	1525.6453908449892	11835.0162389542	39435.05826534268	51368.50782292072	65477.98680094506	71790.32895633554	46078.73278556653	144143.7883809429	119309.99340102704	9241.734850424757	69920.62678423231	2427.6351420006854	1004.5382276077402	4655.198408723255	122689.01712575408	199338.2672191699	20731.676114440023	104.10508305765272	105262.22431968323	297109.1382480272	135724.66228321468	17304.551690737208	1774.6701178348385	43.286495025480384	2155.822681303433	694.0274071810837	2965.408085836692	460.677112925252	23481.200455343427	5565.06327998937	38340.60840396152	144277.9647407717	72216.92359645276	268962.9847444779	1308.900887074996	1235.4230817330688	51431.820108724714	125.97462914771884	46829.51665434422	2.2499941078434906	128280.33521430627	31.708849711203882	3620.5121894123918	1469.3943355712115	241.59966246352346	4327.198627967106	88295.91485460318	194939.44365555068	99238.64322565397
PWY-7900	40078.875223195726	4617.288969052487	4320.95261651691	2122.1438429191394	1292.2022238047155	1628.583394204476	25881.755015657636	9453.83233517947	279.4715144507752	5402.6036695651765	634.529880107344	44174.334259163385	17409.654626675714	9850.838626935547	75498.70275945328	8161.339999859971	1609.356667339663	223.79884970936442	4207.484361162745	2336.485752586858	533.9502661999395	8263.320029475242	1684.4141865012268	58728.471769260424	39171.64507173758	72439.15019301379	67952.56281312155	82012.56851139288	175678.91296944235	3811.640777943588	0.0	2761.9702048903355	28781.598275815388	49858.17685283216	38087.870582462114	2930.2014389488872	32667.5791161059	10504.18633893198	33340.17241798254	128810.85632372943	3024.619507499272	180.68646783992858	15818.430248619603	452.92696695514985	10761.825011920759	558.0935345658547	20765.305472240736	6969.100272816085	53994.999089046694	7339.3353163669235	15886.623820930676	151861.03719765713	437.5903526139052	523.7144216163662	4532.268640664134	108.14817804838738	10940.060606149822	88.3037798970776	20385.519240064186	277.11596604315883	3750.6489463918538	1568.717489251307	118.95779180817908	54.18726544855998	1562.96470139366	6561.789435260454	36.0612175013097
PWY-7902	0.0	8.999914552796286	4.499971573501518	0.0	0.0	0.0	11.999861445690964	0.0	0.0	214.45642325912314	0.0	35.99799137826846	49.003105358324646	1916.1857411379337	29.999367816222918	3.4949558266164154	0.0	0.0	0.0	0.0	0.0	0.0	0.0	0.0	0.0	37.49826929680691	0.0	43.49795973774243	7210.88175454519	0.0	0.0	0.0	1069.6977401137103	55.04600881971635	0.0	10.994712598382874	193.45462921498392	0.0	1144.547141555925	183.4462900333145	0.0	5.99994528082464	0.0	0.0	16.4996135390031	32.99335547505463	0.0	0.0	29.998494053500774	0.0	146.96694877115547	5665.728601874805	0.0	0.0	0.0	0.0	0.0	0.0	306.6329219634743	0.0	1115.1232765306138	0.0	0.0	0.0	99.735500432084	557.2701086124413	0.0
PWY-7913	3542.184882988411	47.99308806469843	319.7868029771467	0.0	15.99907623182134	31.99856577673434	983.4372758001012	0.0	0.0	99.95412227012348	59.983493877239	1181.3515628018613	345.7228590566918	15578.094403441146	4824.239327124918	77.45047317416807	119.6033788460902	0.0	0.0	49.99055128708116	0.0	56.39417794067144	0.0	3921.013736717331	1539.8856182319419	75734.49855329211	90462.4038008305	2370.2181907290283	7772.517905868539	492.0215218794583	0.0	304.48423952071425	432.831650993081	535.6728469280447	434.5204011456509	27.97632313900273	308.5192949534888	0.0	1589.066820186295	4635.223303118526	987.7615007800455	0.0	609.750988202664	0.0	21.98711799230539	43.651809980562476	0.0	542.2505152124536	4428.695095301219	272.96314384091033	41.3392553654459	1002.3437924736153	11.908404277641068	0.0	639.742698126928	0.0	0.0	0.0	0.0	0.0	260.68349263615875	17.97952423149864	0.0	0.0	14.397475030429952	622.4278420128111	7.997948010046867
PWY-7942	4921.127844510219	205.27163010624508	964.1901442672884	1312.162856189286	143.95056110558488	253.03301279569794	4135.0585315593735	1509.8474693745422	114.49452797408061	3187.0993834907727	30.16320786190247	7257.044031259396	3963.451326514649	3267.8237907169564	14139.571658641125	3009.783776083474	351.3040937567063	184.69988237004236	1078.2370802952255	801.1717877095015	187.09301317900028	2207.6537033746595	512.6218654088701	6465.470429893881	4556.586890109337	30938.374883160443	9902.055681140415	26052.593137978565	26549.53174778601	1041.008477475785	0.0	985.8677193929831	3696.6486669195424	5604.443156858738	9663.597526276337	150.20089279494465	20331.524416714827	656.4363312812131	20127.230035624143	20148.837074095503	1112.4823579419729	13.497070602939216	2961.958153593001	0.0	4281.9597619473625	75.51078253537733	1880.2730023288107	214.90702014443292	15347.987765397836	180.66188809420987	292.32242640794743	14225.406522119078	16.456739021504355	125.20246760353014	549.307006245915	12.794848962847398	393.08062060249387	45.90274926262572	652.304750713447	19.27998647088609	798.8691524893167	546.1676944338138	7.714119103155806	0.0	9148.988808704727	11522.89924015182	23.81004437884539
PWY-7947	479.03008321942025	0.0	0.0	0.0	37.08586330887873	18.8334646544235	142.63812807643333	0.0	0.0	304.271875011229	0.0	433.04839309133973	68.50064802766865	27.239432274104544	659.854574942506	48.443185135608715	0.0	0.0	29.618325338890653	0.0	0.0	68.58859896169976	4.808242858519477	73.97020137281379	161.77799096233056	141.45054108381186	48.25728876333876	767.947968078583	8969.719636741233	0.0	0.0	0.0	262.56762621801977	312.7353163625398	483.91233484892	16.660940888732696	0.0	0.0	426.9140278227883	3459.4295525857383	38.493577365846484	0.0	238.64209801856856	0.0	4.94719787874015	0.0	0.0	0.0	2312.6985355019456	0.0	72.17474029857293	1162.8472596068098	0.0	0.0	76.59429730149633	0.0	596.0958279208619	0.0	45.453490738185984	0.0	489.8687148763694	37.01362001710235	0.0	0.0	26.5209237509481	0.0	3.3014298597523544
PWY-7948	15.74205258008212	0.0	0.0	0.0	0.0	0.0	25.97433458917887	84.50510360314382	0.0	0.0	0.0	33.937299802316176	37.39598611816864	52.38769023898295	113.74804944791308	33.36002945035035	0.0	0.0	0.0	0.0	0.0	11.960655737704917	19.334331050347675	79.57414607941861	89.91718710675683	0.0	37.4393557151174	0.0	182.85776979781218	0.0	0.0	0.0	59.84272195863587	8.997974549843704	0.0	0.0	47.93564292549831	0.0	35.97741113871391	249.18242587780068	0.0	0.0	0.0	0.0	0.0	0.0	0.0	0.0	49.47563501839269	0.0	0.0	0.0	0.0	0.0	0.0	0.0	0.0	0.0	7.48767493377331	0.0	44.391272409416054	0.0	0.0	0.0	0.0	0.0	2.953846153846154
PWY-7953	359782.72232130397	352922.43923730176	279323.84457999986	433959.0490191609	428042.3878306151	422467.9558476525	354370.3401256914	421996.1011140186	312381.77383080503	359029.0700547092	239990.01619575446	227980.33835904254	463138.7116892048	324380.2956792647	527258.7557863224	155556.79215166086	334072.1348516467	287832.17102692474	394276.7229982024	168760.06469293265	187817.76164785982	339666.79777749494	202115.293268155	331823.86362762854	325637.4941038318	367067.064272843	392554.91776069807	298874.88922643993	321494.2039327692	432232.4789702503	5782.988314680404	13262.766667849692	248338.36436273725	324158.7993928275	189761.86669437852	157626.7144309289	341636.4235123243	368724.2565495521	387332.81628788484	263346.8568381552	250917.41293811388	229457.52315939858	216127.31938734706	84722.41758655538	237336.95831547066	56275.834042235336	152974.52916464495	189486.0763065336	217608.5218831836	226159.8093558528	216178.3134104213	392140.8123801313	271545.6930737447	155109.02289173324	134691.32337847716	201955.51137723908	191851.61155889378	333048.74841611256	262328.97098474397	205607.16594265142	163916.59604420414	211835.8259174149	158367.14605170357	222638.31184994674	247408.6606244309	227259.24921015557	245803.1103183282
PWY-7977	429657.09989475337	188119.04560043977	159657.96728522494	458749.14306457055	347910.1408632308	174873.48837616693	182811.01140970347	186765.0907588245	292643.5256676335	224380.1451155794	144090.0052351823	229564.2517193401	287860.51716697746	354887.0074419431	340086.1797370161	194885.42416846697	158324.14460778644	297241.40010249557	414719.679205996	52838.534108527354	145196.8649325055	158278.25574300176	181721.1269349426	182746.1748881938	288537.1302902364	211723.46652402778	197261.51016499166	271638.24714365136	321674.602462025	291624.3500167945	6508.59354987572	11288.898085293315	250676.95329427932	280063.29033701465	146688.48608894888	142678.03101499446	156093.62711175287	339998.6037096113	277089.4759474237	218957.49684992028	275990.8457158862	233930.74741424492	209396.94871825082	109500.13650232895	149229.9761196234	56468.27753935171	134874.91320872135	103550.71482322471	209798.6681876843	209491.202551868	207984.0374903172	323284.10372244945	215783.68341440687	140156.43458234722	134577.05625640487	175546.95389922013	223654.44519230726	134376.11357142645	249941.71412088093	212219.82231218208	161151.23230579746	149590.83181029162	180065.1421530888	165908.8359914743	226775.06126872724	224976.99116528043	236506.1411637124
PWY-7992	14609.73746688704	1187.1130921303638	851.2319276963727	63.97755651604608	544.7054908197224	162.30349667408686	2609.0193280387266	1146.9741478114113	1168.2972433231964	3071.384546247953	83.14058670472227	4495.212401655824	2384.085749176628	571.2752608674232	20901.98678933133	734.2531984257354	141.2055951369009	33.51038902514378	119.510719294907	808.0481456967462	554.9314622112588	1263.7143698128332	1283.3677370613912	12233.99074505535	6757.273914733564	61830.54023293742	64995.78709624869	18500.31898386071	82672.2489855661	1258.8715156199319	0.0	761.3210769633695	1710.5058729582906	5054.418615451978	9906.015736843445	314.59033730298756	19480.02220033787	1939.8994948444254	11243.858421583476	20800.010931394878	1362.194605878197	57.126187791694974	4791.481142343454	0.0	511.59362269596346	89.46009708080496	2295.9150975946436	714.7704219502261	26243.887043424744	2879.7100081643603	324.9378344681585	7381.833439867617	122.76664948030323	80.97722739318193	1184.6095532020713	0.0	501.3420111152067	0.0	475.2407360864698	162.93278458024906	1008.5169034795715	386.7304236941214	115.92797522828951	0.0	3654.0216396818573	20054.939465953692	115.42149490348869
PWY-8004	245930.12431194558	1188.5609696369193	93593.81917335115	19054.420721614955	25234.848068351308	2532.9911576196228	50281.82018590847	35025.20977806183	51069.42747104897	32999.56679234363	1030.271268089233	58347.746977325376	32374.75218149869	22509.320988469084	69563.40523654145	6001.622608646235	416.1244425742377	151.9208575356718	981.7188626640441	16522.69268679317	49864.73669218928	69862.90652531975	53007.68917766919	39024.498368745146	33589.69689230955	33190.860289538905	40565.98586869948	48548.392622114945	154234.6077717225	2791.7141394197456	1628.2601081157984	3188.4378815524583	78529.38861481863	158627.83524349376	45449.52690810803	424.8308488835935	34931.5571472023	231526.09727148057	77454.77135762715	103154.0945148807	1504.8569502429882	152.20332984996426	5210.069352725992	879.7346105115117	6562.052476015668	862.5584185212008	14568.534622021503	4760.182968934448	65544.55595147726	127031.2333129646	11385.003612123823	158126.7799264853	656.3398632146608	1252.4755717820226	54964.51149851592	190.53042307511444	24344.552098627377	172.33883243272334	6995.123490073232	69.0736028627744	7034.8255630719705	1132.7326312692296	13.693004575866519	22.98954336751553	29662.116979916427	94316.84057616953	108344.3771957413
PWY-801	148807.0983355594	5910.982774315028	19039.893933189014	14864.369278597147	6492.0375031650165	5572.527646234893	74686.90659685235	8417.873203680138	5364.961210851603	11678.165360800302	626.7670609352089	51203.83281151107	23824.733387276578	6395.985199899052	117615.58721393856	8365.71043762386	2637.87409800813	146.68719725189328	8752.469154023467	2625.3834786146963	709.7801695496097	13264.94131474408	4722.957562335991	103373.5730936863	67613.47659704796	155080.90732747165	117619.38278215982	66550.98309103373	138516.41804477593	3357.7216579177198	0.0	1858.6029342377146	58737.69990285951	108749.16808592521	44588.482088233395	3298.8401489502626	112402.713717641	93925.03533169738	105333.16596041084	117484.12118135008	3154.3235496691896	352.1119285447256	6849.018431607677	390.57283051308514	15110.074614145602	500.77031416505235	12039.680948096518	7236.509043201893	71850.56846687265	64223.16412836585	20301.810072043943	200101.9856723275	484.64249619774074	696.4016137892958	4990.559039598941	74.97676649309481	15484.635066053652	95.98693188530228	24256.590849611453	313.0005446378766	2743.7196065809153	1258.969253149957	81.19244652571523	48.488314253384836	23073.257385622615	95622.56952588282	1227.3403705925002
PWY-8011	223237.62641245173	5626.39	60914.88	49860.19	35470.35	21943.59	65053.08000000001	39685.03999999999	56852.72	140264.9	83183.98000000001	71126.34	64434.62999999999	15543.49987432187	130774.28	21860.820000000003	214676.07	120915.88000000002	219988.13000000003	30267.3	47853.39	45636.62	70174.52	97997.32	107755.57	75652.51	39606.53	55322.92	110833.65	227048.63000000006	13239.0	9213.0	101134.1	94606.61825864385	48407.899999999994	54989.35	70187.81999999999	101508.05062680827	102968.8	93277.27	10440.38	99612.93	72609.5	11284.29	118458.05000000002	18491.01	25653.040000000005	94258.97000000002	53888.01000000001	78737.689110358	63720.37	89407.53839858378	128831.41999999998	51711.88	32440.047251183103	80651.36	95138.42	234862.99000000002	72350.04000000001	76596.79000000001	20763.52	114420.56	21144.8	117147.50000000001	79859.5	24775.730795055977	103669.51
PWY-8020	12980.430125234258	149.85552121836147	799.1725307869616	66.36530597450889	772.8067972553423	419.8380512850419	4081.444931964265	2355.0806154044667	30.5502147311915	1237.6508913096716	54.11287730285926	7850.676981802574	4412.775589683815	5560.1277317272925	9533.340092101762	1437.7632711430067	41.10990851684879	7.721739130434782	67.78581974612096	375.4159441890326	99.45713385308906	900.4454954129901	257.57089970706164	4791.859250406839	2542.390468962044	2597.239846409206	4139.124296056997	10897.742090916565	41471.72372723712	251.6525898349205	0.0	1353.888679538341	6453.977014980469	5989.126016222179	10998.595567853195	124.87800361127832	5280.667788785621	1007.479732131621	7043.836768431615	21297.78559285014	229.5778396247093	65.5673147920256	785.1094265796505	580.7052936486257	893.1256919244962	148.16878328553872	4189.006914067683	1536.9854313162289	16093.833754602803	375.9030808877083	690.0709078465255	17890.908694571048	84.08885399286812	136.17953405157328	1267.1660125614503	13.714285714285714	1187.4865251843648	42.93785310734463	832.1837224579007	17.382840169084883	1441.7777476170418	231.95521440926882	0.0	9.97229916897507	567.2141109587075	5540.137593055782	8.762312633832979
PWY-8055	9627.433558243087	0.0	10000.100342385682	6864.118246679863	6966.6617933984935	507.93527299606365	715.4741267035363	5783.872939604543	7953.314363982671	8573.22328792899	9.23323166107684	1432.5098593944058	1270.6179502940622	0.0	112.09360033042366	0.0	0.0	0.0	0.0	0.0	709.9105401010531	7183.911225316639	4266.324743148534	152.0022617659173	1364.5957910893474	2.8496887052335533	32.81867590203859	73.01672294802165	2812.4292055320534	192.43530059143566	0.0	0.0	213.2514198730078	1291.8084141710515	0.0	0.0	321.46292368195367	96627.95596684125	514.4770160558966	61.62281768190824	24.687385758783964	0.0	368.82508129221173	0.0	0.0	0.0	0.0	0.0	48.26807133283642	11.766677824789827	0.0	75.94883556166675	60.716517988210015	34.385274456767256	1068.8946194211937	0.0	436.2367195363085	0.0	3.722206365239148	0.0	7.292244785002617	0.0	0.0	0.0	263.0207824072825	3418.519516416272	4508.838214270711
PWY-8073	159671.72113666212	366.12314191042526	28205.414041361717	31235.643059959504	93872.5976260633	41099.6280704809	69088.34863770475	8286.207046057116	68005.47691077618	19600.788110355894	10244.521527602574	29739.71304430191	136344.3992374515	2883.7272384977614	157887.4936227504	3235.8391286839465	969.0489603655892	34.46443477479903	925.6993396243777	6353.44630719387	15285.516788382414	23275.788885032573	25013.611696580894	34429.85461157045	22542.713362628238	91524.31840509505	73489.65956105369	22592.428997404702	92901.29130374543	2189.238487076546	4846.43	6814.232275660047	51689.90704833547	135814.0189808038	26586.677995864167	178.0493865568563	67714.5798338176	140750.26702949867	107071.2730383327	38827.110013495956	1181.0891184163788	60.76	2825.7102528940263	2342.9999999999995	1933.3741473245695	208.13245033112585	11805.8747364987	3215.494802333691	37523.06253028506	61812.82779432621	27280.8911271344	146398.95495988248	534.5147353771122	520.7228491973578	20130.299564833196	68.74217416050087	17664.241160595353	42.94282511210762	51896.46127486326	42.34789396564733	2531.9700422011842	785.8012438337018	85.83583449148401	1456.9419432131303	43661.80651932207	133163.23755601604	41252.28693751674
PWY-8085	144008.56336145173	139.05370670075752	8930.71677759647	184.43716535731545	272.19456685133065	187.26384463011325	1194.3095312528426	391.1875726351535	25.68807339449541	1185.601158608493	226.98120082680413	12367.467951066916	3910.7854066281916	180.41305583601303	2665.9766643466073	276.1914874051136	14.63209530483532	0.0	70.94872340187376	307.2651777028006	144.00587758469078	447.2825848907149	270.96360955530383	6239.89036891298	1931.9833010374755	3139.975966938668	1961.5518167950227	4815.518340535007	11151.83560190696	875.7603236838818	5881.333333333334	3591.954688318491	21028.715216747627	56585.92328244505	11804.089504356505	114.61172221787413	4553.565421044488	53281.27819991546	10117.337674576347	3365.3727480486573	224.50112285898106	39.416309012875544	483.4078663631877	2992.6900075131484	291.75552755914606	172.53112033195023	4111.087745416257	1857.9879777216743	11062.371126825079	48350.881849527286	2740.5402371079113	42107.94806499855	76.9799847985812	212.0638336221837	1460.3473741746386	18.114451988360816	4625.913563741164	28.06153846153846	1255.544802358857	23.255896751223855	319.4075999175567	118.38370565045992	0.0	11.989399293286219	1275.5977987733045	5342.971033788552	21.219291345228648
PWY-8131	20010.131651929823	4264.516054332058	28627.658631042817	38833.41266741898	21035.391376988046	20613.227209553523	18970.80068993055	5791.0828201047025	6169.9472410169565	3600.3585653187242	105.10649356748789	8756.773959299764	48407.94087092901	9441.702971037248	33983.57767312936	110076.3399071724	778.9187475246508	71966.96889701708	117287.44405005113	21662.667131979717	29377.844885648683	38216.87797768934	12866.91064086279	17145.160145410813	11892.571264798056	10095.680613942053	6867.911366638588	12654.222287249002	21658.49220981694	3031.982846459635	4513.111791228108	3218.5014354436935	2510.102889338632	3083.449089127209	13539.470204923311	2205.026269965645	21853.595522696636	13843.830671815555	15617.767731680442	9955.300169351836	89137.33680810747	48582.29811045948	1150.4575918099704	2865.2515620585755	1712.8844242660828	0.0	3698.750197199564	1573.6233587183324	12654.623902844589	6608.863251727646	1052.5993139058196	15003.781916070944	133.30629123556267	145.01996098146796	1602.749155862754	235.57921862432244	1671.1356787808065	33.76743130719808	1583.4543913549983	224.46491137899457	393.0067416063111	808.6899343793825	6772.572490317433	24.8102896893174	8735.391857481596	9864.795476081774	80886.02629841211
PWY-8154	294.87103830622914	0.0	0.0	0.0	0.0	0.0	682.4870681878713	52.11209290927119	0.0	0.0	0.0	711.8524722270535	140.76036636048642	0.0	520.5860428359271	0.0	0.0	0.0	0.0	0.0	239.13849245135205	37.30031900956549	0.0	126.94551110350875	96.8177542972117	111.90017699995869	74.82614814656858	0.0	3468.092322552002	0.0	0.0	0.0	261.3077092959898	0.0	0.0	0.0	70.71526352247565	0.0	44.97199109607111	172.0611192030966	0.0	0.0	0.0	0.0	0.0	0.0	0.0	0.0	0.0	0.0	0.0	0.0	0.0	0.0	0.0	0.0	214.08726859924926	0.0	14.939658487242863	0.0	7.425507151600347	0.0	0.0	0.0	0.0	5171.841548828164	0.0
PWY-8178	437232.433050825	324950.73332568404	400233.44091235637	518173.49486466916	451334.94675461366	378073.0424000247	413721.4695818718	545646.2051081931	446375.0243778268	470377.41883459955	307342.8001344658	308078.2878837092	578208.9502134593	410157.1299528586	580353.6171657742	224424.43558502413	425112.86172197515	383391.02897591994	509721.6492280549	205392.66867385647	271420.07477534213	455431.8077847	270055.53984232986	398328.70195615926	432498.43738894805	420621.0116859047	404382.662496051	435347.1241683163	358711.72971151903	579829.8696137161	8876.090994483222	15113.042430752013	317033.13341048727	348443.38576902414	229852.0089029962	210458.92721886747	389121.1774735807	448051.65575273696	423130.7333211547	299583.7622129784	335850.63522470015	315674.2938294377	276995.4994536125	153355.3473866186	295995.67360251496	67024.95314975384	193491.82802711427	230585.360958979	281558.3009039821	222088.1627068234	288459.42734250816	425617.9289394957	363280.48197803355	200576.744154984	192467.51397707814	266863.7797623472	291599.8025761625	418792.1237238001	348061.2469473312	311966.7076389593	209727.27836290564	268625.1158244412	226483.06225663648	288077.4664155251	302532.0601304674	265202.8655047605	369012.3566175505
PWY-8181	19.03179965103641	0.0	0.0	0.0	0.0	0.0	65.68029946514065	0.0	0.0	0.0	0.0	0.0	0.0	0.0	0.0	0.0	0.0	0.0	0.0	0.0	0.0	0.0	0.0	0.0	101.04453364333689	0.0	0.0	0.0	518.0456565560884	0.0	0.0	0.0	0.0	0.0	0.0	0.0	0.0	0.0	96.25663635097042	0.0	0.0	0.0	0.0	0.0	0.0	0.0	0.0	0.0	0.0	0.0	0.0	0.0	0.0	0.0	0.0	0.0	0.0	0.0	0.0	0.0	58.771299872087454	0.0	0.0	0.0	0.0	0.0	0.0
PWY-8187	269150.6733519135	143892.77529782054	89543.24267976522	306577.4946271678	325136.51726990985	254492.02851506532	187566.66204991928	329812.92537290853	182474.06748357316	249828.8146839254	179877.205610827	84969.40933184535	200845.98829144583	129045.41845780285	240639.6044804323	125765.66284582071	305669.92913601774	261347.56348283478	393987.80538514047	88532.68093040027	73333.29188295615	218986.48276378392	90301.0272349819	164017.0396634998	134678.9064033715	214858.89099324806	224560.52990699795	120974.57116006788	195903.9102572301	332323.5136995955	5868.844719276345	7965.674216125796	104411.2525186986	150150.9831893368	73493.03330923815	60043.324770740786	115423.37600750517	185195.82600802756	137626.35887782866	111656.13083790368	206664.92808414868	188610.13522563406	83335.04160596963	8161.6980334630725	188894.81470281936	28316.28553608224	60530.77388875978	142430.1804053606	105535.27603823965	144250.7316839047	83426.31891586792	233714.05959133073	187649.80817374535	80916.49323911425	96798.37567873379	122006.53781925079	35187.13803665922	322628.0676561389	99085.70988312506	62297.96232600942	32829.41849883593	157131.7815866725	34379.53432407471	167107.38581633082	118173.8239626633	104109.33913131637	53588.23996062184
PWY-8190	4.999948134126922	775.9757387801506	10646.797426788951	251.09377819384923	878.4034452351675	342.14327481519837	21846.51112624188	6707.127905418959	0.0	4138.9582450575035	67.73929130096046	12617.863542940793	93184.5575888814	7243.05794112435	10292.721389761624	598.597003696386	209.3826702188992	47.08282031177379	2271.561030836764	4767.65953925524	14136.743351166673	7103.9389389460675	2698.286772554462	9996.385891019221	27186.426316137113	4057.7951206504617	17829.466707646166	3065.81133121833	843.3412284203341	1632.3352821076326	0.0	2676.6164016312264	1108.822429152168	894.6134440081954	16562.056481299285	439.2155581385407	13941.208230979306	0.0	2341.826058604863	1728.0617958696046	24.877535073031073	41.72734784267596	7000.347087393801	0.0	169.6371821442648	0.0	7019.248651275511	2367.3780529730066	3098.8979749720106	0.0	0.0	9.674670343192478	0.0	0.0	285.01619281129075	0.0	3851.2127695922136	0.0	0.0	0.0	0.0	70.91093760705182	77.69784038100954	3.6407148233265834	1030.7495484001495	16129.735244559173	2114.533386211041
PWY-821	262793.25893185334	6108.916718219695	33945.38687014474	27544.896941517884	40694.63445016672	14729.748065897795	134124.64648597737	17498.511230171098	53538.69276919845	28574.156503197974	9410.190710512981	79678.56622865734	100306.45431036339	31743.41284601141	191528.3474534531	8604.569351327502	3815.2495946054823	623.5128935060941	7483.274664934356	9226.3277346441	9706.370606172652	35617.81195426434	37359.14503418163	101176.5039222507	67393.70904469765	159483.67627805914	127098.24943103282	119406.20662791272	247153.83132943336	8070.848027404529	11810.943243478196	11583.39106210168	100297.74195036544	244028.6504035513	85232.70548305994	2690.177779064903	95987.10483475006	193740.49652048154	178985.24009847204	160569.42284642486	4538.649040854467	387.1168974350608	16058.57588505497	6560.608237332924	21638.657591416868	868.1562920722513	32751.544664030727	9545.36015562855	148064.9611928307	202452.70546485722	26950.379169908785	323371.4921174739	1217.754220460424	1692.3439236083052	24905.791211274354	174.04005855018477	37904.607040874434	220.616909823521	30011.94055373381	295.908354619843	7774.261349722729	6721.494157662277	6372.56173843817	668.8785977272739	60665.78877323292	137685.34512086658	3020.367788995717
PWY-822	1466.58	50743.83	253.5	1591.3300000000002	350.5	1891.6700000000003	2286.08	1009.7300000000001	87.33	426.0	4.83	1033.0	352.24999999999994	33.0	1829.8300000000002	951.33	286.83	864.33	585.96	188.0	13.0	14878.670000000002	41.08	916.84	946.34	745.8299999999999	785.0	1504.49	20056.0	2295.0	0.0	614.0	1327.0	15768.500000000002	3361.0	194.0	6095.92	5286.66	2258.92	2857.17	3644.4	181.0	9952.5	163.0	1659.4499999999998	2111.0	20952.83	14290.999999999998	621.9	6.0	4.0	3812.0	9.0	0.0	19.42	140.0	159.0	112.0	0.0	32.0	163.5	59.0	6.0	68.0	467.08	2587.83	0.0
PWY-841	344149.11681437085	246748.31779294508	182334.32215080012	392129.52212798316	397906.4978884423	380021.0902859988	344485.77722840663	386052.6439694851	286864.7394846621	267919.8593064767	189142.3680654805	196209.57244327888	411140.69894891785	220452.94503690928	498350.40519709187	143752.5968317739	182313.66388020205	218759.15880284834	257626.48476477107	124707.66404305652	151578.49240787455	305465.7018728837	169702.70498059475	306849.37345331354	260641.8373179857	357646.7987957809	353148.5629362306	266657.166477817	319234.9552993427	291941.050056664	2141.820671345721	11528.109658515114	204526.26855662873	319165.5787351896	163221.09038005007	129129.7620403749	306912.5050994075	364053.03557186655	355945.14501012885	260013.30623592756	236428.13171184412	166106.4331130579	169758.35663677406	65295.34675386155	151761.16804520445	42942.22690690418	123414.60421022298	131355.4965586225	199970.06478486393	173669.61753646826	186799.03174579053	380866.5174684306	193150.34759763535	122983.07364688274	120766.03523630399	152250.908925664	136143.93604416048	144454.59768975974	232141.0285834994	159385.3353422221	81139.96228453678	143009.04471123373	133352.62509868186	148456.4546999749	200682.4661056732	214374.92953625522	215378.495497523
PWY-922	1227.8007965468178	940.522057222131	117.1917785172801	0.0	34.99088886806852	24.498222156177118	309.2693462341767	816.0080128803849	13.998813380226602	348.8032527699253	0.0	1998.71626778324	616.0561686649187	120.02515045620102	3856.6783443382533	1647.5487075858355	8.745446712370665	52.452455149783916	78.31303160681144	180.0349271154378	0.0	4707.297732636959	45.4197411511551	3835.2370212474493	1435.466780015457	5331.54233573328	10301.828906806537	4849.498571279375	5576.303659499054	158.17379802710803	0.0	0.0	2362.765600257705	1460.0384340685443	1187.3216980955508	334.0275123462069	237.7017407497349	0.0	7672.376287445939	4378.271622010329	69.97284187954192	0.0	939.920953070704	0.0	286.4196891442803	75.96698661998704	0.0	0.0	1333.5406677037706	0.0	79.33579422117072	3724.997720660729	0.0	0.0	118.78261150907336	0.0	64.37141782231265	0.0	142.83765340450725	0.0	1202.87790037028	17.359369246532584	0.0	0.0	525.2702048620235	4800.948901958289	125.86833928206785
PWY-I9	154894.77385216218	71668.98819264508	90146.52295891229	317469.6237441056	236918.57852529106	166473.12228718647	212947.9962606453	206835.37124682835	137604.81180778387	237936.35025619972	137234.43197782565	136457.4653192386	119567.22973400044	126282.11442467493	275705.5600765522	74865.92252805112	297405.3337268731	195757.1299329699	332671.3123071851	37727.46231606453	91475.4253285262	147434.11916549128	159871.48440952174	219328.72017973824	207018.26493653495	193886.85117321397	154407.46342724786	192686.72902830536	160946.1769046352	337982.4208322778	972.722805499288	4380.407363434963	154769.35473292225	141127.26537407635	95120.12963486412	86250.0146704756	191820.412787908	243520.33113625413	205765.34333124975	155020.67900710637	42308.54026373598	162648.99949443777	160364.2236460856	20036.44379783398	183716.2656742479	32819.827840509766	96584.29563132912	150699.06082594415	117268.9563257708	145016.10287889157	133649.70380014533	239535.55412878745	194762.18347702947	87011.33105777635	80406.68371877933	127965.23627938316	139281.14502006717	312943.3442810368	159113.22810617875	120265.03260716163	45084.33045435097	166726.21721207284	62921.092183098604	170982.79297852537	152277.40340576594	124190.75439320499	146129.92743047507
PWY0-1061	286759.90168276953	95101.43054399897	247546.209636996	268462.2310741679	334416.5768189038	295501.1122417934	339043.2105364324	360507.4002895852	281696.6453679549	164523.88130967043	128872.86163703215	166228.75362742244	433778.5028664462	88515.84004257664	478091.9555641577	215004.12346759898	28697.5252087295	204428.77323959008	267192.42182717164	136108.09395055365	100183.93456918304	304797.2176097647	106137.41659905661	314737.15515505325	259720.25832482768	417898.0252831191	363334.7096350834	252728.94655452712	261603.28032283447	39145.28288820961	1932.1078140095333	7535.534980181085	170921.73930956895	298440.4706694453	123064.93666738328	38223.13375791982	329762.4114897678	336210.471818494	292155.0925812327	241863.35389519972	278376.664109341	119942.06544993697	110658.87885411592	2755.3778059918413	64109.09742001443	8022.734724782411	113892.42469298582	45019.959967113355	151042.72164139806	138088.26970974074	133260.19625186373	456892.9428070418	3547.9098367269867	3980.4915353413153	83397.86416631265	4724.620030872896	67796.40329046987	2024.0187501157527	193179.17091554325	1300.8237411415848	14577.889403781555	8744.583575535215	606.3636525656849	7848.134968766226	87361.75755927608	220557.4585144567	212024.62553624
PWY0-1241	154074.54852722428	494.6688144261141	29785.799671666613	6059.202468296965	8303.372956847323	2459.396687161357	10925.484416104027	7070.679064595941	14667.382652573648	9898.663284465472	260.75890425056366	15592.379333403356	7285.941488848407	3745.7163982345546	15095.652361817996	1143.3530876073007	373.79403239180397	59.02829310820656	293.2755973029212	3907.195762991919	16551.908942077527	18669.51382839111	27834.182324278187	5782.62471681288	7094.5342066325875	7836.640234622448	5770.807925045975	22650.836571603	71937.3320029049	2231.921845640434	5987.629366878286	3200.3140798400686	22491.219384089014	59697.38349746875	15193.736416246786	305.5633218924368	9526.200181763836	139458.37715769437	15941.11505000323	18622.221131660404	1358.1113585518992	73.26147723811404	3363.976036739648	2745.7036627209445	1370.968270354361	178.51773447174608	7362.535742205203	1628.1142592200167	25076.528970599484	53323.47035263088	2931.3444361098877	50686.63211584462	238.2380273075355	324.1189495387369	21933.06090202466	57.22462813029562	7405.1756404007165	31.601659405032414	1872.7875314848661	36.32426169553308	2182.7321970232188	275.6802039512011	8.373403780312719	24.897172867379997	3743.038137603246	35890.6926668821	44650.96020061952
PWY0-1261	306798.0786140983	6145.459696791493	99384.19274059091	87695.02295409504	246172.81219734822	143313.51320859912	171291.9512387125	29381.879227441015	163012.57748779914	60090.069699733496	28469.026485474667	85682.35352740472	302895.39765250153	16556.27924589475	322086.8419400167	6995.482436926868	4532.904528508827	260.95559243233697	2354.387607050793	73446.04973700338	78978.65873852318	105803.82506358068	75147.32066874648	118259.8951884997	91251.1214988696	192364.37775044437	169482.11613538075	63648.56736541396	139762.0468502946	9911.93203201214	2991.079665773481	7191.872558398871	127949.5336288775	229832.41290759397	59290.55592526083	7036.417135007594	173524.37302727005	307825.2050899176	213609.79580788998	79881.65992857404	3333.4115231705778	235.69604605976392	7948.7567590636045	6832.8681297905405	23307.0232588422	634.626740113538	31485.763359654153	10691.28293328388	90353.25580523195	160164.33022530054	72920.14106037114	272652.03047823446	1694.4803411587022	1599.5240890108198	53110.431421440364	716.1792284399703	51144.05032481246	155.22195243740177	129061.18217779325	1014.5311317622558	8018.579723589316	2493.6082006090546	6356.001295335129	4357.541925056812	105689.94477448826	206387.6443387402	203077.93361204874
PWY0-1277	16580.30043296314	350.9494724390076	14667.051905024962	65.60874293536558	1897.2656772163925	762.8552854944936	33159.81751333768	2744.4229257872507	904.3858085668071	3904.8486693628147	119.84114474558362	17592.171147326935	12348.417111907216	58.449998201373944	28556.526581072736	700.4739358115892	1109.9968049693964	50.90650846061286	1082.2102391170442	855.5960885516103	253.78107856407684	4067.03058436935	1340.444311592695	16954.60148540475	12969.443386906461	6519.51606757685	11866.908270378319	44062.60091006454	24281.028883242194	1559.5364369830006	0.0	1058.7215105807406	10850.573837669795	35429.72038953955	19878.8866006631	786.6366748447249	14031.99277972578	2828.992377202623	31764.291244040774	30473.108200031485	433.7362354961795	20.756865662498786	3558.732858046296	498.70274344108964	6028.776932645463	134.66346451212686	3348.7347583951564	249.56361186903186	38048.7720368178	1479.3159885956295	1734.3146812703274	30531.180021310236	343.58798051488577	504.5351881257616	1868.224483397666	0.0	12096.458643756772	65.92836538543625	2616.1103969478136	47.70900840520663	776.7474021720477	666.168728072241	0.0	42.1646597325001	8864.655962504923	27321.38901175999	646.6066194385727
PWY0-1296	519460.72386112524	155759.1093488066	363704.9615981711	357016.89371233014	474880.8590663736	369028.33739053225	429176.75049536803	467785.61621260183	416110.8234786873	492072.8037908816	333193.05387495994	267901.0360271457	658652.7740538511	78075.0066944079	683424.6804941852	106457.44473866145	484105.33163119655	347484.1818665693	478809.8983358786	182812.7805741335	235194.0252601633	412664.63633521495	260168.04937824924	429516.8543042934	373830.86747560714	531091.7108783928	451832.79220841103	324547.53949183814	309991.75502649124	608505.1610632918	1112.7281531589529	7294.638220965215	272811.4118623175	389623.1078877106	155818.6185774237	179146.68825586117	359382.3504084628	517922.83793661604	383743.9513900437	284747.5451600607	252995.37572636895	281743.73886278935	222128.1019071929	83712.8597965932	316055.0566971081	71137.37492212524	140984.66501149855	252815.43670408515	192623.53474919032	245882.42952763097	309429.99032544147	527183.6775523426	377485.45575896587	201288.03717310543	181343.9513345167	274302.1763320306	142282.05008569092	490366.8087101159	393243.6864038784	228777.14146381995	70149.83238043723	288416.6802188389	91350.63269132802	314638.68211104994	286593.72811722214	202525.62271356487	335973.55925766076
PWY0-1297	408255.70803846046	206118.72326245703	320740.7495546812	294064.263530249	350166.26098243747	326315.3958424977	323224.4570333443	450808.08545706805	330898.0424129462	405054.1454783499	264257.8226271423	220710.551749203	417670.4045731131	205626.85631960424	429165.66122740245	70419.05204911143	397463.92195434443	276543.88473234774	370363.7391680339	169721.44533509604	210341.41677544333	350279.2713054566	218907.09726693592	314564.2338115928	320447.86476621876	298118.1696108116	319418.2563544958	283142.97310210706	181161.99656573552	518624.97060121904	797.6384886391637	5641.359670296891	225099.32237859952	280291.0097295931	140407.53137517214	162961.07308587275	281488.00196013576	326206.42675789795	291042.53002330346	176745.41596824065	199893.12797585805	232411.70734689126	245409.04908746955	130501.6326591375	272696.45792066294	62332.33665281302	121639.8049531926	204919.738483869	167557.79654102807	180078.63907263917	244022.3568358212	184247.38335987477	323432.9728725555	168182.0969039509	149864.9832648591	234125.59007772637	233058.58797371323	401323.26465777314	281286.0073338352	269625.26356083824	168918.9837734121	240912.0028076967	198149.8612125599	262149.78692823567	235434.88221712268	139593.96324890375	302590.9951735628
PWY0-1319	567964.9631437014	376749.5034116165	305600.05945915077	509837.2135474712	519002.03826618125	458864.1037545217	383028.2779066437	435225.748546233	381190.37383063463	389851.6131586583	256298.6094299068	254410.43481331406	541943.8364326304	323896.94143095205	581839.849412241	166181.56652307473	367292.23767761537	308332.4825566822	430938.05869786727	168007.6220566344	216017.02305696736	361180.77025018894	240861.2549241074	372011.3226980237	358702.0216670174	419684.269920369	466160.22990990145	351867.6831560064	339296.21735326614	474028.35357297614	5965.697659965989	14005.769837427793	304181.2869655078	463170.718082564	207123.45158967818	160936.85394186454	363108.04009751417	521068.861518396	392431.4020232775	269172.6352114248	257037.3133051383	247089.8858550882	227383.89700858545	141320.44496354947	270856.90910334967	60983.93837538365	170818.81985454774	201276.0113855797	247448.8284929623	306776.72855159704	240811.49152844422	522989.2614655321	294143.47080608585	159944.01113424625	155663.01439063819	213748.30430583094	221599.4851879689	370628.57203345624	302999.9914604304	226158.71799537094	186739.5438878668	228963.2877371452	170471.72044270206	241245.65387382059	266032.55722850334	247070.9643657069	295744.4999533782
PWY0-1337	42124.35397277511	1092.196330067141	4254.909493757845	69627.85554250477	179212.47539243958	78754.72391575691	160667.7546880454	7969.310321365859	103167.5625638888	21791.526883397204	17814.492724227224	50160.90022418855	234743.69373296836	1582.4820216537862	203903.26654063864	2304.330011419237	540.9045517708829	125.8636223680055	3449.4960644618664	6065.098148299256	1083.7522543647601	17885.030628489545	11131.992396946991	86216.42615009028	44966.64987360387	191080.80153325474	149108.4035151126	47118.74304791638	70127.70347006687	3528.8620368282814	0.0	3981.548285383689	80956.92205641214	243926.78133900257	38105.26220638903	560.2514236686516	76318.88696883843	83438.70819784445	173583.5268504596	56233.12491578668	631.916953785273	71.17502017373779	3771.394962500804	1041.9207197518078	2244.403703979303	430.67681897591535	20664.27525732767	3157.3115819701407	62089.45194282037	32459.829644636324	51088.810128988036	230877.72621630193	1266.2917725485327	1159.4598065907355	6277.791578355079	54.17051346071711	34674.574752452216	87.51785328640823	97406.49287686133	90.54979180347954	779.7703096722199	2016.923998018298	232.70487827883164	2757.912989047518	65684.00792590225	81481.2413753015	197.68535667002573
PWY0-1338	162879.68388212088	214.90728107508934	26053.00022818517	3742.3883577898714	3411.744639212128	463.6060783944642	725.1136680182923	4736.562956529139	12575.19004107951	6789.813323908386	228.90189615332338	12221.786419976754	3987.009883233472	3.6936096462079	1641.7689532984225	11.362801950390299	57.867320337503635	32.33360244882295	0.0	2714.265697315478	9080.323570937106	13670.44941034468	22335.32597222265	2407.127867981238	1878.538325710228	587.3370891952362	182.90953414458775	726.0393011685298	4755.321708233484	427.87538586404185	432.42999999999995	264.5570781172412	21755.433581093737	61616.96680188249	2017.4211792954568	27.789003021553114	1064.8554185367789	122431.14917339395	1292.0948622775102	919.1290323985407	192.36760557984636	12.904328337121017	474.8696514544746	211.2718204488778	146.13818750285728	157.74613003095973	2366.514255520726	702.4311235619787	11041.57358463279	53657.816716266556	2699.8404937708206	43788.98697285981	89.66989512292969	209.5761930282229	18835.285786546487	27.870967741935484	6993.8924008391205	0.0	1143.6586922557383	11.295463280713795	25.860521280874615	31.081081081081077	0.6772766695576755	5.555555555555555	1835.3143210637425	20272.482682079783	42047.5010971161
PWY0-1415	34841.54765131518	875.4640192124391	34462.721119701346	59463.485850846766	14581.589278285377	7238.553878406822	9019.849961897873	16463.061786308885	33631.96534510368	40206.19844517314	20702.774348663923	20708.8312140876	10794.016374791636	11700.989250871105	88859.15579154667	7144.27875666292	2447.0793093713305	87.60260499831118	2093.9346462467474	7072.8800406570235	25570.54062772329	30925.129745879978	44577.435975102875	40275.09746188194	26595.0615253951	24019.696690777833	34892.48708230493	20845.130752270845	19310.78241516827	4907.266693375789	794.0129970864921	1520.517183632098	14773.206728974454	9375.581469643843	11441.333580231034	398.1351003172905	4980.003708405225	116324.5039430885	45612.15498289368	18053.176244644364	2784.8040188357922	198.32918943642412	3686.37466708053	1771.8950788654258	5813.6427387098365	513.1748992791978	12879.04545486393	4794.253210337891	24044.89744201122	25109.688524736754	39229.993838424285	10822.987357640195	1252.4520436159157	1253.1765545251235	26657.050474870914	177.14358535964823	11318.692192849006	114.31837601241179	62339.48834642475	81.59076777357295	2636.5729668015097	1969.5998053868532	236.40872482704765	2990.087784343197	56167.26701315331	35328.36150918086	52892.205093814344
PWY0-1477	523791.68020599824	10551.717221846302	111754.3865825867	159889.57705423038	16010.835903621713	11635.023819171123	71743.74814651684	132990.1974517919	72273.40748822996	445566.4832813181	260824.6467141493	110222.30737764252	66589.98041927515	29699.023953279397	244072.41699215377	69338.55999588344	607681.8084048395	377696.74916556675	651488.1315554093	20506.909140230364	106352.16802360122	100092.06303547388	216357.01972257448	119192.12898566395	95298.0938889029	24848.23360024053	35835.03593292831	133927.4925083254	168400.1288132054	670464.6423979659	15402.318367124562	11693.306785137758	123557.34194038957	284857.41614653746	83956.46977936852	112196.3652917049	23336.905498036525	297323.88782834983	163351.5878852446	84112.5885783509	28692.41282192261	307906.95910666476	89986.60290927454	14428.577553865189	374220.412424915	16039.17943012182	48993.93867189033	275436.9548551107	190082.21850194616	168780.1483103612	169559.11213677024	192126.586190631	380542.1580948248	161005.93040801943	97487.08168989944	243119.8808259747	66181.38302278897	652199.061236397	204461.52435863804	118193.62646059762	27427.01357371209	326818.40083936346	40932.54461827801	337249.9708476865	235991.74916832394	70011.1970414673	76576.16864055881
PWY0-1479	58043.53855584039	1640.0767080530363	62887.08804588323	35132.44491800443	48943.43240865378	5227.901072269917	19482.666048185783	26663.98219254895	79125.10699757321	36560.00859142035	66.35755614235288	17571.688649613043	13958.708521276565	11748.429361054243	18462.790465437378	9625.554248062535	702.3627449535234	225.71128579196207	179.01323395298425	15749.165297871277	37971.80164112698	65038.66467760224	56915.01385708148	3616.955334467135	23414.58645679101	8787.409244408487	3441.4456778889394	6928.427061299222	117261.30087000411	5019.6041044698795	3081.8326205198964	4286.200274882964	21817.244009963066	12040.680745189247	19887.30969502034	130.641744258369	25763.048322896113	195546.2528928209	68614.38285870993	15060.440358803422	1347.1861819317141	174.6357532060635	7345.251364573069	363.5230503928994	191.05219981029015	235.7640361363241	2459.516833140408	1153.579018883698	6426.716222748419	379.4461033511323	3256.159023950232	86767.34068793867	416.0845222466656	751.9567412814527	44603.64302019696	179.18534634863803	19214.28727442862	8.865037427703855	4661.891108030858	112.0746268669793	8131.036920335983	47.67485045214491	6.764851665827692	0.0	40893.50730207771	105413.74324250194	86273.09224679747
PWY0-1533	12861.23930639644	4368.320167719537	10700.591980359528	3863.0022929911074	2719.4026050471175	1027.0085151752914	7038.727907493917	6453.118041637119	4676.19635156947	8829.920800950043	544.0693648011428	7428.17371065284	8369.406633853887	66645.69343256226	22906.459266856076	1115.8569966462785	68.85931771150733	10.153846153846155	219.29311996324373	2148.5696571893177	781.3293134539974	11102.419888254422	2775.087300263162	5771.39959251608	5171.017887319769	12977.79859389461	15406.758697500372	17504.141185330485	56268.05131845328	2161.7098004256736	6420.363636363636	5266.2787582235605	3842.9048866985777	4130.445499597692	23389.226833167104	194.3359905408916	13919.161482306998	76643.85391573147	29822.83851901645	39637.83532672663	604.5047622771867	86.4874186217698	1149.768991863467	3070.5454545454545	1194.695185189548	0.0	4501.54646638924	2331.5891549614357	18463.225243208573	343.24152121077424	438.52642167840753	4060.5560842637233	143.22316804836308	122.18998940921858	1065.6782416426893	34.37185929648241	1209.7205968577985	68.77702382830992	481.9962629369291	49.177415944174236	1519.8349543502798	3449.9207823960883	44.26814756049187	66.67034482758622	15535.157491080052	10610.692220820069	3137.3955437100517
PWY0-1586	1130540.3585322318	874135.0174034624	926180.9406861281	1616520.857214205	1643023.552665317	1356015.611864405	897257.5556578436	1231013.7914366683	1007307.2310971316	1124762.769185432	743434.2665230718	538437.8197821721	1393341.7086710164	741564.2497610182	1442804.2790975086	274637.7535835787	1136790.7537018429	850128.3415163726	1200627.9028106735	469203.85738520825	537555.9892506946	1002582.0229522595	737752.2999012339	794236.5502401631	785427.760658539	894669.1360139325	1041722.1771230033	752663.0922998368	692347.5977402243	1336122.490927176	38994.411319875115	49350.183375205364	709244.3433153618	958152.833798309	520114.21860950044	320045.24189895066	864866.3308507417	1453369.21109104	931461.1466979671	464172.83310849156	606891.4499928068	654114.9790664765	580554.9239374192	226179.9626081762	723704.6459994396	130651.65478858384	371511.6777250927	604122.7743156647	509367.4671425655	985107.7760877338	537470.4812372894	1196588.1248839723	779034.3699795596	387663.82768554206	457250.22052182746	537957.3881326591	633642.1732477399	1177539.6902944627	703428.9146523079	599730.4559642018	404841.23024321534	652070.5799869983	366941.6012729569	672394.1460596564	693434.394041775	716077.9438548367	858790.9700916513
PWY0-162	290135.31987680227	83140.13590946348	88740.19687620083	140584.63582639175	240826.56570661423	275046.80952352844	246264.7925946267	210615.35549290356	183288.19832809665	80289.2045175862	40843.11110934768	137411.01245841873	312277.00848220114	72490.59878814088	395165.7698593629	40865.94570738153	13518.283756186527	6693.039723466281	34804.18941153438	34779.808493438904	54329.97109586884	170681.3448154088	74760.27898294386	230410.19269244606	180620.52570151372	304574.1803387015	308687.41275460727	235755.32679773757	266511.13818555215	37979.481243268136	5656.631200093957	11129.825485871577	171270.52117269047	275504.5719458147	130395.14852065624	23043.422203189497	243266.1122258601	280651.87837889965	289886.27555662475	209820.70630137358	12480.843215206565	2620.7878753319637	111289.28036144606	10634.348532735317	56958.334463664	12292.129090767345	96816.2675547821	69947.78637883584	153742.63936126346	145916.3828530123	100038.12185837704	349349.2740587521	3751.572350891802	6483.3149643718425	91093.21225606964	963.5590011721815	68820.31121384441	645.2597752732902	147954.7395026661	1125.8414937242626	18533.275006941923	8434.933033967107	1009.5846374329496	6770.176144704579	112193.91044914485	190801.6586617417	107601.87796389671
PWY0-301	62785.98274597786	41842.06512743607	83492.0336783397	40086.124809479865	72550.17768554446	122083.54800376343	149439.756890291	290352.9580465307	169663.96944118472	124356.67791354025	118824.82730818068	50447.34732220199	96624.85607726322	8307.865520657226	131519.02061635506	17525.900343216694	44899.94183846972	69963.79655116948	24830.45791139057	83617.2792007414	41846.76343825683	210262.2545691603	26567.90612948677	79176.45268763376	65972.5988416117	51884.07279235945	44824.40465527734	22776.468482878416	27211.510764201215	26133.063443455398	1186.10840622182	2175.3363062884173	29944.083667569852	18040.033135887257	30192.166898161187	27819.45468399535	77304.8417675934	162533.07641312294	60182.10028316931	47691.41770897697	145692.75715892328	45701.05366261007	63295.674343977655	47973.75565766068	59604.86838523486	27626.67770928351	47922.03596386988	65759.48057046623	11269.265411003362	11458.589194454933	47987.72718505974	5293.045387240799	28030.024509353596	61642.87866297227	88625.28867757034	45302.44128078626	37324.991027898664	30295.930247445773	46502.38677050223	19933.704360915784	6798.337148455584	44769.751595200716	96984.94679156752	38255.92632493604	62982.041708704506	65651.6993493306	59666.68932344328
PWY0-321	27194.974986899728	584.9122536477917	15521.897660325232	17885.255512094398	8741.785064781538	7595.597652869683	75844.34743521002	8759.749610220337	7361.560860123848	12395.225898177332	200.7814985864215	32899.19106478818	25729.39310344109	2919.691508691164	106968.5563479885	1021.1245284175311	153.31493533250477	46.11138387025264	1259.919803627891	2048.2198156783725	3446.6015345788	10909.625258215961	3656.8507580339224	21977.32037211491	18727.391185417007	87485.10163697434	37962.38637006452	29388.272483407087	60768.86658408784	1458.6450492748847	7296.622442672235	5773.688156581795	41161.866634665355	74331.19108724919	30395.833236639202	886.7535748564825	43826.97560393986	61810.58533832574	93934.24943676034	55393.28302682113	698.57325942281	140.72178578502863	1591.257459035495	3600.271846640144	1922.3612893167765	226.00287948876078	10084.50157307251	3594.7749938355587	34400.48633633892	10957.832402861755	18657.992502928966	171124.00237958142	235.9583202160141	370.546050559047	1513.222295839478	57.172036956508755	9677.04466916344	98.41440914103798	24641.030734241067	105.97125248311876	1626.344715045683	1467.5809675446612	0.0	79.1873833491065	34619.85560273495	37224.1377807959	9985.944864583917
PWY0-41	23912.555254782797	2579.2378101686845	21503.35071071906	5948.067797161098	59797.12733682999	26577.10567829897	22468.021773884124	6994.697929008214	5199.428025594995	5600.503900787419	2482.7509312805373	8063.997246293414	51010.1053076264	2645.7460215717597	35521.2632240826	468.4225568967505	1060.806874590823	400.48992427074705	1162.3539792746046	16763.98722004829	18619.72472384215	29663.00287649822	10971.11571708408	32388.424002298583	16998.93142651873	30410.23414467855	33258.87154091	16376.501826401853	32245.580044537906	2002.4416782320618	0.0	1273.3226043579916	4146.3322867153665	9719.589525576645	20320.076656063557	1920.4067310061114	27318.487233140593	20600.686301165242	15993.464073937383	16633.189563659886	1285.2256050189083	106.54725376907965	1248.123762322114	836.9165360699295	1371.9917878391934	0.0	7355.181118989039	2886.0917749313367	24550.642824695056	22792.750200616985	584.2377652912622	1587.2443406286152	317.476642247331	163.87883804810255	1560.4315843306351	201.26323920099298	2458.3863931569576	66.9514374592804	505.2331651080514	61.45529252413846	1203.541895884121	4708.17080955301	1254.3753350221739	248.7660192712636	1888.4631933607109	13450.564835066665	70656.50855997943
PWY0-42	156755.6788999761	1677.9739618999163	20118.091304835038	36661.96055197675	92372.65663251377	44663.59958277675	84210.52401109842	6043.0994670100135	66778.05296781598	11341.41904995137	10388.401022442888	42782.79341624421	142101.8286413123	4030.1513763789653	183863.11386653883	5125.184383745332	1630.8382459506342	189.3572666553527	5245.4997874118535	4607.726783112737	6964.031585604402	22375.151954952085	4731.56171168961	95934.7985456087	57059.10068174867	171016.74298445997	113462.74933573138	42623.87531441881	56577.86341340476	1765.658048304073	680.252310221596	2571.444708118148	56898.803862499226	138078.8238730139	28199.16688396616	2031.4287517716166	96655.41238400727	89835.51141768183	99124.08295214345	78120.10042351639	965.8820767756212	203.9563404911249	3478.6172725722613	509.0431636766327	8778.616196016803	283.38414207652625	20301.28342340043	2613.4266494417802	40879.45699775166	63787.91432438948	37526.96089821648	218748.21659047887	558.7484292562253	584.220181744527	19547.41037294613	80.2403038219332	15543.933750387027	69.17504123631929	66059.11063665521	69.19220949785507	1554.7756064653786	901.3048944869521	120.1490758281227	1480.7880633701566	25058.111864946684	56822.8926449916	9966.458441590217
PWY0-781	270907.8551679332	101426.1989673146	111525.29942485681	291350.0889258502	293769.026950152	180433.07884787544	177261.9792860554	218333.8739156377	204334.84480211962	171090.80571075188	97400.72988741726	173793.41284715876	241236.74815089823	161147.37364120575	308187.6453069603	72427.61264375367	68567.78185084622	139465.9298574622	123933.39571777324	56953.8782681603	98679.3209073351	175336.43264760522	118174.61493518158	177312.73705825393	221470.61103748748	148783.50498141945	172676.08199733688	229749.53735494582	216268.66114944094	115678.16121117884	2694.3766185661398	8614.605752439498	185141.91471025482	228198.22985851116	127301.9047270285	47696.7021197514	201975.38979716788	320178.9989754668	255602.53786417865	123266.85790843947	95009.77142325678	65363.46901890741	150047.4020680393	28329.18407417933	103166.67118188333	17855.329966043173	112397.8354265708	83611.57936185169	163790.87213550677	178858.92891556572	131976.086660452	283344.78810212313	16687.66985580512	38990.851047347416	82479.84395881805	10687.697399193528	134346.05456524304	14962.09957308597	174247.63831244077	5573.097020052396	44802.80246402126	59244.075756519116	55015.89410030774	17704.988995454052	151695.0409174459	149255.2541324163	148840.29871493968
PWY0-845	233413.89419929576	1343.403710615605	51419.44259222734	62252.525573214654	147454.00833745216	68568.04325243026	117404.52908955206	20526.68079533047	112479.95610433647	38590.1341920079	20187.473349386277	68002.7372301294	193795.10334332846	779.6649089182912	196597.85513906906	2955.4544202812835	1058.956125439017	167.52418338792532	4505.235362571434	12135.84075790606	28804.135014132316	46230.51326650093	47436.75350616395	87850.94326030549	55689.888785001225	171579.14493204583	151838.63180637773	17215.478795068346	109470.14430884297	4763.209459833658	3645.209625395073	5754.777534340837	93162.01239745869	173000.31893385842	43783.18774043272	398.9688707033278	102910.80469323735	207629.74346593715	143221.0734310316	21680.204772057878	1737.0844858012863	153.27372500542168	5027.615451233696	2888.235730991443	6937.751325108981	540.9266272022426	24632.772046749018	5636.094249788677	78793.43481860998	100204.4847711261	52593.83833141659	214218.5155316945	1324.9409011841228	1279.056114516936	38907.04957598477	150.31396440181098	38646.11633463045	18.29896539122103	93357.59878935972	104.89436432400485	833.6992694260675	2282.2236227633593	246.52141545450533	2967.848964096565	75992.72466908356	122379.80591486824	69770.56809774989
PWY0-862	279361.36043769255	2961.1134779613985	70952.83957979262	17234.999961588088	36898.79412847074	16008.26835768662	36475.82473086657	20541.90505199234	40482.783684737566	24265.675146238827	621.6689907942958	41721.31498844957	33183.417540521026	1179.1028798309646	177083.5254013556	7154.141307465777	3100.0218540754922	3792.6919151380316	2486.1607185159673	12423.998685554225	42648.42273108348	85636.74866340013	88384.3136343358	17779.64487528771	27418.576252607683	27453.680234883195	29535.02956526966	41110.225636364936	105284.60820327613	18969.413587070256	1251.4165625657183	12497.217961512028	62265.26988963052	133814.90680956066	57660.201160256715	4130.064886127627	34263.059282972805	253440.4979954217	98283.28409229296	67371.4048499199	2562.6288863410246	1194.2144140015448	84318.71867831163	12133.816442966248	6462.803020786312	6516.817707130547	59348.19963301806	41970.718418993805	63842.5759631594	123097.88779392258	9500.24166975902	115792.01769886202	431.03065567658604	937.7706964839149	48609.81667530847	152.9216909840278	20656.918089062787	230.14489889449527	7110.008184334468	178.60282386812526	2650.9571001458685	10836.50774924864	8677.620174859629	458.36496713571756	35496.79992459931	125493.20801002954	95683.1031016193
PWY1G-0	21357.972520118343	1883.0249672479806	2183.1349215530763	9325.212079691635	1927.761551226445	4113.42316114736	61874.159814206614	8153.567723122743	657.0251806667592	4125.137110659122	190.11638887703276	36892.63786133699	21890.15691324145	4431.240735446098	95383.35669290954	8337.987356701178	1868.1449370961773	205.1190738596021	7869.459525134591	2286.3031182305126	374.1197637151374	10147.168536044328	1426.41442449655	82947.64816525746	52624.20349239036	120619.57438490057	84832.70028737598	62598.37831469431	123174.63792461898	2382.4069098236373	0.0	370.67	22547.58909513712	41418.54430869894	34539.107784618034	2302.006867484183	64710.491979970306	16212.51406330215	88807.41681908928	126180.71994090994	2073.0949152715643	214.3941351849006	10090.244933509095	117.97725426482536	9728.021818867912	311.0	13290.42307097597	2993.960070249197	43365.690165401385	3798.1667147695593	12482.29916457801	117730.70967496859	290.50392254875607	330.5427951536619	2009.530598238126	62.87510220768603	5854.953658239063	88.26180875576036	16653.40164929209	193.59721505930892	2406.4814259763148	1335.1031480657982	136.37851504271214	50.061359163354304	4630.854857657163	9726.821257828875	79.92738744097925
PWY1ZNC-1	256060.28469218052	7042.292743384185	42517.39176700899	50863.75491963891	15163.60455355899	13687.587522443268	90308.65487803772	19795.91804175039	76176.51267662093	33568.04776582638	16807.979977179155	78264.9403200738	46547.40161270319	32080.715683218357	191364.6540004934	13792.51958887632	4481.616023910151	724.467846052456	14018.193314306485	7893.694760816095	22666.944512992766	31982.40804465258	68026.98201151528	126303.83424371241	87955.78396854995	160229.1559322884	112934.80665224767	114377.8451172367	260137.11118255596	9695.469757230481	7409.508699563519	8341.339598453902	98950.374222524	221486.52212153937	73941.70840154352	4160.7687098141205	101978.25989857687	192969.32164170587	156767.56524408128	159211.50972569108	5336.224179924115	471.2758915509555	21418.198514760574	9403.491211511373	43052.33188058973	795.9358573633475	32988.42345958705	10839.78709340604	128024.10478070648	185014.38262597867	60155.41943081347	258792.52451661153	1354.64278330522	1702.0224325215386	31890.07946110606	167.38030271488367	34402.182120993086	246.6480737164805	92998.9829189536	513.4255046553228	9050.402648804979	7586.238549354134	8748.736289195478	2155.091449255036	59306.6671919266	112203.92892319382	52414.6173171979
PWY3DJ-12	44.64807824060959	0.0	0.0	0.0	0.0	0.0	13.882091212458288	0.0	0.0	0.0	0.0	42.72323543421662	31.171662125340593	7.6000000000000005	211.49783165267232	0.0	0.0	0.0	0.0	0.0	0.0	15.664335664335665	0.0	38.289788036119695	43.808570463259755	0.0	0.0	221.5957610221957	476.6972282116118	0.0	0.0	0.0	161.47409447422086	67.66187384291986	0.0	0.0	0.0	0.0	95.44363553757451	465.523058117327	0.0	0.0	0.0	0.0	0.0	0.0	0.0	0.0	216.16223384114613	0.0	0.0	37.35449263836589	0.0	0.0	0.0	0.0	0.0	0.0	6.272562479246166	0.0	0.0	2.8235294117647056	0.0	0.0	0.0	0.0	0.0
PWY3O-4107	313537.1493472642	87391.53860980217	47602.76813594514	95560.36375090848	20623.659916246117	17196.670545652392	135098.7034000605	86291.81812789699	109834.51101352401	155623.28653324745	97809.5580788868	120294.05652850414	100886.97183824088	46030.730646513046	203409.15934460162	72756.24687087223	109370.61899713677	130605.15286277772	171377.25881933107	25874.851418044767	86527.07877823284	76059.4454147458	107181.73862274904	119663.6116057319	122247.18060023409	163783.80169141875	137873.26639480237	121919.95034933856	204109.6628218379	212689.4486939574	5134.779787159785	8084.477264430301	111948.9476810657	225999.4801622437	78050.66973054667	117361.43562940441	104384.90181255672	203270.2269465798	184785.43433113373	142110.8450086475	42071.40525840974	126720.33711713275	86501.05912824937	59997.06742343619	91401.05763187051	32549.618897735127	64095.48971080691	71571.77083123659	127428.158671942	97182.35701442472	150358.04170286283	202536.56454807092	153878.75669766928	102140.15398471424	43476.074417993404	127316.16309040168	89369.4955177074	90421.55614195211	180624.76155631125	134596.14291331547	51508.95777711216	101447.06998052087	62660.429188698654	113415.45326957168	158455.14165183363	108510.81149699654	122346.27603049022
PWY490-3	235647.02787073705	76097.15614179577	64243.81220364315	83276.19542209298	3132.356404202539	10727.675637412289	83941.57963427283	100353.55662791833	104075.74185093404	212793.37268875432	142109.99774772278	148672.89842241092	30954.701741456003	29295.130280794114	204391.98717441896	55358.19031063821	134651.19135804332	134579.77285728848	96173.83417247386	13208.591544519866	79482.7820730049	44705.26749232346	111723.2251478597	158133.324417165	161316.04099992005	156107.5650263219	118596.99774120157	142020.3482826055	166670.1603452431	239477.7748877719	5.249491973316642	1826.406021086395	155600.05223574123	148499.388438247	76755.75495195253	95965.26005947267	90255.80034816221	107965.42727196276	182711.4023602371	157497.94202832176	41166.11674631093	125629.56696186204	139930.05661997426	56345.92854080497	115641.80242773413	41842.82648819081	49804.86058196157	95032.81282741523	117675.24270059277	73647.81563873947	163812.5373902686	199058.66547534143	168577.64959168594	106355.64332309183	63532.47082236652	135805.25033910736	159961.33092298268	103161.87425477657	192359.6116788888	181462.43381322394	166324.7794341849	115972.15239310224	117201.5857077443	124955.40517511377	171857.10291194898	39409.97047593453	79698.31717590976
PWY4FS-7	447563.9822950194	350694.8707181145	279806.95035572286	430686.6130166246	440220.5237941195	414066.14460138656	356504.0535751961	408401.83792215196	330282.38255793724	352375.5236184005	231813.90810155246	234936.09504003657	479527.51511941664	312967.7290226302	537931.4018409663	102510.93625156539	332735.7195364805	259476.54092661428	354168.3653422831	160723.4890726103	192403.25334639402	332658.0764450726	206318.54128047512	341873.4794113631	332454.0907144038	389771.58521157445	420278.81985467207	342822.2158558582	337546.54116504994	430073.1417912712	6121.514239823542	13387.709237924586	266897.5658679338	397808.2789405159	197659.18356946472	139466.62009455138	330811.37396887114	415414.5876306861	380772.1228299356	270289.3087853161	219444.80743613595	216430.0550076987	211000.51832397177	132701.05147641484	248257.46295816088	56139.0251206727	156246.3641171867	184658.96313255446	236952.3501251907	254525.3091284118	213579.7299271382	441748.095274132	266796.3146674271	146833.88050888843	138056.4864469462	194979.7594301325	199521.85374463728	334738.41447763395	263326.12681624055	205612.78412012762	168319.43155083523	207594.76941504082	162659.90963411695	218432.6525905757	238264.29008826095	203814.7623834692	252358.80803134004
PWY4FS-8	447563.9822950194	350694.8707181145	279806.9503557229	430686.6130166246	440220.5237941195	414066.14460138656	356504.0535751962	408401.83792215184	330282.38255793724	352375.5236184005	231813.90810155246	234936.09504003657	479527.51511941664	312967.7290226302	537931.4018409663	102510.93625156539	332735.7195364805	259476.54092661428	354168.3653422831	160723.4890726103	192403.25334639402	332658.0764450726	206318.54128047512	341873.4794113631	332454.0907144037	389771.58521157445	420278.81985467207	342822.21585585823	337546.54116504994	430073.14179127116	6121.514239823542	13387.709237924586	266897.5658679338	397808.2789405159	197659.18356946475	139466.62009455138	330811.37396887114	415414.5876306861	380772.12282993563	270289.3087853161	219444.80743613592	216430.0550076987	211000.5183239718	132701.05147641484	248257.46295816088	56139.02512067271	156246.3641171867	184658.96313255446	236952.3501251907	254525.30912841178	213579.7299271382	441748.095274132	266796.3146674271	146833.88050888843	138056.4864469462	194979.7594301325	199521.85374463725	334738.41447763395	263326.12681624055	205612.78412012762	168319.43155083523	207594.76941504085	162659.90963411695	218432.6525905757	238264.29008826095	203814.7623834692	252358.80803134004
PWY4LZ-257	268202.8323816544	835.7060036678995	81543.73905163971	71008.10372077167	100633.49981229696	62652.61422997084	54289.03297744311	20102.477423235036	139724.692537709	43973.784843458874	31022.382776022296	58432.55762280687	215567.77483567197	172.66909802605417	158043.2284061622	158.73261645551878	275.0914426014567	121.97266055843858	1984.0821974689022	19191.23814498775	56654.69063651777	73000.83779809866	75821.35734458604	87305.45738254952	52490.75437489301	123903.83764931693	138177.37175378526	2340.917167663616	31509.326220768453	2961.606958638139	663.1729570026616	2549.030449410908	98921.79114901759	166054.0997443889	8050.509482955881	83.48769679137092	75436.59699157007	198161.42361315415	11401.691578372755	3655.3791831377603	457.7129979017538	47.133718377348714	2215.2528460851354	922.6194917796832	836.2002869961761	610.9271691894451	30179.981810468948	2684.649774152463	31626.52214163889	63538.93688353164	83253.81313240512	35091.66821716473	2067.6203520419767	1912.9735304846192	57163.34142575996	134.89488310534838	27631.83615365331	3.7498520964609376	137769.08481589175	52.83836301614876	134.73123876329336	2367.4928086424766	398.1940703690018	6877.776681099024	8030.849169038541	56862.16607936628	128934.37603991445
PWY5F9-12	1.1188848148515178	0.0	0.0	0.0	0.0	0.0	0.0	0.0	0.0	0.0	0.0	0.0	0.0	0.0	0.0	0.0	0.0	0.0	0.0	0.0	0.0	0.0	0.1599189311053849	0.0	0.0	0.0	0.0	6.146657107399819	80.42806313292581	0.0	0.0	0.0	0.0	0.0	0.0	0.0	0.0	0.0	0.0	0.0	0.0	0.0	0.0	0.0	0.0	0.0	0.0	0.0	0.0	0.0	0.0	0.0	0.0	0.0	0.0	0.0	0.0	0.0	0.0	0.0	0.0	0.0	0.0	0.0	0.49955808476976593	0.0	55.8854918126646
PWY66-201	111.4447587152609	0.0	11.57017257783181	0.0	432.5676879350088	71.66685403784898	3107.9307090188818	0.0	0.0	342.4110239961986	0.0	162.17142981461387	164.47611413674537	0.0	0.0	0.0	0.0	0.0	0.0	64.98762214983714	0.0	23.859447060833073	0.0	0.0	69.56965902943182	75.91184963158763	47.96943326568144	67.9409358499975	347.37404177541316	0.0	0.0	7.995581331123998	876.5871444831234	2896.416478307933	0.0	0.0	918.5535949433762	338.0991253644315	0.0	0.0	0.0	0.0	0.0	0.0	0.0	0.0	0.0	0.0	91.85567195244268	0.0	0.0	0.0	0.0	0.0	0.0	0.0	146.08029367503707	0.0	0.0	0.0	0.0	0.0	0.0	0.0	3288.3614050199576	144.18355754857998	0.0
PWY66-367	41667.57070834092	1542.5963557236862	4170.433004240845	6651.1852407244605	2683.114447009445	920.8866504838146	41193.891700495245	13993.135757351814	412.2343488217548	6459.874852173207	2006.886008369062	19728.41025214561	24561.93362374424	873.4856207322695	45374.295334407616	630.880916648466	2109.1704057229476	452.33759201940296	1635.1322356271728	6621.062026645441	11542.579345895894	17675.121479339687	3595.5956125238317	18444.337141118598	14694.545852561008	60518.85839826941	64804.70471997518	30668.320399942848	56561.27867603931	4071.2957425671257	0.0	3700.9895091330045	14275.945493510893	27990.343631815398	40795.0746587832	645.1746383406598	1332.0568086780365	526.8078890282519	17831.87423563036	40613.73623012967	1338.8337951945887	200.47960175846072	3689.5032399221336	1004.1000639650566	11510.107536523805	0.0	13858.470183746635	4422.3010904892435	40072.062677893715	3219.221774279398	326.4312027357584	11331.0762406189	201.82355069936094	301.9866118613217	2184.6038835594136	262.54660557784075	1553.1564025675395	104.8034479049762	517.9121607701826	72.9644279645605	1859.5152848730766	909.8927397254959	156.09605209427622	42.478927103274415	6037.7404246436145	10253.577386307572	6255.980192741798
PWY66-373	839.4819354137236	224.79663079990473	15965.245961395147	2810.9748435175534	4196.253253604988	52.297023678838755	404.38203256880206	682.130436779543	17651.65918845603	365.5880417013783	2.57999007105728	1240.0128214967892	301.6463620431239	3.1399895182193878	267.6679836160881	3.71997724911587	110.26840345562051	34.85871745682105	0.0	1231.4954390011374	8719.539386033386	18877.485694048366	4129.102439969826	63.995561324052375	1298.855845825025	559.6960566382631	651.842550364299	91.99044712205449	2076.141531999562	649.3730880288713	816.3078928491444	237.79304924289949	25.419138250147864	16.279689272203257	1040.82785947753	7.419867414588783	332.15215340919104	1132.7578700845665	1109.2507104294982	453.4588507313914	163.68728442134235	8.8598999144399	184.8083168058387	61.98858320368325	0.0	0.0	53.713221879404436	201.64529407548608	43.7169445453227	0.0	153.38212239304607	63.996192634013354	13.999751557470903	105.69284700052914	31746.505842372604	43.996552215289455	4018.2823930286386	0.0	67.99391507996296	21.139327716778865	11.999626078092977	0.0	1.139997319302166	0.0	2229.2673020413363	15859.780157277242	6497.099011855573
PWY66-374	41.6353591160221	0.0	0.0	0.0	0.0	0.0	0.0	0.0	0.0	0.0	0.0	64.93401015228427	19.74074074074074	0.0	106.65762711864409	0.0	0.0	0.0	0.0	0.0	0.0	17.468354430379748	0.0	0.0	0.0	0.0	29.74449339207049	12.979166666666668	0.0	0.0	0.0	0.0	0.0	0.0	0.0	0.0	0.0	0.0	9.696969696969695	148.4077134986226	0.0	0.0	0.0	0.0	0.0	0.0	0.0	0.0	0.0	0.0	0.0	0.0	0.0	0.0	0.0	0.0	0.0	0.0	0.0	0.0	0.0	0.0	0.0	0.0	0.0	0.0	0.0
PWY66-388	3209.662898919871	790.6760577421227	646.0557566358927	359.2044476171818	20011.28991034998	4968.252684364117	9791.26214577623	1736.7726520130589	2152.378530997898	1580.3773970361842	296.5735215347585	2837.214697191779	4300.713378434888	4430.425464828491	9305.607597301741	393.9849558424694	13.497259144549666	73.47538854125	263.8593235337601	548.528002367084	67.48090623713745	2087.59526285362	458.7141816903572	5768.402959321799	2654.0933445868714	50657.354829814845	44483.49688483016	18671.43706078466	5770.103056003414	463.2223098509387	0.0	5.999603320649366	3869.9500565690796	7791.861642563599	7777.684971461434	178.03912597448655	6839.441907999505	971.6276319048372	1007.4865182937501	11267.950906012491	399.51466267859547	5.999727271541608	1232.6793327316902	0.0	9771.279666136785	99.84913252358552	381.13950675651625	274.0775072397369	14058.164937784735	1101.9420467198347	3324.999759559788	12241.176381908514	13.49451230405261	153.5382290461926	422.0231645430066	0.0	1373.2283144706607	27.63094466291568	6391.219314300394	8.998422681317578	249.97555745319062	788.2248848102097	26.995790302048196	296.1911262588691	14826.056885014163	1517.4470924576065	20.99891654150349
PWY66-389	894255.215569384	52703.81208853865	156771.6753550163	953616.393184967	962241.774959384	535945.2440776408	475117.25228931167	100914.57380034744	305436.81013606855	135987.56674505246	74987.27441083152	335657.25320675626	704351.7871454811	171136.10702281052	946203.2785011317	117496.61772508995	22491.505216575184	80905.92793264284	186674.58104477936	54139.54237722383	88426.00887870156	154763.82018860301	276035.9002210806	569237.0283961571	429430.7860027842	934111.5004582376	758546.356459458	485412.27647978265	854328.6787594106	41217.93845794932	35125.69501041797	30969.208706699304	360303.74609530397	754601.5130137549	372109.52121011016	23590.431806492663	614544.7240966538	874118.4621747163	730268.4472931618	673014.1482598385	65998.46694307348	46483.21250155311	100342.04188099227	40037.123700404176	139753.91339809672	5236.0691130714	156536.59813612403	64033.40881091186	478406.7994249811	585803.3857615076	229277.34017424667	1209816.3214381624	11162.849515414197	8318.92564172287	71587.40293751353	1797.7151528734262	139424.95803822315	2149.838513756501	356432.4048541841	17402.697888743936	147673.93721578325	50889.7430482142	60690.35980561505	12923.838871354255	219622.0919573552	393845.62377473095	151461.06490157577
PWY66-391	49466.73808730811	2517.4634877374347	5378.547942965009	25335.033505647876	5157.987921772915	10709.304470968851	132202.83828276515	14118.37156905564	1571.4921990369044	9291.643225757278	508.42614667001163	72220.95276347446	62494.59567368567	14513.041185420972	190579.19301354862	14828.930959600993	3589.249323038982	381.92897976247946	14457.320328370164	5402.848990028535	716.7424113719204	23767.554542592436	2225.809335772395	148814.0083910121	94734.37970990303	233633.8041862059	155056.59162085768	92205.17934812944	198836.87981269008	3443.678868198131	0.0	1045.3263195699092	54730.569624357486	96693.44629494652	66331.76192644332	4335.816030697454	138655.9651198642	44366.14836943009	186271.0552791569	198666.37803127884	2423.049544572102	341.3807468197701	14267.886613633638	289.1417038433951	19080.189237796614	499.69037188510237	18159.122058686364	3208.903123983625	76115.24758848734	10043.746632972057	30129.128815070562	272956.5186596311	605.651928287089	714.278264771206	3517.3579229938887	123.69743404239284	14555.26577653143	173.14339393626295	41606.839940878104	144.69771938895374	4322.992523478066	2512.198370701744	204.08324590597633	118.20131355341094	13275.298654919125	25936.96805805511	152.85535072255468
PWY66-394	11.995762188123534	0.0	0.0	0.0	0.0	0.0	12.49405068614631	85.03398598563375	0.0	0.0	0.0	33.974280790106974	37.49621785326561	0.0	67.48123422980275	22.29765216557149	0.0	0.0	0.0	0.0	0.0	0.0	0.0	52.4668900186425	77.86220017666643	0.0	19.497973247182614	0.0	0.0	0.0	0.0	0.0	0.0	8.999641639665764	0.0	0.0	47.97882212988156	0.0	0.0	38.50645831188883	0.0	0.0	0.0	0.0	0.0	0.0	0.0	0.0	0.0	0.0	0.0	0.0	0.0	0.0	0.0	0.0	0.0	0.0	0.0	0.0	43.65104101710085	0.0	0.0	0.0	0.0	0.0	2.9999224645120073
PWY66-399	105543.6667000336	11753.507196118298	16900.608852844918	63375.55503049659	25082.25015077865	28265.97853459597	221860.08126779823	37531.39255267119	8031.3555222643345	33269.18392334201	2593.0732319870713	120653.10264793827	151650.6161084799	65200.68677602719	301964.44746486424	30349.837083251903	9049.621531953295	1457.8386401009393	26236.083415067118	16129.462079801868	3315.0461974164464	61412.8670904656	8852.685630517677	197481.35572821656	151642.8844719293	260744.2589382195	221398.9197972304	182793.23167752952	255550.80032599292	13421.485708810633	0.0	6691.525306702759	108174.59285912992	209990.27399900294	110361.04729149195	9289.847944906262	197423.3542385615	142400.4955091498	262648.8983237559	228184.76454122088	11929.369878517742	1452.7317379282028	50996.52717970355	776.9429219930796	43883.491380207364	2300.3880291963073	55099.41767331825	22530.917236096368	142757.655465882	23031.035732163426	48836.947026003756	315611.333040508	1813.1680608248741	2066.863327488443	15336.137442931285	403.273503037669	52388.2654462435	356.36693588175336	67062.64200151013	869.3004062637598	13193.601789682467	6721.085638960564	3083.9704424331517	307.5217607828496	79636.92170365978	120948.94834841252	1127.6801358264906
PWY66-409	80077.44435869841	3194.6380296721613	8803.990179230157	271.83964324208864	3794.059304061737	4325.953204375446	67248.17967837169	47360.830945756155	1397.2495963897338	23457.33193076173	403.10550723461756	68531.07737394894	54287.281006818805	29058.11503035484	203662.0695118381	32642.766641102044	10293.250734570496	415.9001821914991	28357.343869391076	14320.378290404105	2806.9382930234565	30934.68515973784	7770.166934417064	112350.73210473651	74526.08402684827	189956.85508416768	209083.87455784532	185392.3817159352	276825.0036455311	18963.09541733767	1249.8015575537288	8664.944066040824	41197.673303083466	76275.20851975682	106494.13112368344	4243.2712165073435	72030.32795640158	36146.614112251256	190622.6119882988	205218.94684746733	11795.981058212388	704.7041900833448	24978.417619333137	16068.38443281504	52494.542833598054	1109.4040374550004	29291.568478683137	16153.965125163671	149304.84017949735	1301.1634341665365	6149.679808282167	83045.58710606654	1819.1363103504334	1790.7841159474008	11511.910107909109	127.42122545345758	13511.921327277054	519.684257992044	9897.784998814857	1359.7037257015525	21528.9979361283	8683.509332299058	222.11912935661502	161.37337648638626	72152.88738991637	115667.02581491442	263.2473073766668
PWY6666-2	2367.7466285455525	47.47296777828909	247.51249023785434	14.0	107.97338862670732	242.71394333536534	1407.3609366035787	1308.2301976981137	242.74276833520017	400.6257901362492	5.0	858.3451139152119	572.4100034252604	1179.0	5632.858435323642	156.20630868716916	695.132455247334	0.0	305.2085682533494	0.0	29.960189576184625	181.15502224306823	59.863490461409256	1253.519089232097	540.1183452052435	339.0	889.1494401025077	17916.154082285968	6426.506352635631	1262.5594987972454	0.0	0.0	508.70590678893495	2523.9148598430365	4504.637399017146	525.2322922533024	367.0380050349635	0.0	304.17510143459293	4437.918385543555	143.76925153067938	0.0	1618.2189302872505	304.2576542252225	490.7511898059123	162.875787282704	1128.4740933355336	70.16178333497218	14669.31583953337	41.990999561462374	281.4852546673503	135.0	262.76275695519666	54.489044899226286	689.9660882776624	0.0	122.64572244787789	0.0	372.97190425339403	4.497145916761301	162.75861457886825	17.949550570129343	0.0	23.93878909877688	23.99010847632603	97.0	55.57
PYRIDNUCSAL-PWY	294189.6082128198	91198.03986107954	52176.017861760345	88094.39038254482	27281.201033059864	22042.75754711478	144508.1741622901	66377.9519234701	114824.64022816908	146540.79211224092	93423.21514802892	119425.85955487199	120200.74019364624	48386.1142677853	215625.35349666502	46900.91049857861	102468.91416637602	75684.69026048976	69811.16709015956	25914.036471591426	80608.1032495872	78752.60796683001	101770.24034066155	129674.8866060144	127713.92644454642	180592.36275472314	152368.70361597725	119213.36904523666	173456.65932573407	195670.6178217251	5049.028938477586	7459.817894022449	113584.98141995979	226235.16990686662	79179.49075946708	67219.8410673911	114204.59072454668	206728.53153426436	192908.47199821865	142809.09584702348	34882.89576411568	96844.91301435257	88786.82406965975	21036.71024913033	86621.97248665846	28592.045420405277	66346.98534169715	67431.79771857064	126958.78578243054	98937.37163344474	133034.4392479829	222232.31570710367	138238.7680174166	83223.90739293037	46523.63855815872	110118.54542573594	86090.37732855222	84670.60465820931	167912.3059474499	110090.99653520832	45296.83090119833	93542.55550062915	41674.92027544352	103792.5081545766	145665.55765906422	109866.09938092035	116617.70993382866
PYRIDNUCSYN-PWY	326107.8284661352	28707.43939343638	85086.43762674951	308829.05650654814	296452.74427161436	161969.24431982316	229877.93811213836	93334.01252847543	171139.5521881773	109194.39242700269	80577.99277027372	166940.80791649572	297999.3639949497	163202.4911127256	349630.28262804577	120990.1938926514	48442.6616873792	93421.65022211852	142393.4692566789	30854.97179946835	78026.61867566546	98491.4474974117	63703.52191870726	217264.8233411105	222303.30706194544	303567.2728743574	258901.50102931107	225426.4944641587	265680.7547095804	28738.941396700808	4846.829991746672	8465.588077585966	184608.65393223538	251913.9083143378	125654.4637018854	80258.30903982466	216065.86442912428	297250.5971954521	271251.7604459432	209567.02802877416	95137.11491416919	77186.58366526353	135550.7049573047	51207.51364639868	83115.37665602114	24667.868288454898	73671.92831979341	57470.82015116081	150419.2676841272	108621.72688424823	116344.28524110196	350591.4702934775	40082.70342965257	63972.763498768385	75053.47584465687	50514.898916280494	151938.59904150042	37049.2216651822	149436.34131812537	80998.75320685489	130423.10997099114	58382.02629306376	108856.07423914374	49686.17987571779	127400.2145152222	126428.77872181487	96549.7895794989
PYRIDOXSYN-PWY	182827.42469045563	707.2355053430067	32811.06043925709	39267.53842650866	100779.45844526803	43944.914773603654	81166.22159993509	11443.396246593284	79458.2965739968	23322.460629882255	12528.158116573226	41696.36890119534	149169.75109133575	337.60768326377746	134814.09291276205	1341.1892512697052	495.58550356087005	98.87788487176783	2198.2461263406003	7279.922712162752	18148.668664747438	28229.070570979748	30314.185999061887	52248.39514168349	31604.013016781497	124838.29050526106	103403.84831861105	7850.029215902527	77103.3503059612	2425.8505798078218	2619.0096424163225	4503.296731767365	63578.02315926454	155287.49055811545	24290.775364194724	176.72040066109702	68144.81580491971	154845.9748101577	98703.91299784216	10007.064750537573	814.9678604164225	77.94294061114572	2380.620259647624	1513.6705837545164	3174.569466900282	295.2320579350758	15467.930692786093	2906.0529816053577	48957.19448650732	70075.54867331276	33749.75862613188	169377.2936941373	748.4440377119522	718.0400597513924	25390.761388070932	82.81768649934723	23878.806961234757	8.089129356166355	62714.99159875796	47.84552653468193	365.97964496810306	1180.5463587866855	137.93740412268326	1795.7731207301927	50654.27818131145	109808.06445768054	46336.44801854032
REDCITCYC	331879.1837427665	10227.109611073945	72776.69057598055	356104.2846372737	329457.44399622385	156543.57700255347	173111.24355051722	30037.369859895505	61196.96748250274	41435.86710661534	2871.70230884481	111605.87123383845	112864.84715073541	24744.523685183958	309568.3678793676	19567.409747242473	6377.937671580585	5134.855993892851	23220.052992039415	10555.606893507575	19202.252220966187	58570.380228512324	91243.3748706746	172793.16935397545	121959.31371215978	202319.25395202148	134394.84130513415	112096.58246926038	109195.80509507546	5589.719874403295	1360.8873433023705	3865.845134967863	127892.18502865473	129382.75794055639	106495.00942673729	7735.795959896891	190194.20413649504	344352.66732148646	292686.4297531103	173648.45884780958	10837.439378501287	1036.059566985	24910.094350268973	2309.0137624893086	33287.77384333521	2317.694524494163	55654.01568677568	12645.356603240773	174471.24011993952	113847.42774042595	48242.809527546044	63037.759561423365	1750.9072157551318	2254.5820398549945	45490.95211777782	621.5649106309738	59599.5997284018	279.6749631042499	60190.823295019036	485.2099169915085	5926.7924173175315	21814.818185155684	20877.89118286686	782.1393155795779	87989.64278308093	115443.25051010268	32932.37448062684
RHAMCAT-PWY	24593.748405106417	9781.456275844293	21729.917197659535	15601.030766282605	10265.936771284069	123896.67259304268	60122.03377831965	16450.402194362974	20145.67663622703	14419.830982918267	446.52484874945156	28682.151826602243	20314.741198961157	29071.31410576844	77798.7599134305	5429.237700526214	1948.0754203074464	311.5220554646938	5942.902181486494	2105.0286903557003	2227.492673495932	18820.683920738316	3266.304346286791	57227.47612179026	40097.39570742392	63061.09477807433	123176.73034208894	33645.78428385311	57635.08506429622	1551.2182769305266	432.42999999999995	1982.974944255731	41709.68789692086	25785.809663739146	42552.962297677135	3202.4359108674084	66929.37052298976	80054.10820987263	41439.855627057725	74353.73687164151	2066.952849430621	526.6255826173953	5680.45865595409	55.46880205462442	10451.615148322415	890.2231887780628	24016.413425470942	1861.5473995446018	47802.45562277023	6492.202341606188	10377.529743317828	112535.91504979639	424.59718634523125	512.6742478691604	22589.002721562494	151.39240506329114	9804.810424800226	59.921888141514614	13710.968959220581	132.11075179709798	2228.0837147627462	700.8453792523715	217.1333050837934	38.114899569068534	4338.35871944006	23198.908328915855	5958.600070944628
RIBOSYN2-PWY	327340.444736195	161242.04102281068	103337.58282506271	330695.3946807102	302403.4507908673	170274.39166631107	222969.54078335772	133218.22500474332	182950.4584270767	237503.20507573528	154735.84882273094	165861.84467371242	302986.09545754595	153670.08085540327	380824.1403676909	128080.67829184924	255125.48179351963	205277.02298960925	321002.8244871575	37341.02839843119	112464.3109462379	114428.06281819893	137109.0157453278	210349.124280357	208716.30596458598	271680.9420236731	234919.32048486904	177522.32817268616	255943.41493614117	276524.3257066292	6922.092705316423	11083.080193254107	187249.78063875818	280468.639220964	130481.31329226632	100457.6861143733	204259.92521650586	305331.65000375075	292646.81425422744	200202.05862264684	110982.21719948472	168397.9815978877	155235.4406690369	62644.869110182444	184673.67124131354	30664.675497585868	75694.41057744833	142472.97267672472	164820.49840949796	198246.0698158302	149831.7220170975	361435.27383185964	171386.6003536506	108419.84929163351	85746.1886416752	129184.17234032626	157410.63186847803	265915.81017664674	189385.04320329637	112581.63049407744	47323.716042542605	158742.091689162	122726.4350466657	158553.73224462537	184555.65296076072	176267.7628481108	136742.86302349545
RUMP-PWY	40460.16267675763	69497.39505291135	203020.75242587287	68523.64382186245	116014.03047636815	219009.0965149854	204719.64913502726	314433.1404605617	151941.14934707023	92449.2104982236	77589.9122093588	66184.84959588814	217644.29501624135	18139.758999882975	214099.44556441635	13128.86353469078	15235.413886422288	50368.78117595588	20311.31233058441	116978.98965327756	64255.47626867267	240731.79173360468	25862.88317350432	170159.69183451514	138560.67694676027	173344.16300621032	138926.11516205434	26951.78956622214	29540.46897329893	18357.40406193442	1100.7941961641895	2611.8118827578014	48529.43619714585	52950.41157757665	61260.704923846046	17344.84088676134	180707.33477940285	117430.84264151711	92738.13420010547	89791.98789843783	153246.79414567005	12497.627805133357	37164.80127622571	1954.2016906568613	16093.141800145591	3488.821337429225	44759.75085960483	26587.82438615066	78649.5536731571	127077.68050866746	1879.7138098981864	145630.20542993027	1043.6243551156101	2170.6165915599613	60912.073443536894	2739.2898276058304	25839.06459490212	1027.6451832475093	3453.284109528031	374.3942362708672	2846.937343949688	1779.8417952306947	3817.4053515153737	106.53432490793293	10745.208532032972	69719.0309167932	115664.26124740919
SALVADEHYPOX-PWY	494872.12783056934	25021.775123505427	85080.71596059894	193879.70536888466	354330.0723377248	217282.06787953613	288927.83633280377	173408.4515133458	297904.531692318	91018.24851550498	75102.42457746215	155767.40503352453	529295.9358521351	53796.81611505317	609650.992798388	27398.56607883669	6780.667481179364	1247.3692831579356	22604.417323364236	45517.80916569254	62904.527357033905	157696.22190740897	122623.85433051553	312321.28952412773	215962.23456410374	550594.0124061966	459242.42877261195	172654.19578539027	363673.8488387408	25276.954380290408	2967.2516041070908	14646.186059926198	207166.2027720421	390049.3893110397	166020.54185675274	36000.659012901124	272223.35893497535	386252.8318328976	289761.4670627659	281160.1477885535	10552.461976777591	3465.6701936118384	35327.080800870455	35080.852322293984	34251.545961430624	1883.7945498029808	96075.984607594	29048.521194922447	147178.7526253551	353306.1410043025	155277.85054193926	635118.7617014658	11580.823481994144	4444.528777804212	53188.36239752514	4962.908958199954	101060.4665661708	1028.5232620708914	242487.97855874375	41571.76593566384	65432.18627727888	24899.058470240554	175973.228899483	10850.535560629836	100861.00214871441	151660.47619697815	106191.29763210632
SER-GLYSYN-PWY	503856.86185715423	114830.35800242788	180151.44089793155	359443.32417831407	321598.55225240625	226601.29806646745	316103.77420250495	324310.6009884332	262040.3346115255	262557.3583609546	190327.3162097818	241499.03393127583	386565.70272691734	227169.50304132802	467118.8504259733	157520.2309176995	127585.50018510847	209572.05911129172	212209.1119109473	78322.94202605655	160437.33553685818	228402.85098107977	167690.1345964356	289470.393161884	308108.63806434703	375675.3888577327	348270.05664407753	322369.5667821784	364522.6180556277	222168.5284663347	6382.699139435046	11896.152973867107	277657.175309969	380448.68839797244	191932.8690939695	107594.46895343065	275179.9605919126	410108.6272908835	396271.4434837128	291551.5780671015	221783.00942090398	165548.73288661812	209013.46957455156	63625.17335186122	133919.8740981223	32747.262308785914	141592.9068739897	111414.28748541504	244020.68899601264	287772.0761864917	165774.15133574608	502323.8526500451	141086.79467275846	97392.60690344653	116115.53820634093	116066.49361000521	198377.27394936752	80114.19427746472	204379.81817939962	153857.74100681732	71304.59975918694	107652.02054105424	93243.54037045181	103759.2750079865	196871.26568072566	205076.83300356398	191098.2416643174
SO4ASSIM-PWY	390835.4558595869	5323.392035317352	48440.075043642384	43282.866527132945	92379.77689390667	43829.622472866686	145906.51444577123	15566.772821235574	78225.67364017143	26800.4555020566	11820.195368265022	70510.18848900203	161746.4129829062	32080.715683218357	186325.941065576	6853.898819052944	2987.5300107598705	548.3506989198197	6716.186510201319	8114.829855530881	21503.099165196636	34578.42008352728	66278.28269735345	80288.54098318916	54022.15026185602	149075.40015232557	114472.43583418589	102865.76347162666	260137.11118255596	6275.268954994198	11993.664555840589	11729.690050879837	101410.89407665447	263614.3561847682	79132.24152172261	2099.407587220829	97390.00979639718	242012.29609268546	166283.69313669868	159211.50972569108	3528.0031560788098	314.838822252737	11978.298082975447	6033.976321046037	22923.73625479044	611.5565271983693	25818.459992049273	6842.782010236346	165958.07516861014	234962.85960856726	41158.21095098848	370394.06763013185	973.9290823767005	1321.7348216152704	31307.224821025808	125.17196752813837	30800.767218805882	168.04127484914676	68826.93871438185	317.56342864369935	6333.8473603458315	6181.08941489228	7605.4326182934	1623.8157841112563	54565.34477640796	131498.11389652122	55786.39123414838
SPHINGOLIPID-SYN-PWY	0.0	0.0	0.0	0.0	0.0	0.0	0.0	0.0	0.0	0.0	0.0	7.1547159013064725	0.0	0.0	5.94622578335907	0.0	0.0	0.0	0.0	0.0	0.0	0.0	0.0	0.0	0.0	0.0	0.0	0.0	0.0	0.0	0.0	0.0	0.0	0.0	0.0	0.0	0.0	0.0	52.990638040192636	40.89306283223553	0.0	0.0	0.0	0.0	0.0	0.0	0.0	0.0	0.0	0.0	0.0	0.0	0.0	0.0	0.0	0.0	0.0	0.0	0.0	0.0	0.0	0.0	0.0	0.0	0.0	0.0	0.0
SUCSYN-PWY	79.70722896229752	0.0	159.30186304200814	0.0	0.0	35.56291962030567	285.460508864266	64.52482906414127	0.0	0.0	0.0	52.064036517939144	32.458554888049235	44.82110335433176	2059.6831648440093	32.425204481618394	0.0	0.0	30.97230133627618	44.46300017877221	0.0	13.553211698763416	17.996798091181997	897.8323033374335	436.6406878668455	670.3295601694547	1552.3259255855448	331.0179914978219	370.60651399985977	0.0	0.0	0.0	434.2054209092629	743.3476566768894	0.0	5.626349907206071	184.55839775466035	0.0	2305.21526509802	1081.3085472964813	0.0	0.0	0.0	0.0	0.0	0.0	0.0	0.0	2893.8563747912167	0.0	223.34173631085503	2505.9124449620126	0.0	0.0	0.0	0.0	16.00380488492258	0.0	10.292540072041117	0.0	0.0	191.729356195124	0.0	0.0	120.81224025741152	639.4896111323158	0.0
SULFATE-CYS-PWY	379896.70121400914	11153.671639880544	75139.45299529065	78086.79459702864	147922.50151564073	79438.0494868419	209688.33194190197	32480.860298842712	128615.65274893458	50592.90261183721	24132.769336026344	105297.97542056807	232852.200243206	61765.80362678311	274414.2324925105	14685.77835428645	6233.134702769433	1229.2838781764995	14535.88129986001	16310.689859590333	36391.44956596461	65728.61944941441	89921.43556661745	131171.8667231773	94436.94373810427	214792.6733623832	170472.5786267277	158198.21114515176	281575.70840316295	12518.05567871004	9155.606501279704	12418.04279093697	139437.69267010884	298612.36777808116	108646.04477661966	4265.700477386312	149904.74736330414	297282.1001080868	235894.93026207402	199516.05673336276	7790.284947820584	705.9483450951006	24553.402012955652	7632.723558480398	35225.79253610378	1300.235665756061	46809.977722970194	13823.072388242044	173721.15287865166	246864.5574192521	62808.2950498664	386227.85717079276	1945.1612590746113	2741.953687913071	47461.645011336164	268.18735274046446	51873.92798449946	366.00755251316536	100176.21881753292	704.2917135598695	10781.882516485133	10861.732000032403	12672.968613190564	2912.4950105183534	81603.71015747718	168163.6131780877	81258.39246741089
THISYNARA-PWY	317236.2773470942	274363.4054226853	252842.30466415393	446371.98825935466	380070.9058220091	397884.8812721813	266236.79265032837	397331.99907385715	281080.22356178175	344480.2021901211	229535.43164773475	178172.6766092247	357869.6230133795	250342.3645110943	388498.743127622	196055.14693070375	331395.9336937593	323626.2978464509	443780.27488851675	147960.75331479442	180032.09802498607	300102.76840497815	190986.70907678868	253851.65775401794	282569.24656791857	283275.9620144313	287068.6343273965	254017.17866255596	169430.24740017529	423279.0350243392	812.0943035245882	7799.630617510139	205135.09478465514	236198.1625287837	147595.4077058103	158200.86765372264	264068.21270043595	266334.59570483264	300279.70547205885	132852.44858448074	269222.65522239613	242383.35268351785	198775.2062570105	82058.86246251955	234617.87743850914	53040.19724536175	121850.6012508014	176531.13174365018	167979.0689549694	189566.8464467757	187020.08482731335	293697.0259747717	265665.65235646244	146149.05824892095	116061.71764883441	195206.77165595387	184548.0998113212	333861.4135763436	220397.96511646887	202935.988673254	156003.1377814847	206505.00533814845	157947.90581391784	217218.77310368395	215581.02562201527	160836.6697010294	216747.97954020454
THRESYN-PWY	408369.2726771617	182079.7855646464	261863.2733507677	399336.48108392523	397718.548529832	301977.16849869874	356634.1498502073	371960.65405770304	317109.9105347121	238282.5306570218	167717.10983947394	233562.88431794487	459198.47274694016	313288.5411174697	490584.9975957982	149395.12148334438	113358.67584978716	177821.46155141867	186812.4671165191	138583.2780296818	174952.4869873016	307831.2205628012	180385.46710701718	311614.6771736565	313994.75161874725	398785.7621042739	334011.94328217016	297734.0635269259	350168.29391357146	214806.4550103571	10095.508555073413	13754.92378486736	243412.53823060932	346433.64619445306	175722.2331384321	125829.96006252513	319019.05799316685	405483.5170804992	366130.10459684546	276348.9788059235	233535.61660310312	139255.2330951766	205294.74756635548	85564.87011322132	114215.31485266077	37828.06313096441	145365.3217710361	100730.0082436862	224208.4200455994	256539.52357553178	178348.45791790262	437091.05121217034	147991.0170442398	106138.98383559324	110819.28193950004	124674.22731077168	222855.8301759244	80505.95426677843	218458.59283573763	187295.34942551225	176383.88059164063	106798.38607089172	158650.8517185761	107913.23477147533	193361.681619623	218532.2830454073	247546.25869214666
TOLUENE-DEG-3-OH-PWY	1232.1870954927476	0.0	113.1518147350233	0.0	0.0	167.0161190993438	601.1593617171615	0.0	0.0	66.50865028264596	0.0	1314.1808505477727	977.4688504456166	0.0	3343.9428429346776	26.626984509791367	67.53081853009829	0.0	46.57286966929064	0.0	64.78316550037687	315.4405639278813	53.069579243163034	624.7267032696235	68.84362242070243	89.34852107265037	18.829641794342002	3407.42758707901	5147.6929233160035	0.0	0.0	0.0	110.25402050859559	1370.7660149171238	0.0	0.0	332.49505424179114	0.0	906.1605400615673	2654.133242084531	46.01840113276209	0.0	232.54201696852994	0.0	0.0	0.0	0.0	0.0	5424.87437740488	0.0	6.104321897180359	217.1110540568508	69.47924380107521	0.0	776.2364246401308	0.0	139.05425874226933	0.0	14.665892022242108	13.372066000464793	61.05564226343779	0.0	0.0	0.0	38.629891391904124	39.96273008338328	0.0
TRIGLSYN-PWY	59.88152630478853	0.0	0.0	0.0	0.0	0.0	59.90871368812409	0.0	0.0	0.0	0.0	95.36741153398302	53.78643461039402	16.359212753923146	612.8401062652117	0.0	0.0	0.0	0.0	0.0	0.0	0.0	0.0	0.0	0.0	0.0	77.83522124778139	1001.9811164161521	1087.6257927511776	0.0	0.0	0.0	319.2117201908748	123.86127571094599	0.0	0.0	0.0	0.0	89.84081305179423	414.152264967753	41.12602415416584	0.0	0.0	0.0	0.0	0.0	0.0	0.0	123.29160150193078	0.0	0.0	0.0	0.0	0.0	41.918540546424055	0.0	0.0	0.0	0.0	0.0	0.0	0.0	0.0	0.0	0.0	0.0	132.53574228085893
TRNA-CHARGING-PWY	333735.75837271643	270830.63237715734	210273.64837397257	342598.45419623563	314860.477376091	242747.3696813485	304706.6424770484	306520.2266895121	275103.3630440821	324434.02132097667	211103.16772386857	200138.1636977348	409440.3206592691	285467.25979542016	430479.33890729485	142923.69625697873	313926.7142481557	258083.88034036238	362807.84916523634	122895.77213809003	175915.8700529665	263407.6819006484	182219.43256468212	284422.3931593421	296573.6996948196	297332.5563186383	334329.45640378515	281503.0060331385	239823.62878847314	410309.6918888576	5777.527538403447	10765.92996565995	220578.44791713054	298672.50161923177	161234.075549122	150371.96656265677	288347.6231274855	316685.78473265993	322421.21913409466	182535.00833440415	197850.53052814215	213317.1684800527	193399.74613200646	109819.13913504794	227632.06245571864	52982.53991131112	140317.23210546514	172132.25026623264	184557.39302953624	180261.6752077592	204760.72302109312	324652.294638515	259031.9101400443	144697.68559840953	115688.53843766567	191501.96801166452	183716.54248857038	315297.24112015957	249845.09223524368	202116.44043010444	164515.418514177	197637.64128327448	151481.10375575224	210891.81783434513	229140.30477694186	189391.4967899059	219615.97754895105
TRPSYN-PWY	0.0	0.0	0.0	0.0	0.0	0.0	0.0	0.0	0.0	0.0	0.0	0.0	0.0	0.0	32.99801041174118	0.0	0.0	0.0	0.0	0.0	0.0	0.0	0.0	35.99571794697548	20.99765072227782	44.99574488479811	17.99918327817275	0.0	0.0	0.0	0.0	0.0	0.0	0.0	0.0	0.0	0.0	0.0	0.0	0.0	0.0	0.0	0.0	0.0	0.0	0.0	0.0	0.0	0.0	0.0	0.0	0.0	0.0	0.0	0.0	0.0	0.0	0.0	0.0	0.0	0.0	0.0	0.0	0.0	0.0	0.0	0.0
TYRFUMCAT-PWY	170012.45037933107	307.9340616226596	11961.224645792992	449.58485260600577	1445.0796200264674	1012.6006254145437	14952.443192747993	2697.259217329175	484.6118991250466	7687.314595781233	603.7054358905575	24423.562815343354	17069.77686567954	496.9782983464824	47501.81496514282	1374.5879868821398	1055.966058256897	27.995282738059807	998.0362625467175	1374.289622512406	538.4742326358686	3566.2939014590247	1685.3136406591966	27989.283168452122	15857.235224305	59853.646662567066	58606.85356406597	19557.040617108738	76907.54648844377	1786.7042012501481	4494.200356138644	4816.389601192293	37036.09051663651	96096.25802382395	17406.35047931193	179.81355545308244	36491.83114948733	72958.01940674565	18972.128029409756	27411.931640157545	538.4376662108726	58.2548651932383	855.6369672692615	2361.5260808140893	1653.354109447771	248.23457169174088	9318.806377010327	2565.5642567884142	24880.19275260537	62590.82068881691	6211.793511155785	89604.3082454932	345.6656641746301	390.5046964174844	3403.0011606756707	35.763273483856054	8691.46824645272	32.742032471437156	4616.458907544216	51.04345466438339	2468.172828418532	602.4006172290024	32.43189266023307	41.77140454794837	11357.87936925537	60692.97012915623	98.96493582009667
UDPNAGSYN-PWY	348742.5000598535	321516.36981380655	247543.35779401645	369376.66925013345	363790.25376619806	361249.4821652358	308393.3004483885	368870.42568607104	305668.4481067946	315633.4046277474	209751.62840940166	206679.06801202544	415104.29736920074	255091.46011831827	481029.8871077194	139520.48575570137	307394.3960675476	259669.79544268476	361955.88458799274	142980.76512290945	166333.48971791094	291187.54231299716	177025.68611187374	294898.38337989774	296476.7802327963	338587.7996642686	362001.1488211534	300385.36317034403	297633.9411982213	399097.0894331044	7124.314025453118	12197.75012852332	232178.49412639294	323641.0533675039	167854.23692443673	137885.65414857183	267422.51248672267	317601.9470673046	334621.83691618923	236761.0348516571	222261.00416488096	207403.33916480612	194946.24307986477	120267.13648818093	223890.48387599297	51321.91894596599	138671.42925226313	168648.17160591276	192005.76583639352	208806.72659964307	194444.40107432776	346276.34866266063	249069.63217970956	135922.51965706603	119684.4947686251	181726.2000126369	197762.29817322877	309933.9435432644	237649.82195072173	199846.98930211668	153817.26293464922	190110.32495299628	150860.0426839436	202551.7473415197	207345.74296078325	151740.44287708696	214755.43043824332
URDEGR-PWY	46030.67733306421	2397.9265065617283	28313.414836117438	18110.016422562596	61995.63619005985	36732.32167571837	81165.55865723071	8870.686329603159	23090.495263012443	8377.1321667816	2532.462592003579	39245.6477441389	69157.8355066019	5002.766701865278	123584.97135217555	5026.07345814455	1856.36447656717	399.1356952638801	5099.739198224919	16932.688330028384	17950.84920734439	32269.6088020877	9638.166095432953	89099.47806172032	62529.63298502774	137934.45571819943	96410.17552542947	27760.86713453587	35896.3829200108	1883.0312612551368	0.0	1077.7864710913864	39426.99781122275	60244.640110496075	24349.01989591497	2801.1129346241255	84086.89145356475	37621.47406899809	81282.24324769143	82869.27348861888	2149.673009912461	204.7975304493064	7229.174682909237	697.1730021383255	2194.1749205904357	107.98145347260358	11085.935804469873	2578.3042983373507	30565.451828827034	31655.670860583825	12801.66585453399	168456.0914797371	688.4730157595168	414.4788063046664	6573.245052399112	200.35023808423094	14039.071822369986	79.26368587267909	20751.729862060525	460.18269663072476	3217.117674629676	4540.245109326512	1451.6311846578724	619.3334881439134	9123.942598133413	17087.68202752751	66879.02180136487
URSIN-PWY	66925.93063381332	1687.7447376825169	10986.178691090468	77859.18245726584	155710.11287118462	80593.77533039499	178716.2871220208	12469.609313465526	111538.39338891098	22835.93187467706	20762.62950830844	75683.60532187106	242197.98312769592	15039.571007839499	288051.24499035603	11259.212650964595	3625.959323211284	264.2756471474931	10747.697798837782	5950.03377998729	1040.0334013271035	22601.350883313302	8822.137730535986	180481.60829159507	111674.4336196599	352164.6771190024	271988.97169579763	92658.44332487883	182363.58846462937	4133.895612966975	3039.546094606533	5421.235085863816	96494.27515082833	205625.25417189056	58891.87604014728	4930.9443314929185	165591.5850507478	85973.09583506962	185517.0664229796	169354.99065103053	3982.3347772056895	559.9214538406314	7437.903152116274	4700.372885358701	20227.59588136279	600.1503258529107	29558.69941643264	4225.089094438035	79541.72545920567	34817.14364396473	69351.14851819722	347327.2843215943	1277.2302479665987	1192.082769817797	5705.343726960065	122.49100811207958	30444.0303538381	275.0482097037082	116759.9165841215	721.0066551064707	6470.922804436023	2828.275476096235	318.97727232609157	3087.8244885633317	31860.09432268503	56510.50201128444	1168.5438405602026
VALSYN-PWY	416484.67278564855	119936.08805935904	120361.24131108997	365249.4995742305	372469.3670508268	220901.46546782975	304262.3239185905	215588.63226785875	238037.44335393692	147134.59873616757	85185.99419993052	207763.40732377156	331847.5474448534	241232.3300989141	454124.1929395014	170067.29965852256	70313.20359191445	121122.46747250293	159910.43062605298	47427.671650144446	114384.26279363087	169029.899008995	142523.38856374	291169.21705945395	269937.01838084357	389595.2467866154	304805.8229050178	307122.8047496787	438101.07209197024	155394.3822640369	8489.040149489694	15404.882904336397	198235.92115038563	337368.2060975311	186628.35263531262	114205.1876829389	293611.74152169237	383198.08741943975	378876.86541541864	323357.77481884643	128300.10727842664	108538.96833938875	178219.59517186336	56413.69021217995	80305.76788958552	28064.061258324225	147562.07932784647	73382.62381088777	262144.9955306113	243583.0931871519	160030.49329164604	465240.40124236385	111435.38301108747	82936.88597348447	100752.34235254223	96483.174429637	178159.2990031337	50220.52318111897	197355.41439755895	154118.8999339508	159918.71522888335	78099.88337227731	155368.2036917479	77976.64572388964	159477.9172710201	205701.1562153369	161854.44610662616
